usage_start_time,usage_end_time,usage_quantity,sku,workspace_id,identity_metadata
2026-02-13T17:00:00,2026-02-13T18:00:00,0.2116,ALL_PURPOSE,123456789,"{""run_as"": {""email"": ""user00@example.com""}, ""actor_type"": ""user""}"
2026-02-13T18:00:00,2026-02-13T19:00:00,0.0,ALL_PURPOSE,123456789,"{""run_as"": {""email"": ""user00@example.com""}, ""actor_type"": ""user""}"
2026-02-13T19:00:00,2026-02-13T20:00:00,0.2883,ALL_PURPOSE,123456789,"{""run_as"": {""email"": ""user00@example.com""}, ""actor_type"": ""user""}"
2026-02-13T20:00:00,2026-02-13T21:00:00,0.2148,ALL_PURPOSE,123456789,"{""run_as"": {""email"": ""user00@example.com""}, ""actor_type"": ""user""}"
2026-02-13T21:00:00,2026-02-13T22:00:00,0.0,ALL_PURPOSE,123456789,"{""run_as"": {""email"": ""user00@example.com""}, ""actor_type"": ""user""}"
2026-02-13T22:00:00,2026-02-13T23:00:00,0.1739,ALL_PURPOSE,123456789,"{""run_as"": {""email"": ""user00@example.com""}, ""actor_type"": ""user""}"
2026-02-13T23:00:00,2026-02-14T00:00:00,0.8008,ALL_PURPOSE,123456789,"{""run_as"": {""email"": ""user00@example.com""}, ""actor_type"": ""user""}"
2026-02-14T00:00:00,2026-02-14T01:00:00,0.3651,ALL_PURPOSE,123456789,"{""run_as"": {""email"": ""user00@example.com""}, ""actor_type"": ""user""}"
2026-02-14T01:00:00,2026-02-14T02:00:00,0.2556,ALL_PURPOSE,123456789,"{""run_as"": {""email"": ""user00@example.com""}, ""actor_type"": ""user""}"
2026-02-14T02:00:00,2026-02-14T03:00:00,0.305,ALL_PURPOSE,123456789,"{""run_as"": {""email"": ""user00@example.com""}, ""actor_type"": ""user""}"
2026-02-14T03:00:00,2026-02-14T04:00:00,0.0,ALL_PURPOSE,123456789,"{""run_as"": {""email"": ""user00@example.com""}, ""actor_type"": ""user""}"
2026-02-14T04:00:00,2026-02-14T05:00:00,0.3716,ALL_PURPOSE,123456789,"{""run_as"": {""email"": ""user00@example.com""}, ""actor_type"": ""user""}"
2026-02-14T05:00:00,2026-02-14T06:00:00,0.8376,ALL_PURPOSE,123456789,"{""run_as"": {""email"": ""user00@example.com""}, ""actor_type"": ""user""}"
2026-02-14T06:00:00,2026-02-14T07:00:00,0.0343,ALL_PURPOSE,123456789,"{""run_as"": {""email"": ""user00@example.com""}, ""actor_type"": ""user""}"
2026-02-14T07:00:00,2026-02-14T08:00:00,0.0277,ALL_PURPOSE,123456789,"{""run_as"": {""email"": ""user00@example.com""}, ""actor_type"": ""user""}"
2026-02-14T08:00:00,2026-02-14T09:00:00,0.0,ALL_PURPOSE,123456789,"{""run_as"": {""email"": ""user00@example.com""}, ""actor_type"": ""user""}"
2026-02-14T09:00:00,2026-02-14T10:00:00,0.1901,ALL_PURPOSE,123456789,"{""run_as"": {""email"": ""user00@example.com""}, ""actor_type"": ""user""}"
2026-02-14T10:00:00,2026-02-14T11:00:00,0.106,ALL_PURPOSE,123456789,"{""run_as"": {""email"": ""user00@example.com""}, ""actor_type"": ""user""}"
2026-02-14T11:00:00,2026-02-14T12:00:00,0.1693,ALL_PURPOSE,123456789,"{""run_as"": {""email"": ""user00@example.com""}, ""actor_type"": ""user""}"
2026-02-14T12:00:00,2026-02-14T13:00:00,0.2157,ALL_PURPOSE,123456789,"{""run_as"": {""email"": ""user00@example.com""}, ""actor_type"": ""user""}"
2026-02-14T13:00:00,2026-02-14T14:00:00,0.0805,ALL_PURPOSE,123456789,"{""run_as"": {""email"": ""user00@example.com""}, ""actor_type"": ""user""}"
2026-02-14T14:00:00,2026-02-14T15:00:00,0.3981,ALL_PURPOSE,123456789,"{""run_as"": {""email"": ""user00@example.com""}, ""actor_type"": ""user""}"
2026-02-14T15:00:00,2026-02-14T16:00:00,0.1752,ALL_PURPOSE,123456789,"{""run_as"": {""email"": ""user00@example.com""}, ""actor_type"": ""user""}"
2026-02-14T16:00:00,2026-02-14T17:00:00,0.0484,ALL_PURPOSE,123456789,"{""run_as"": {""email"": ""user00@example.com""}, ""actor_type"": ""user""}"
2026-02-14T17:00:00,2026-02-14T18:00:00,0.1352,ALL_PURPOSE,123456789,"{""run_as"": {""email"": ""user00@example.com""}, ""actor_type"": ""user""}"
2026-02-14T18:00:00,2026-02-14T19:00:00,0.092,ALL_PURPOSE,123456789,"{""run_as"": {""email"": ""user00@example.com""}, ""actor_type"": ""user""}"
2026-02-14T19:00:00,2026-02-14T20:00:00,0.0284,ALL_PURPOSE,123456789,"{""run_as"": {""email"": ""user00@example.com""}, ""actor_type"": ""user""}"
2026-02-14T20:00:00,2026-02-14T21:00:00,0.0916,ALL_PURPOSE,123456789,"{""run_as"": {""email"": ""user00@example.com""}, ""actor_type"": ""user""}"
2026-02-14T21:00:00,2026-02-14T22:00:00,0.0,ALL_PURPOSE,123456789,"{""run_as"": {""email"": ""user00@example.com""}, ""actor_type"": ""user""}"
2026-02-14T22:00:00,2026-02-14T23:00:00,0.0952,ALL_PURPOSE,123456789,"{""run_as"": {""email"": ""user00@example.com""}, ""actor_type"": ""user""}"
2026-02-14T23:00:00,2026-02-15T00:00:00,0.0529,ALL_PURPOSE,123456789,"{""run_as"": {""email"": ""user00@example.com""}, ""actor_type"": ""user""}"
2026-02-15T00:00:00,2026-02-15T01:00:00,0.1891,ALL_PURPOSE,123456789,"{""run_as"": {""email"": ""user00@example.com""}, ""actor_type"": ""user""}"
2026-02-15T01:00:00,2026-02-15T02:00:00,0.4779,ALL_PURPOSE,123456789,"{""run_as"": {""email"": ""user00@example.com""}, ""actor_type"": ""user""}"
2026-02-15T02:00:00,2026-02-15T03:00:00,0.1868,ALL_PURPOSE,123456789,"{""run_as"": {""email"": ""user00@example.com""}, ""actor_type"": ""user""}"
2026-02-15T03:00:00,2026-02-15T04:00:00,0.7755,ALL_PURPOSE,123456789,"{""run_as"": {""email"": ""user00@example.com""}, ""actor_type"": ""user""}"
2026-02-15T04:00:00,2026-02-15T05:00:00,0.5778,ALL_PURPOSE,123456789,"{""run_as"": {""email"": ""user00@example.com""}, ""actor_type"": ""user""}"
2026-02-15T05:00:00,2026-02-15T06:00:00,0.4436,ALL_PURPOSE,123456789,"{""run_as"": {""email"": ""user00@example.com""}, ""actor_type"": ""user""}"
2026-02-15T06:00:00,2026-02-15T07:00:00,0.1773,ALL_PURPOSE,123456789,"{""run_as"": {""email"": ""user00@example.com""}, ""actor_type"": ""user""}"
2026-02-15T07:00:00,2026-02-15T08:00:00,0.0,ALL_PURPOSE,123456789,"{""run_as"": {""email"": ""user00@example.com""}, ""actor_type"": ""user""}"
2026-02-15T08:00:00,2026-02-15T09:00:00,0.3997,ALL_PURPOSE,123456789,"{""run_as"": {""email"": ""user00@example.com""}, ""actor_type"": ""user""}"
2026-02-15T09:00:00,2026-02-15T10:00:00,0.3876,ALL_PURPOSE,123456789,"{""run_as"": {""email"": ""user00@example.com""}, ""actor_type"": ""user""}"
2026-02-15T10:00:00,2026-02-15T11:00:00,0.3395,ALL_PURPOSE,123456789,"{""run_as"": {""email"": ""user00@example.com""}, ""actor_type"": ""user""}"
2026-02-15T11:00:00,2026-02-15T12:00:00,0.1943,ALL_PURPOSE,123456789,"{""run_as"": {""email"": ""user00@example.com""}, ""actor_type"": ""user""}"
2026-02-15T12:00:00,2026-02-15T13:00:00,0.0,ALL_PURPOSE,123456789,"{""run_as"": {""email"": ""user00@example.com""}, ""actor_type"": ""user""}"
2026-02-15T13:00:00,2026-02-15T14:00:00,0.1516,ALL_PURPOSE,123456789,"{""run_as"": {""email"": ""user00@example.com""}, ""actor_type"": ""user""}"
2026-02-15T14:00:00,2026-02-15T15:00:00,0.1061,ALL_PURPOSE,123456789,"{""run_as"": {""email"": ""user00@example.com""}, ""actor_type"": ""user""}"
2026-02-15T15:00:00,2026-02-15T16:00:00,0.182,ALL_PURPOSE,123456789,"{""run_as"": {""email"": ""user00@example.com""}, ""actor_type"": ""user""}"
2026-02-15T16:00:00,2026-02-15T17:00:00,0.3829,ALL_PURPOSE,123456789,"{""run_as"": {""email"": ""user00@example.com""}, ""actor_type"": ""user""}"
2026-02-15T17:00:00,2026-02-15T18:00:00,0.2223,ALL_PURPOSE,123456789,"{""run_as"": {""email"": ""user00@example.com""}, ""actor_type"": ""user""}"
2026-02-15T18:00:00,2026-02-15T19:00:00,0.0619,ALL_PURPOSE,123456789,"{""run_as"": {""email"": ""user00@example.com""}, ""actor_type"": ""user""}"
2026-02-15T19:00:00,2026-02-15T20:00:00,0.3875,ALL_PURPOSE,123456789,"{""run_as"": {""email"": ""user00@example.com""}, ""actor_type"": ""user""}"
2026-02-15T20:00:00,2026-02-15T21:00:00,0.2169,ALL_PURPOSE,123456789,"{""run_as"": {""email"": ""user00@example.com""}, ""actor_type"": ""user""}"
2026-02-15T21:00:00,2026-02-15T22:00:00,0.0229,ALL_PURPOSE,123456789,"{""run_as"": {""email"": ""user00@example.com""}, ""actor_type"": ""user""}"
2026-02-15T22:00:00,2026-02-15T23:00:00,0.2011,ALL_PURPOSE,123456789,"{""run_as"": {""email"": ""user00@example.com""}, ""actor_type"": ""user""}"
2026-02-15T23:00:00,2026-02-16T00:00:00,0.6144,ALL_PURPOSE,123456789,"{""run_as"": {""email"": ""user00@example.com""}, ""actor_type"": ""user""}"
2026-02-16T00:00:00,2026-02-16T01:00:00,0.454,ALL_PURPOSE,123456789,"{""run_as"": {""email"": ""user00@example.com""}, ""actor_type"": ""user""}"
2026-02-16T01:00:00,2026-02-16T02:00:00,0.0985,ALL_PURPOSE,123456789,"{""run_as"": {""email"": ""user00@example.com""}, ""actor_type"": ""user""}"
2026-02-16T02:00:00,2026-02-16T03:00:00,0.1677,ALL_PURPOSE,123456789,"{""run_as"": {""email"": ""user00@example.com""}, ""actor_type"": ""user""}"
2026-02-16T03:00:00,2026-02-16T04:00:00,0.9752,ALL_PURPOSE,123456789,"{""run_as"": {""email"": ""user00@example.com""}, ""actor_type"": ""user""}"
2026-02-16T04:00:00,2026-02-16T05:00:00,0.1583,ALL_PURPOSE,123456789,"{""run_as"": {""email"": ""user00@example.com""}, ""actor_type"": ""user""}"
2026-02-16T05:00:00,2026-02-16T06:00:00,0.0,ALL_PURPOSE,123456789,"{""run_as"": {""email"": ""user00@example.com""}, ""actor_type"": ""user""}"
2026-02-16T06:00:00,2026-02-16T07:00:00,0.1833,ALL_PURPOSE,123456789,"{""run_as"": {""email"": ""user00@example.com""}, ""actor_type"": ""user""}"
2026-02-16T07:00:00,2026-02-16T08:00:00,0.0,ALL_PURPOSE,123456789,"{""run_as"": {""email"": ""user00@example.com""}, ""actor_type"": ""user""}"
2026-02-16T08:00:00,2026-02-16T09:00:00,0.0853,ALL_PURPOSE,123456789,"{""run_as"": {""email"": ""user00@example.com""}, ""actor_type"": ""user""}"
2026-02-16T09:00:00,2026-02-16T10:00:00,0.3733,ALL_PURPOSE,123456789,"{""run_as"": {""email"": ""user00@example.com""}, ""actor_type"": ""user""}"
2026-02-16T10:00:00,2026-02-16T11:00:00,0.3517,ALL_PURPOSE,123456789,"{""run_as"": {""email"": ""user00@example.com""}, ""actor_type"": ""user""}"
2026-02-16T11:00:00,2026-02-16T12:00:00,0.0631,ALL_PURPOSE,123456789,"{""run_as"": {""email"": ""user00@example.com""}, ""actor_type"": ""user""}"
2026-02-16T12:00:00,2026-02-16T13:00:00,0.2814,ALL_PURPOSE,123456789,"{""run_as"": {""email"": ""user00@example.com""}, ""actor_type"": ""user""}"
2026-02-16T13:00:00,2026-02-16T14:00:00,0.3949,ALL_PURPOSE,123456789,"{""run_as"": {""email"": ""user00@example.com""}, ""actor_type"": ""user""}"
2026-02-16T14:00:00,2026-02-16T15:00:00,0.0031,ALL_PURPOSE,123456789,"{""run_as"": {""email"": ""user00@example.com""}, ""actor_type"": ""user""}"
2026-02-16T15:00:00,2026-02-16T16:00:00,0.1198,ALL_PURPOSE,123456789,"{""run_as"": {""email"": ""user00@example.com""}, ""actor_type"": ""user""}"
2026-02-16T16:00:00,2026-02-16T17:00:00,0.0,ALL_PURPOSE,123456789,"{""run_as"": {""email"": ""user00@example.com""}, ""actor_type"": ""user""}"
2026-02-16T17:00:00,2026-02-16T18:00:00,0.0,ALL_PURPOSE,123456789,"{""run_as"": {""email"": ""user00@example.com""}, ""actor_type"": ""user""}"
2026-02-16T18:00:00,2026-02-16T19:00:00,0.2213,ALL_PURPOSE,123456789,"{""run_as"": {""email"": ""user00@example.com""}, ""actor_type"": ""user""}"
2026-02-16T19:00:00,2026-02-16T20:00:00,0.2419,ALL_PURPOSE,123456789,"{""run_as"": {""email"": ""user00@example.com""}, ""actor_type"": ""user""}"
2026-02-16T20:00:00,2026-02-16T21:00:00,0.0814,ALL_PURPOSE,123456789,"{""run_as"": {""email"": ""user00@example.com""}, ""actor_type"": ""user""}"
2026-02-16T21:00:00,2026-02-16T22:00:00,0.1056,ALL_PURPOSE,123456789,"{""run_as"": {""email"": ""user00@example.com""}, ""actor_type"": ""user""}"
2026-02-16T22:00:00,2026-02-16T23:00:00,0.0,ALL_PURPOSE,123456789,"{""run_as"": {""email"": ""user00@example.com""}, ""actor_type"": ""user""}"
2026-02-16T23:00:00,2026-02-17T00:00:00,0.2719,ALL_PURPOSE,123456789,"{""run_as"": {""email"": ""user00@example.com""}, ""actor_type"": ""user""}"
2026-02-17T00:00:00,2026-02-17T01:00:00,0.8737,ALL_PURPOSE,123456789,"{""run_as"": {""email"": ""user00@example.com""}, ""actor_type"": ""user""}"
2026-02-17T01:00:00,2026-02-17T02:00:00,0.3237,ALL_PURPOSE,123456789,"{""run_as"": {""email"": ""user00@example.com""}, ""actor_type"": ""user""}"
2026-02-17T02:00:00,2026-02-17T03:00:00,0.3616,ALL_PURPOSE,123456789,"{""run_as"": {""email"": ""user00@example.com""}, ""actor_type"": ""user""}"
2026-02-17T03:00:00,2026-02-17T04:00:00,0.4222,ALL_PURPOSE,123456789,"{""run_as"": {""email"": ""user00@example.com""}, ""actor_type"": ""user""}"
2026-02-17T04:00:00,2026-02-17T05:00:00,0.3596,ALL_PURPOSE,123456789,"{""run_as"": {""email"": ""user00@example.com""}, ""actor_type"": ""user""}"
2026-02-17T05:00:00,2026-02-17T06:00:00,0.0,ALL_PURPOSE,123456789,"{""run_as"": {""email"": ""user00@example.com""}, ""actor_type"": ""user""}"
2026-02-17T06:00:00,2026-02-17T07:00:00,0.312,ALL_PURPOSE,123456789,"{""run_as"": {""email"": ""user00@example.com""}, ""actor_type"": ""user""}"
2026-02-17T07:00:00,2026-02-17T08:00:00,0.1626,ALL_PURPOSE,123456789,"{""run_as"": {""email"": ""user00@example.com""}, ""actor_type"": ""user""}"
2026-02-17T08:00:00,2026-02-17T09:00:00,0.0618,ALL_PURPOSE,123456789,"{""run_as"": {""email"": ""user00@example.com""}, ""actor_type"": ""user""}"
2026-02-17T09:00:00,2026-02-17T10:00:00,0.3458,ALL_PURPOSE,123456789,"{""run_as"": {""email"": ""user00@example.com""}, ""actor_type"": ""user""}"
2026-02-17T10:00:00,2026-02-17T11:00:00,0.3243,ALL_PURPOSE,123456789,"{""run_as"": {""email"": ""user00@example.com""}, ""actor_type"": ""user""}"
2026-02-17T11:00:00,2026-02-17T12:00:00,0.0099,ALL_PURPOSE,123456789,"{""run_as"": {""email"": ""user00@example.com""}, ""actor_type"": ""user""}"
2026-02-17T12:00:00,2026-02-17T13:00:00,0.1329,ALL_PURPOSE,123456789,"{""run_as"": {""email"": ""user00@example.com""}, ""actor_type"": ""user""}"
2026-02-17T13:00:00,2026-02-17T14:00:00,0.3209,ALL_PURPOSE,123456789,"{""run_as"": {""email"": ""user00@example.com""}, ""actor_type"": ""user""}"
2026-02-17T14:00:00,2026-02-17T15:00:00,0.3243,ALL_PURPOSE,123456789,"{""run_as"": {""email"": ""user00@example.com""}, ""actor_type"": ""user""}"
2026-02-17T15:00:00,2026-02-17T16:00:00,0.0,ALL_PURPOSE,123456789,"{""run_as"": {""email"": ""user00@example.com""}, ""actor_type"": ""user""}"
2026-02-17T16:00:00,2026-02-17T17:00:00,0.3489,ALL_PURPOSE,123456789,"{""run_as"": {""email"": ""user00@example.com""}, ""actor_type"": ""user""}"
2026-02-17T17:00:00,2026-02-17T18:00:00,0.089,ALL_PURPOSE,123456789,"{""run_as"": {""email"": ""user00@example.com""}, ""actor_type"": ""user""}"
2026-02-17T18:00:00,2026-02-17T19:00:00,0.1841,ALL_PURPOSE,123456789,"{""run_as"": {""email"": ""user00@example.com""}, ""actor_type"": ""user""}"
2026-02-17T19:00:00,2026-02-17T20:00:00,0.3181,ALL_PURPOSE,123456789,"{""run_as"": {""email"": ""user00@example.com""}, ""actor_type"": ""user""}"
2026-02-17T20:00:00,2026-02-17T21:00:00,0.0095,ALL_PURPOSE,123456789,"{""run_as"": {""email"": ""user00@example.com""}, ""actor_type"": ""user""}"
2026-02-17T21:00:00,2026-02-17T22:00:00,0.1313,ALL_PURPOSE,123456789,"{""run_as"": {""email"": ""user00@example.com""}, ""actor_type"": ""user""}"
2026-02-17T22:00:00,2026-02-17T23:00:00,0.9358,ALL_PURPOSE,123456789,"{""run_as"": {""email"": ""user00@example.com""}, ""actor_type"": ""user""}"
2026-02-17T23:00:00,2026-02-18T00:00:00,0.3925,ALL_PURPOSE,123456789,"{""run_as"": {""email"": ""user00@example.com""}, ""actor_type"": ""user""}"
2026-02-18T00:00:00,2026-02-18T01:00:00,0.0461,ALL_PURPOSE,123456789,"{""run_as"": {""email"": ""user00@example.com""}, ""actor_type"": ""user""}"
2026-02-18T01:00:00,2026-02-18T02:00:00,0.5609,ALL_PURPOSE,123456789,"{""run_as"": {""email"": ""user00@example.com""}, ""actor_type"": ""user""}"
2026-02-18T02:00:00,2026-02-18T03:00:00,0.8158,ALL_PURPOSE,123456789,"{""run_as"": {""email"": ""user00@example.com""}, ""actor_type"": ""user""}"
2026-02-18T03:00:00,2026-02-18T04:00:00,0.1541,ALL_PURPOSE,123456789,"{""run_as"": {""email"": ""user00@example.com""}, ""actor_type"": ""user""}"
2026-02-18T04:00:00,2026-02-18T05:00:00,1.0314,ALL_PURPOSE,123456789,"{""run_as"": {""email"": ""user00@example.com""}, ""actor_type"": ""user""}"
2026-02-18T05:00:00,2026-02-18T06:00:00,0.2878,ALL_PURPOSE,123456789,"{""run_as"": {""email"": ""user00@example.com""}, ""actor_type"": ""user""}"
2026-02-18T06:00:00,2026-02-18T07:00:00,0.0,ALL_PURPOSE,123456789,"{""run_as"": {""email"": ""user00@example.com""}, ""actor_type"": ""user""}"
2026-02-18T07:00:00,2026-02-18T08:00:00,0.2657,ALL_PURPOSE,123456789,"{""run_as"": {""email"": ""user00@example.com""}, ""actor_type"": ""user""}"
2026-02-18T08:00:00,2026-02-18T09:00:00,0.1256,ALL_PURPOSE,123456789,"{""run_as"": {""email"": ""user00@example.com""}, ""actor_type"": ""user""}"
2026-02-18T09:00:00,2026-02-18T10:00:00,0.2879,ALL_PURPOSE,123456789,"{""run_as"": {""email"": ""user00@example.com""}, ""actor_type"": ""user""}"
2026-02-18T10:00:00,2026-02-18T11:00:00,0.1237,ALL_PURPOSE,123456789,"{""run_as"": {""email"": ""user00@example.com""}, ""actor_type"": ""user""}"
2026-02-18T11:00:00,2026-02-18T12:00:00,0.161,ALL_PURPOSE,123456789,"{""run_as"": {""email"": ""user00@example.com""}, ""actor_type"": ""user""}"
2026-02-18T12:00:00,2026-02-18T13:00:00,0.0509,ALL_PURPOSE,123456789,"{""run_as"": {""email"": ""user00@example.com""}, ""actor_type"": ""user""}"
2026-02-18T13:00:00,2026-02-18T14:00:00,0.3761,ALL_PURPOSE,123456789,"{""run_as"": {""email"": ""user00@example.com""}, ""actor_type"": ""user""}"
2026-02-18T14:00:00,2026-02-18T15:00:00,0.3611,ALL_PURPOSE,123456789,"{""run_as"": {""email"": ""user00@example.com""}, ""actor_type"": ""user""}"
2026-02-18T15:00:00,2026-02-18T16:00:00,0.1204,ALL_PURPOSE,123456789,"{""run_as"": {""email"": ""user00@example.com""}, ""actor_type"": ""user""}"
2026-02-18T16:00:00,2026-02-18T17:00:00,0.0002,ALL_PURPOSE,123456789,"{""run_as"": {""email"": ""user00@example.com""}, ""actor_type"": ""user""}"
2026-02-18T17:00:00,2026-02-18T18:00:00,0.172,ALL_PURPOSE,123456789,"{""run_as"": {""email"": ""user00@example.com""}, ""actor_type"": ""user""}"
2026-02-18T18:00:00,2026-02-18T19:00:00,0.2619,ALL_PURPOSE,123456789,"{""run_as"": {""email"": ""user00@example.com""}, ""actor_type"": ""user""}"
2026-02-18T19:00:00,2026-02-18T20:00:00,0.1769,ALL_PURPOSE,123456789,"{""run_as"": {""email"": ""user00@example.com""}, ""actor_type"": ""user""}"
2026-02-18T20:00:00,2026-02-18T21:00:00,0.1893,ALL_PURPOSE,123456789,"{""run_as"": {""email"": ""user00@example.com""}, ""actor_type"": ""user""}"
2026-02-18T21:00:00,2026-02-18T22:00:00,0.3184,ALL_PURPOSE,123456789,"{""run_as"": {""email"": ""user00@example.com""}, ""actor_type"": ""user""}"
2026-02-18T22:00:00,2026-02-18T23:00:00,0.0339,ALL_PURPOSE,123456789,"{""run_as"": {""email"": ""user00@example.com""}, ""actor_type"": ""user""}"
2026-02-18T23:00:00,2026-02-19T00:00:00,0.1341,ALL_PURPOSE,123456789,"{""run_as"": {""email"": ""user00@example.com""}, ""actor_type"": ""user""}"
2026-02-19T00:00:00,2026-02-19T01:00:00,0.0,ALL_PURPOSE,123456789,"{""run_as"": {""email"": ""user00@example.com""}, ""actor_type"": ""user""}"
2026-02-19T01:00:00,2026-02-19T02:00:00,0.0979,ALL_PURPOSE,123456789,"{""run_as"": {""email"": ""user00@example.com""}, ""actor_type"": ""user""}"
2026-02-19T02:00:00,2026-02-19T03:00:00,0.0291,ALL_PURPOSE,123456789,"{""run_as"": {""email"": ""user00@example.com""}, ""actor_type"": ""user""}"
2026-02-19T03:00:00,2026-02-19T04:00:00,0.0778,ALL_PURPOSE,123456789,"{""run_as"": {""email"": ""user00@example.com""}, ""actor_type"": ""user""}"
2026-02-19T04:00:00,2026-02-19T05:00:00,0.0,ALL_PURPOSE,123456789,"{""run_as"": {""email"": ""user00@example.com""}, ""actor_type"": ""user""}"
2026-02-19T05:00:00,2026-02-19T06:00:00,0.0,ALL_PURPOSE,123456789,"{""run_as"": {""email"": ""user00@example.com""}, ""actor_type"": ""user""}"
2026-02-19T06:00:00,2026-02-19T07:00:00,0.1701,ALL_PURPOSE,123456789,"{""run_as"": {""email"": ""user00@example.com""}, ""actor_type"": ""user""}"
2026-02-19T07:00:00,2026-02-19T08:00:00,0.3832,ALL_PURPOSE,123456789,"{""run_as"": {""email"": ""user00@example.com""}, ""actor_type"": ""user""}"
2026-02-19T08:00:00,2026-02-19T09:00:00,0.0201,ALL_PURPOSE,123456789,"{""run_as"": {""email"": ""user00@example.com""}, ""actor_type"": ""user""}"
2026-02-19T09:00:00,2026-02-19T10:00:00,0.3393,ALL_PURPOSE,123456789,"{""run_as"": {""email"": ""user00@example.com""}, ""actor_type"": ""user""}"
2026-02-19T10:00:00,2026-02-19T11:00:00,0.3206,ALL_PURPOSE,123456789,"{""run_as"": {""email"": ""user00@example.com""}, ""actor_type"": ""user""}"
2026-02-19T11:00:00,2026-02-19T12:00:00,0.3952,ALL_PURPOSE,123456789,"{""run_as"": {""email"": ""user00@example.com""}, ""actor_type"": ""user""}"
2026-02-19T12:00:00,2026-02-19T13:00:00,0.38,ALL_PURPOSE,123456789,"{""run_as"": {""email"": ""user00@example.com""}, ""actor_type"": ""user""}"
2026-02-19T13:00:00,2026-02-19T14:00:00,0.2451,ALL_PURPOSE,123456789,"{""run_as"": {""email"": ""user00@example.com""}, ""actor_type"": ""user""}"
2026-02-19T14:00:00,2026-02-19T15:00:00,0.2019,ALL_PURPOSE,123456789,"{""run_as"": {""email"": ""user00@example.com""}, ""actor_type"": ""user""}"
2026-02-19T15:00:00,2026-02-19T16:00:00,0.2191,ALL_PURPOSE,123456789,"{""run_as"": {""email"": ""user00@example.com""}, ""actor_type"": ""user""}"
2026-02-19T16:00:00,2026-02-19T17:00:00,0.2975,ALL_PURPOSE,123456789,"{""run_as"": {""email"": ""user00@example.com""}, ""actor_type"": ""user""}"
2026-02-19T17:00:00,2026-02-19T18:00:00,0.1037,ALL_PURPOSE,123456789,"{""run_as"": {""email"": ""user00@example.com""}, ""actor_type"": ""user""}"
2026-02-19T18:00:00,2026-02-19T19:00:00,0.2551,ALL_PURPOSE,123456789,"{""run_as"": {""email"": ""user00@example.com""}, ""actor_type"": ""user""}"
2026-02-19T19:00:00,2026-02-19T20:00:00,0.2085,ALL_PURPOSE,123456789,"{""run_as"": {""email"": ""user00@example.com""}, ""actor_type"": ""user""}"
2026-02-19T20:00:00,2026-02-19T21:00:00,0.0,ALL_PURPOSE,123456789,"{""run_as"": {""email"": ""user00@example.com""}, ""actor_type"": ""user""}"
2026-02-19T21:00:00,2026-02-19T22:00:00,0.1143,ALL_PURPOSE,123456789,"{""run_as"": {""email"": ""user00@example.com""}, ""actor_type"": ""user""}"
2026-02-19T22:00:00,2026-02-19T23:00:00,0.0,ALL_PURPOSE,123456789,"{""run_as"": {""email"": ""user00@example.com""}, ""actor_type"": ""user""}"
2026-02-19T23:00:00,2026-02-20T00:00:00,0.0925,ALL_PURPOSE,123456789,"{""run_as"": {""email"": ""user00@example.com""}, ""actor_type"": ""user""}"
2026-02-20T00:00:00,2026-02-20T01:00:00,0.0257,ALL_PURPOSE,123456789,"{""run_as"": {""email"": ""user00@example.com""}, ""actor_type"": ""user""}"
2026-02-20T01:00:00,2026-02-20T02:00:00,0.5604,ALL_PURPOSE,123456789,"{""run_as"": {""email"": ""user00@example.com""}, ""actor_type"": ""user""}"
2026-02-20T02:00:00,2026-02-20T03:00:00,0.2336,ALL_PURPOSE,123456789,"{""run_as"": {""email"": ""user00@example.com""}, ""actor_type"": ""user""}"
2026-02-20T03:00:00,2026-02-20T04:00:00,0.0,ALL_PURPOSE,123456789,"{""run_as"": {""email"": ""user00@example.com""}, ""actor_type"": ""user""}"
2026-02-20T04:00:00,2026-02-20T05:00:00,0.1407,ALL_PURPOSE,123456789,"{""run_as"": {""email"": ""user00@example.com""}, ""actor_type"": ""user""}"
2026-02-20T05:00:00,2026-02-20T06:00:00,0.3814,ALL_PURPOSE,123456789,"{""run_as"": {""email"": ""user00@example.com""}, ""actor_type"": ""user""}"
2026-02-20T06:00:00,2026-02-20T07:00:00,0.2185,ALL_PURPOSE,123456789,"{""run_as"": {""email"": ""user00@example.com""}, ""actor_type"": ""user""}"
2026-02-20T07:00:00,2026-02-20T08:00:00,0.0882,ALL_PURPOSE,123456789,"{""run_as"": {""email"": ""user00@example.com""}, ""actor_type"": ""user""}"
2026-02-20T08:00:00,2026-02-20T09:00:00,0.0,ALL_PURPOSE,123456789,"{""run_as"": {""email"": ""user00@example.com""}, ""actor_type"": ""user""}"
2026-02-20T09:00:00,2026-02-20T10:00:00,0.1345,ALL_PURPOSE,123456789,"{""run_as"": {""email"": ""user00@example.com""}, ""actor_type"": ""user""}"
2026-02-20T10:00:00,2026-02-20T11:00:00,0.1617,ALL_PURPOSE,123456789,"{""run_as"": {""email"": ""user00@example.com""}, ""actor_type"": ""user""}"
2026-02-20T11:00:00,2026-02-20T12:00:00,0.0,ALL_PURPOSE,123456789,"{""run_as"": {""email"": ""user00@example.com""}, ""actor_type"": ""user""}"
2026-02-20T12:00:00,2026-02-20T13:00:00,0.0,ALL_PURPOSE,123456789,"{""run_as"": {""email"": ""user00@example.com""}, ""actor_type"": ""user""}"
2026-02-20T13:00:00,2026-02-20T14:00:00,0.1576,ALL_PURPOSE,123456789,"{""run_as"": {""email"": ""user00@example.com""}, ""actor_type"": ""user""}"
2026-02-20T14:00:00,2026-02-20T15:00:00,0.0108,ALL_PURPOSE,123456789,"{""run_as"": {""email"": ""user00@example.com""}, ""actor_type"": ""user""}"
2026-02-20T15:00:00,2026-02-20T16:00:00,0.0543,ALL_PURPOSE,123456789,"{""run_as"": {""email"": ""user00@example.com""}, ""actor_type"": ""user""}"
2026-02-20T16:00:00,2026-02-20T17:00:00,0.0201,ALL_PURPOSE,123456789,"{""run_as"": {""email"": ""user00@example.com""}, ""actor_type"": ""user""}"
2026-02-13T17:00:00,2026-02-13T18:00:00,0.0847,ALL_PURPOSE,123456789,"{""run_as"": {""email"": ""user01@example.com""}, ""actor_type"": ""user""}"
2026-02-13T18:00:00,2026-02-13T19:00:00,0.3045,ALL_PURPOSE,123456789,"{""run_as"": {""email"": ""user01@example.com""}, ""actor_type"": ""user""}"
2026-02-13T19:00:00,2026-02-13T20:00:00,0.3008,ALL_PURPOSE,123456789,"{""run_as"": {""email"": ""user01@example.com""}, ""actor_type"": ""user""}"
2026-02-13T20:00:00,2026-02-13T21:00:00,0.0,ALL_PURPOSE,123456789,"{""run_as"": {""email"": ""user01@example.com""}, ""actor_type"": ""user""}"
2026-02-13T21:00:00,2026-02-13T22:00:00,0.0078,ALL_PURPOSE,123456789,"{""run_as"": {""email"": ""user01@example.com""}, ""actor_type"": ""user""}"
2026-02-13T22:00:00,2026-02-13T23:00:00,0.9551,ALL_PURPOSE,123456789,"{""run_as"": {""email"": ""user01@example.com""}, ""actor_type"": ""user""}"
2026-02-13T23:00:00,2026-02-14T00:00:00,0.2607,ALL_PURPOSE,123456789,"{""run_as"": {""email"": ""user01@example.com""}, ""actor_type"": ""user""}"
2026-02-14T00:00:00,2026-02-14T01:00:00,0.0,ALL_PURPOSE,123456789,"{""run_as"": {""email"": ""user01@example.com""}, ""actor_type"": ""user""}"
2026-02-14T01:00:00,2026-02-14T02:00:00,0.2678,ALL_PURPOSE,123456789,"{""run_as"": {""email"": ""user01@example.com""}, ""actor_type"": ""user""}"
2026-02-14T02:00:00,2026-02-14T03:00:00,0.2798,ALL_PURPOSE,123456789,"{""run_as"": {""email"": ""user01@example.com""}, ""actor_type"": ""user""}"
2026-02-14T03:00:00,2026-02-14T04:00:00,0.0,ALL_PURPOSE,123456789,"{""run_as"": {""email"": ""user01@example.com""}, ""actor_type"": ""user""}"
2026-02-14T04:00:00,2026-02-14T05:00:00,0.0,ALL_PURPOSE,123456789,"{""run_as"": {""email"": ""user01@example.com""}, ""actor_type"": ""user""}"
2026-02-14T05:00:00,2026-02-14T06:00:00,0.5844,ALL_PURPOSE,123456789,"{""run_as"": {""email"": ""user01@example.com""}, ""actor_type"": ""user""}"
2026-02-14T06:00:00,2026-02-14T07:00:00,0.1587,ALL_PURPOSE,123456789,"{""run_as"": {""email"": ""user01@example.com""}, ""actor_type"": ""user""}"
2026-02-14T07:00:00,2026-02-14T08:00:00,0.0304,ALL_PURPOSE,123456789,"{""run_as"": {""email"": ""user01@example.com""}, ""actor_type"": ""user""}"
2026-02-14T08:00:00,2026-02-14T09:00:00,0.0,ALL_PURPOSE,123456789,"{""run_as"": {""email"": ""user01@example.com""}, ""actor_type"": ""user""}"
2026-02-14T09:00:00,2026-02-14T10:00:00,0.309,ALL_PURPOSE,123456789,"{""run_as"": {""email"": ""user01@example.com""}, ""actor_type"": ""user""}"
2026-02-14T10:00:00,2026-02-14T11:00:00,0.0,ALL_PURPOSE,123456789,"{""run_as"": {""email"": ""user01@example.com""}, ""actor_type"": ""user""}"
2026-02-14T11:00:00,2026-02-14T12:00:00,0.3935,ALL_PURPOSE,123456789,"{""run_as"": {""email"": ""user01@example.com""}, ""actor_type"": ""user""}"
2026-02-14T12:00:00,2026-02-14T13:00:00,0.1389,ALL_PURPOSE,123456789,"{""run_as"": {""email"": ""user01@example.com""}, ""actor_type"": ""user""}"
2026-02-14T13:00:00,2026-02-14T14:00:00,0.1482,ALL_PURPOSE,123456789,"{""run_as"": {""email"": ""user01@example.com""}, ""actor_type"": ""user""}"
2026-02-14T14:00:00,2026-02-14T15:00:00,0.1365,ALL_PURPOSE,123456789,"{""run_as"": {""email"": ""user01@example.com""}, ""actor_type"": ""user""}"
2026-02-14T15:00:00,2026-02-14T16:00:00,0.0,ALL_PURPOSE,123456789,"{""run_as"": {""email"": ""user01@example.com""}, ""actor_type"": ""user""}"
2026-02-14T16:00:00,2026-02-14T17:00:00,0.3843,ALL_PURPOSE,123456789,"{""run_as"": {""email"": ""user01@example.com""}, ""actor_type"": ""user""}"
2026-02-14T17:00:00,2026-02-14T18:00:00,0.3315,ALL_PURPOSE,123456789,"{""run_as"": {""email"": ""user01@example.com""}, ""actor_type"": ""user""}"
2026-02-14T18:00:00,2026-02-14T19:00:00,0.1742,ALL_PURPOSE,123456789,"{""run_as"": {""email"": ""user01@example.com""}, ""actor_type"": ""user""}"
2026-02-14T19:00:00,2026-02-14T20:00:00,0.3862,ALL_PURPOSE,123456789,"{""run_as"": {""email"": ""user01@example.com""}, ""actor_type"": ""user""}"
2026-02-14T20:00:00,2026-02-14T21:00:00,0.3233,ALL_PURPOSE,123456789,"{""run_as"": {""email"": ""user01@example.com""}, ""actor_type"": ""user""}"
2026-02-14T21:00:00,2026-02-14T22:00:00,0.1934,ALL_PURPOSE,123456789,"{""run_as"": {""email"": ""user01@example.com""}, ""actor_type"": ""user""}"
2026-02-14T22:00:00,2026-02-14T23:00:00,0.9886,ALL_PURPOSE,123456789,"{""run_as"": {""email"": ""user01@example.com""}, ""actor_type"": ""user""}"
2026-02-14T23:00:00,2026-02-15T00:00:00,0.0347,ALL_PURPOSE,123456789,"{""run_as"": {""email"": ""user01@example.com""}, ""actor_type"": ""user""}"
2026-02-15T00:00:00,2026-02-15T01:00:00,0.1859,ALL_PURPOSE,123456789,"{""run_as"": {""email"": ""user01@example.com""}, ""actor_type"": ""user""}"
2026-02-15T01:00:00,2026-02-15T02:00:00,0.0115,ALL_PURPOSE,123456789,"{""run_as"": {""email"": ""user01@example.com""}, ""actor_type"": ""user""}"
2026-02-15T02:00:00,2026-02-15T03:00:00,0.0848,ALL_PURPOSE,123456789,"{""run_as"": {""email"": ""user01@example.com""}, ""actor_type"": ""user""}"
2026-02-15T03:00:00,2026-02-15T04:00:00,0.3521,ALL_PURPOSE,123456789,"{""run_as"": {""email"": ""user01@example.com""}, ""actor_type"": ""user""}"
2026-02-15T04:00:00,2026-02-15T05:00:00,0.0,ALL_PURPOSE,123456789,"{""run_as"": {""email"": ""user01@example.com""}, ""actor_type"": ""user""}"
2026-02-15T05:00:00,2026-02-15T06:00:00,0.288,ALL_PURPOSE,123456789,"{""run_as"": {""email"": ""user01@example.com""}, ""actor_type"": ""user""}"
2026-02-15T06:00:00,2026-02-15T07:00:00,0.2762,ALL_PURPOSE,123456789,"{""run_as"": {""email"": ""user01@example.com""}, ""actor_type"": ""user""}"
2026-02-15T07:00:00,2026-02-15T08:00:00,0.1963,ALL_PURPOSE,123456789,"{""run_as"": {""email"": ""user01@example.com""}, ""actor_type"": ""user""}"
2026-02-15T08:00:00,2026-02-15T09:00:00,0.0372,ALL_PURPOSE,123456789,"{""run_as"": {""email"": ""user01@example.com""}, ""actor_type"": ""user""}"
2026-02-15T09:00:00,2026-02-15T10:00:00,0.2767,ALL_PURPOSE,123456789,"{""run_as"": {""email"": ""user01@example.com""}, ""actor_type"": ""user""}"
2026-02-15T10:00:00,2026-02-15T11:00:00,0.2326,ALL_PURPOSE,123456789,"{""run_as"": {""email"": ""user01@example.com""}, ""actor_type"": ""user""}"
2026-02-15T11:00:00,2026-02-15T12:00:00,0.2124,ALL_PURPOSE,123456789,"{""run_as"": {""email"": ""user01@example.com""}, ""actor_type"": ""user""}"
2026-02-15T12:00:00,2026-02-15T13:00:00,0.2984,ALL_PURPOSE,123456789,"{""run_as"": {""email"": ""user01@example.com""}, ""actor_type"": ""user""}"
2026-02-15T13:00:00,2026-02-15T14:00:00,0.2811,ALL_PURPOSE,123456789,"{""run_as"": {""email"": ""user01@example.com""}, ""actor_type"": ""user""}"
2026-02-15T14:00:00,2026-02-15T15:00:00,0.0,ALL_PURPOSE,123456789,"{""run_as"": {""email"": ""user01@example.com""}, ""actor_type"": ""user""}"
2026-02-15T15:00:00,2026-02-15T16:00:00,0.0,ALL_PURPOSE,123456789,"{""run_as"": {""email"": ""user01@example.com""}, ""actor_type"": ""user""}"
2026-02-15T16:00:00,2026-02-15T17:00:00,0.2143,ALL_PURPOSE,123456789,"{""run_as"": {""email"": ""user01@example.com""}, ""actor_type"": ""user""}"
2026-02-15T17:00:00,2026-02-15T18:00:00,0.0741,ALL_PURPOSE,123456789,"{""run_as"": {""email"": ""user01@example.com""}, ""actor_type"": ""user""}"
2026-02-15T18:00:00,2026-02-15T19:00:00,0.1937,ALL_PURPOSE,123456789,"{""run_as"": {""email"": ""user01@example.com""}, ""actor_type"": ""user""}"
2026-02-15T19:00:00,2026-02-15T20:00:00,0.3906,ALL_PURPOSE,123456789,"{""run_as"": {""email"": ""user01@example.com""}, ""actor_type"": ""user""}"
2026-02-15T20:00:00,2026-02-15T21:00:00,0.0,ALL_PURPOSE,123456789,"{""run_as"": {""email"": ""user01@example.com""}, ""actor_type"": ""user""}"
2026-02-15T21:00:00,2026-02-15T22:00:00,0.0776,ALL_PURPOSE,123456789,"{""run_as"": {""email"": ""user01@example.com""}, ""actor_type"": ""user""}"
2026-02-15T22:00:00,2026-02-15T23:00:00,0.5457,ALL_PURPOSE,123456789,"{""run_as"": {""email"": ""user01@example.com""}, ""actor_type"": ""user""}"
2026-02-15T23:00:00,2026-02-16T00:00:00,0.3897,ALL_PURPOSE,123456789,"{""run_as"": {""email"": ""user01@example.com""}, ""actor_type"": ""user""}"
2026-02-16T00:00:00,2026-02-16T01:00:00,0.0505,ALL_PURPOSE,123456789,"{""run_as"": {""email"": ""user01@example.com""}, ""actor_type"": ""user""}"
2026-02-16T01:00:00,2026-02-16T02:00:00,0.3491,ALL_PURPOSE,123456789,"{""run_as"": {""email"": ""user01@example.com""}, ""actor_type"": ""user""}"
2026-02-16T02:00:00,2026-02-16T03:00:00,0.3122,ALL_PURPOSE,123456789,"{""run_as"": {""email"": ""user01@example.com""}, ""actor_type"": ""user""}"
2026-02-16T03:00:00,2026-02-16T04:00:00,0.1911,ALL_PURPOSE,123456789,"{""run_as"": {""email"": ""user01@example.com""}, ""actor_type"": ""user""}"
2026-02-16T04:00:00,2026-02-16T05:00:00,0.0,ALL_PURPOSE,123456789,"{""run_as"": {""email"": ""user01@example.com""}, ""actor_type"": ""user""}"
2026-02-16T05:00:00,2026-02-16T06:00:00,0.0597,ALL_PURPOSE,123456789,"{""run_as"": {""email"": ""user01@example.com""}, ""actor_type"": ""user""}"
2026-02-16T06:00:00,2026-02-16T07:00:00,0.0,ALL_PURPOSE,123456789,"{""run_as"": {""email"": ""user01@example.com""}, ""actor_type"": ""user""}"
2026-02-16T07:00:00,2026-02-16T08:00:00,0.3058,ALL_PURPOSE,123456789,"{""run_as"": {""email"": ""user01@example.com""}, ""actor_type"": ""user""}"
2026-02-16T08:00:00,2026-02-16T09:00:00,0.3163,ALL_PURPOSE,123456789,"{""run_as"": {""email"": ""user01@example.com""}, ""actor_type"": ""user""}"
2026-02-16T09:00:00,2026-02-16T10:00:00,0.209,ALL_PURPOSE,123456789,"{""run_as"": {""email"": ""user01@example.com""}, ""actor_type"": ""user""}"
2026-02-16T10:00:00,2026-02-16T11:00:00,0.1771,ALL_PURPOSE,123456789,"{""run_as"": {""email"": ""user01@example.com""}, ""actor_type"": ""user""}"
2026-02-16T11:00:00,2026-02-16T12:00:00,0.396,ALL_PURPOSE,123456789,"{""run_as"": {""email"": ""user01@example.com""}, ""actor_type"": ""user""}"
2026-02-16T12:00:00,2026-02-16T13:00:00,0.2484,ALL_PURPOSE,123456789,"{""run_as"": {""email"": ""user01@example.com""}, ""actor_type"": ""user""}"
2026-02-16T13:00:00,2026-02-16T14:00:00,0.296,ALL_PURPOSE,123456789,"{""run_as"": {""email"": ""user01@example.com""}, ""actor_type"": ""user""}"
2026-02-16T14:00:00,2026-02-16T15:00:00,0.0831,ALL_PURPOSE,123456789,"{""run_as"": {""email"": ""user01@example.com""}, ""actor_type"": ""user""}"
2026-02-16T15:00:00,2026-02-16T16:00:00,0.2642,ALL_PURPOSE,123456789,"{""run_as"": {""email"": ""user01@example.com""}, ""actor_type"": ""user""}"
2026-02-16T16:00:00,2026-02-16T17:00:00,0.0,ALL_PURPOSE,123456789,"{""run_as"": {""email"": ""user01@example.com""}, ""actor_type"": ""user""}"
2026-02-16T17:00:00,2026-02-16T18:00:00,0.0011,ALL_PURPOSE,123456789,"{""run_as"": {""email"": ""user01@example.com""}, ""actor_type"": ""user""}"
2026-02-16T18:00:00,2026-02-16T19:00:00,0.2375,ALL_PURPOSE,123456789,"{""run_as"": {""email"": ""user01@example.com""}, ""actor_type"": ""user""}"
2026-02-16T19:00:00,2026-02-16T20:00:00,0.0926,ALL_PURPOSE,123456789,"{""run_as"": {""email"": ""user01@example.com""}, ""actor_type"": ""user""}"
2026-02-16T20:00:00,2026-02-16T21:00:00,0.2812,ALL_PURPOSE,123456789,"{""run_as"": {""email"": ""user01@example.com""}, ""actor_type"": ""user""}"
2026-02-16T21:00:00,2026-02-16T22:00:00,0.275,ALL_PURPOSE,123456789,"{""run_as"": {""email"": ""user01@example.com""}, ""actor_type"": ""user""}"
2026-02-16T22:00:00,2026-02-16T23:00:00,0.3151,ALL_PURPOSE,123456789,"{""run_as"": {""email"": ""user01@example.com""}, ""actor_type"": ""user""}"
2026-02-16T23:00:00,2026-02-17T00:00:00,0.3735,ALL_PURPOSE,123456789,"{""run_as"": {""email"": ""user01@example.com""}, ""actor_type"": ""user""}"
2026-02-17T00:00:00,2026-02-17T01:00:00,0.2591,ALL_PURPOSE,123456789,"{""run_as"": {""email"": ""user01@example.com""}, ""actor_type"": ""user""}"
2026-02-17T01:00:00,2026-02-17T02:00:00,0.3439,ALL_PURPOSE,123456789,"{""run_as"": {""email"": ""user01@example.com""}, ""actor_type"": ""user""}"
2026-02-17T02:00:00,2026-02-17T03:00:00,0.4147,ALL_PURPOSE,123456789,"{""run_as"": {""email"": ""user01@example.com""}, ""actor_type"": ""user""}"
2026-02-17T03:00:00,2026-02-17T04:00:00,0.2799,ALL_PURPOSE,123456789,"{""run_as"": {""email"": ""user01@example.com""}, ""actor_type"": ""user""}"
2026-02-17T04:00:00,2026-02-17T05:00:00,0.3254,ALL_PURPOSE,123456789,"{""run_as"": {""email"": ""user01@example.com""}, ""actor_type"": ""user""}"
2026-02-17T05:00:00,2026-02-17T06:00:00,0.2929,ALL_PURPOSE,123456789,"{""run_as"": {""email"": ""user01@example.com""}, ""actor_type"": ""user""}"
2026-02-17T06:00:00,2026-02-17T07:00:00,0.3344,ALL_PURPOSE,123456789,"{""run_as"": {""email"": ""user01@example.com""}, ""actor_type"": ""user""}"
2026-02-17T07:00:00,2026-02-17T08:00:00,0.3803,ALL_PURPOSE,123456789,"{""run_as"": {""email"": ""user01@example.com""}, ""actor_type"": ""user""}"
2026-02-17T08:00:00,2026-02-17T09:00:00,0.2689,ALL_PURPOSE,123456789,"{""run_as"": {""email"": ""user01@example.com""}, ""actor_type"": ""user""}"
2026-02-17T09:00:00,2026-02-17T10:00:00,0.0161,ALL_PURPOSE,123456789,"{""run_as"": {""email"": ""user01@example.com""}, ""actor_type"": ""user""}"
2026-02-17T10:00:00,2026-02-17T11:00:00,0.1882,ALL_PURPOSE,123456789,"{""run_as"": {""email"": ""user01@example.com""}, ""actor_type"": ""user""}"
2026-02-17T11:00:00,2026-02-17T12:00:00,0.3664,ALL_PURPOSE,123456789,"{""run_as"": {""email"": ""user01@example.com""}, ""actor_type"": ""user""}"
2026-02-17T12:00:00,2026-02-17T13:00:00,0.2341,ALL_PURPOSE,123456789,"{""run_as"": {""email"": ""user01@example.com""}, ""actor_type"": ""user""}"
2026-02-17T13:00:00,2026-02-17T14:00:00,0.0,ALL_PURPOSE,123456789,"{""run_as"": {""email"": ""user01@example.com""}, ""actor_type"": ""user""}"
2026-02-17T14:00:00,2026-02-17T15:00:00,0.1392,ALL_PURPOSE,123456789,"{""run_as"": {""email"": ""user01@example.com""}, ""actor_type"": ""user""}"
2026-02-17T15:00:00,2026-02-17T16:00:00,0.2681,ALL_PURPOSE,123456789,"{""run_as"": {""email"": ""user01@example.com""}, ""actor_type"": ""user""}"
2026-02-17T16:00:00,2026-02-17T17:00:00,0.1319,ALL_PURPOSE,123456789,"{""run_as"": {""email"": ""user01@example.com""}, ""actor_type"": ""user""}"
2026-02-17T17:00:00,2026-02-17T18:00:00,0.1153,ALL_PURPOSE,123456789,"{""run_as"": {""email"": ""user01@example.com""}, ""actor_type"": ""user""}"
2026-02-17T18:00:00,2026-02-17T19:00:00,0.3254,ALL_PURPOSE,123456789,"{""run_as"": {""email"": ""user01@example.com""}, ""actor_type"": ""user""}"
2026-02-17T19:00:00,2026-02-17T20:00:00,0.1819,ALL_PURPOSE,123456789,"{""run_as"": {""email"": ""user01@example.com""}, ""actor_type"": ""user""}"
2026-02-17T20:00:00,2026-02-17T21:00:00,0.1293,ALL_PURPOSE,123456789,"{""run_as"": {""email"": ""user01@example.com""}, ""actor_type"": ""user""}"
2026-02-17T21:00:00,2026-02-17T22:00:00,0.1617,ALL_PURPOSE,123456789,"{""run_as"": {""email"": ""user01@example.com""}, ""actor_type"": ""user""}"
2026-02-17T22:00:00,2026-02-17T23:00:00,0.3952,ALL_PURPOSE,123456789,"{""run_as"": {""email"": ""user01@example.com""}, ""actor_type"": ""user""}"
2026-02-17T23:00:00,2026-02-18T00:00:00,0.5185,ALL_PURPOSE,123456789,"{""run_as"": {""email"": ""user01@example.com""}, ""actor_type"": ""user""}"
2026-02-18T00:00:00,2026-02-18T01:00:00,0.2502,ALL_PURPOSE,123456789,"{""run_as"": {""email"": ""user01@example.com""}, ""actor_type"": ""user""}"
2026-02-18T01:00:00,2026-02-18T02:00:00,0.2197,ALL_PURPOSE,123456789,"{""run_as"": {""email"": ""user01@example.com""}, ""actor_type"": ""user""}"
2026-02-18T02:00:00,2026-02-18T03:00:00,1.0605,ALL_PURPOSE,123456789,"{""run_as"": {""email"": ""user01@example.com""}, ""actor_type"": ""user""}"
2026-02-18T03:00:00,2026-02-18T04:00:00,0.5813,ALL_PURPOSE,123456789,"{""run_as"": {""email"": ""user01@example.com""}, ""actor_type"": ""user""}"
2026-02-18T04:00:00,2026-02-18T05:00:00,0.0373,ALL_PURPOSE,123456789,"{""run_as"": {""email"": ""user01@example.com""}, ""actor_type"": ""user""}"
2026-02-18T05:00:00,2026-02-18T06:00:00,0.8671,ALL_PURPOSE,123456789,"{""run_as"": {""email"": ""user01@example.com""}, ""actor_type"": ""user""}"
2026-02-18T06:00:00,2026-02-18T07:00:00,0.2866,ALL_PURPOSE,123456789,"{""run_as"": {""email"": ""user01@example.com""}, ""actor_type"": ""user""}"
2026-02-18T07:00:00,2026-02-18T08:00:00,0.1094,ALL_PURPOSE,123456789,"{""run_as"": {""email"": ""user01@example.com""}, ""actor_type"": ""user""}"
2026-02-18T08:00:00,2026-02-18T09:00:00,0.3921,ALL_PURPOSE,123456789,"{""run_as"": {""email"": ""user01@example.com""}, ""actor_type"": ""user""}"
2026-02-18T09:00:00,2026-02-18T10:00:00,0.2205,ALL_PURPOSE,123456789,"{""run_as"": {""email"": ""user01@example.com""}, ""actor_type"": ""user""}"
2026-02-18T10:00:00,2026-02-18T11:00:00,0.3687,ALL_PURPOSE,123456789,"{""run_as"": {""email"": ""user01@example.com""}, ""actor_type"": ""user""}"
2026-02-18T11:00:00,2026-02-18T12:00:00,0.3517,ALL_PURPOSE,123456789,"{""run_as"": {""email"": ""user01@example.com""}, ""actor_type"": ""user""}"
2026-02-18T12:00:00,2026-02-18T13:00:00,0.1105,ALL_PURPOSE,123456789,"{""run_as"": {""email"": ""user01@example.com""}, ""actor_type"": ""user""}"
2026-02-18T13:00:00,2026-02-18T14:00:00,0.166,ALL_PURPOSE,123456789,"{""run_as"": {""email"": ""user01@example.com""}, ""actor_type"": ""user""}"
2026-02-18T14:00:00,2026-02-18T15:00:00,0.2031,ALL_PURPOSE,123456789,"{""run_as"": {""email"": ""user01@example.com""}, ""actor_type"": ""user""}"
2026-02-18T15:00:00,2026-02-18T16:00:00,0.1131,ALL_PURPOSE,123456789,"{""run_as"": {""email"": ""user01@example.com""}, ""actor_type"": ""user""}"
2026-02-18T16:00:00,2026-02-18T17:00:00,0.2348,ALL_PURPOSE,123456789,"{""run_as"": {""email"": ""user01@example.com""}, ""actor_type"": ""user""}"
2026-02-18T17:00:00,2026-02-18T18:00:00,0.0,ALL_PURPOSE,123456789,"{""run_as"": {""email"": ""user01@example.com""}, ""actor_type"": ""user""}"
2026-02-18T18:00:00,2026-02-18T19:00:00,0.2154,ALL_PURPOSE,123456789,"{""run_as"": {""email"": ""user01@example.com""}, ""actor_type"": ""user""}"
2026-02-18T19:00:00,2026-02-18T20:00:00,0.2208,ALL_PURPOSE,123456789,"{""run_as"": {""email"": ""user01@example.com""}, ""actor_type"": ""user""}"
2026-02-18T20:00:00,2026-02-18T21:00:00,0.1821,ALL_PURPOSE,123456789,"{""run_as"": {""email"": ""user01@example.com""}, ""actor_type"": ""user""}"
2026-02-18T21:00:00,2026-02-18T22:00:00,0.0755,ALL_PURPOSE,123456789,"{""run_as"": {""email"": ""user01@example.com""}, ""actor_type"": ""user""}"
2026-02-18T22:00:00,2026-02-18T23:00:00,0.0,ALL_PURPOSE,123456789,"{""run_as"": {""email"": ""user01@example.com""}, ""actor_type"": ""user""}"
2026-02-18T23:00:00,2026-02-19T00:00:00,0.2979,ALL_PURPOSE,123456789,"{""run_as"": {""email"": ""user01@example.com""}, ""actor_type"": ""user""}"
2026-02-19T00:00:00,2026-02-19T01:00:00,0.1544,ALL_PURPOSE,123456789,"{""run_as"": {""email"": ""user01@example.com""}, ""actor_type"": ""user""}"
2026-02-19T01:00:00,2026-02-19T02:00:00,0.0,ALL_PURPOSE,123456789,"{""run_as"": {""email"": ""user01@example.com""}, ""actor_type"": ""user""}"
2026-02-19T02:00:00,2026-02-19T03:00:00,0.2009,ALL_PURPOSE,123456789,"{""run_as"": {""email"": ""user01@example.com""}, ""actor_type"": ""user""}"
2026-02-19T03:00:00,2026-02-19T04:00:00,0.3497,ALL_PURPOSE,123456789,"{""run_as"": {""email"": ""user01@example.com""}, ""actor_type"": ""user""}"
2026-02-19T04:00:00,2026-02-19T05:00:00,0.1828,ALL_PURPOSE,123456789,"{""run_as"": {""email"": ""user01@example.com""}, ""actor_type"": ""user""}"
2026-02-19T05:00:00,2026-02-19T06:00:00,0.6906,ALL_PURPOSE,123456789,"{""run_as"": {""email"": ""user01@example.com""}, ""actor_type"": ""user""}"
2026-02-19T06:00:00,2026-02-19T07:00:00,0.1354,ALL_PURPOSE,123456789,"{""run_as"": {""email"": ""user01@example.com""}, ""actor_type"": ""user""}"
2026-02-19T07:00:00,2026-02-19T08:00:00,0.2599,ALL_PURPOSE,123456789,"{""run_as"": {""email"": ""user01@example.com""}, ""actor_type"": ""user""}"
2026-02-19T08:00:00,2026-02-19T09:00:00,0.3409,ALL_PURPOSE,123456789,"{""run_as"": {""email"": ""user01@example.com""}, ""actor_type"": ""user""}"
2026-02-19T09:00:00,2026-02-19T10:00:00,0.152,ALL_PURPOSE,123456789,"{""run_as"": {""email"": ""user01@example.com""}, ""actor_type"": ""user""}"
2026-02-19T10:00:00,2026-02-19T11:00:00,0.2875,ALL_PURPOSE,123456789,"{""run_as"": {""email"": ""user01@example.com""}, ""actor_type"": ""user""}"
2026-02-19T11:00:00,2026-02-19T12:00:00,0.0,ALL_PURPOSE,123456789,"{""run_as"": {""email"": ""user01@example.com""}, ""actor_type"": ""user""}"
2026-02-19T12:00:00,2026-02-19T13:00:00,0.0274,ALL_PURPOSE,123456789,"{""run_as"": {""email"": ""user01@example.com""}, ""actor_type"": ""user""}"
2026-02-19T13:00:00,2026-02-19T14:00:00,0.3684,ALL_PURPOSE,123456789,"{""run_as"": {""email"": ""user01@example.com""}, ""actor_type"": ""user""}"
2026-02-19T14:00:00,2026-02-19T15:00:00,0.2987,ALL_PURPOSE,123456789,"{""run_as"": {""email"": ""user01@example.com""}, ""actor_type"": ""user""}"
2026-02-19T15:00:00,2026-02-19T16:00:00,0.0394,ALL_PURPOSE,123456789,"{""run_as"": {""email"": ""user01@example.com""}, ""actor_type"": ""user""}"
2026-02-19T16:00:00,2026-02-19T17:00:00,0.349,ALL_PURPOSE,123456789,"{""run_as"": {""email"": ""user01@example.com""}, ""actor_type"": ""user""}"
2026-02-19T17:00:00,2026-02-19T18:00:00,0.2776,ALL_PURPOSE,123456789,"{""run_as"": {""email"": ""user01@example.com""}, ""actor_type"": ""user""}"
2026-02-19T18:00:00,2026-02-19T19:00:00,0.0184,ALL_PURPOSE,123456789,"{""run_as"": {""email"": ""user01@example.com""}, ""actor_type"": ""user""}"
2026-02-19T19:00:00,2026-02-19T20:00:00,0.1173,ALL_PURPOSE,123456789,"{""run_as"": {""email"": ""user01@example.com""}, ""actor_type"": ""user""}"
2026-02-19T20:00:00,2026-02-19T21:00:00,0.0582,ALL_PURPOSE,123456789,"{""run_as"": {""email"": ""user01@example.com""}, ""actor_type"": ""user""}"
2026-02-19T21:00:00,2026-02-19T22:00:00,0.2264,ALL_PURPOSE,123456789,"{""run_as"": {""email"": ""user01@example.com""}, ""actor_type"": ""user""}"
2026-02-19T22:00:00,2026-02-19T23:00:00,0.7776,ALL_PURPOSE,123456789,"{""run_as"": {""email"": ""user01@example.com""}, ""actor_type"": ""user""}"
2026-02-19T23:00:00,2026-02-20T00:00:00,0.0,ALL_PURPOSE,123456789,"{""run_as"": {""email"": ""user01@example.com""}, ""actor_type"": ""user""}"
2026-02-20T00:00:00,2026-02-20T01:00:00,0.0,ALL_PURPOSE,123456789,"{""run_as"": {""email"": ""user01@example.com""}, ""actor_type"": ""user""}"
2026-02-20T01:00:00,2026-02-20T02:00:00,0.3219,ALL_PURPOSE,123456789,"{""run_as"": {""email"": ""user01@example.com""}, ""actor_type"": ""user""}"
2026-02-20T02:00:00,2026-02-20T03:00:00,0.0632,ALL_PURPOSE,123456789,"{""run_as"": {""email"": ""user01@example.com""}, ""actor_type"": ""user""}"
2026-02-20T03:00:00,2026-02-20T04:00:00,0.235,ALL_PURPOSE,123456789,"{""run_as"": {""email"": ""user01@example.com""}, ""actor_type"": ""user""}"
2026-02-20T04:00:00,2026-02-20T05:00:00,0.1,ALL_PURPOSE,123456789,"{""run_as"": {""email"": ""user01@example.com""}, ""actor_type"": ""user""}"
2026-02-20T05:00:00,2026-02-20T06:00:00,0.1539,ALL_PURPOSE,123456789,"{""run_as"": {""email"": ""user01@example.com""}, ""actor_type"": ""user""}"
2026-02-20T06:00:00,2026-02-20T07:00:00,0.2288,ALL_PURPOSE,123456789,"{""run_as"": {""email"": ""user01@example.com""}, ""actor_type"": ""user""}"
2026-02-20T07:00:00,2026-02-20T08:00:00,0.3971,ALL_PURPOSE,123456789,"{""run_as"": {""email"": ""user01@example.com""}, ""actor_type"": ""user""}"
2026-02-20T08:00:00,2026-02-20T09:00:00,0.3912,ALL_PURPOSE,123456789,"{""run_as"": {""email"": ""user01@example.com""}, ""actor_type"": ""user""}"
2026-02-20T09:00:00,2026-02-20T10:00:00,0.1098,ALL_PURPOSE,123456789,"{""run_as"": {""email"": ""user01@example.com""}, ""actor_type"": ""user""}"
2026-02-20T10:00:00,2026-02-20T11:00:00,0.2743,ALL_PURPOSE,123456789,"{""run_as"": {""email"": ""user01@example.com""}, ""actor_type"": ""user""}"
2026-02-20T11:00:00,2026-02-20T12:00:00,0.0196,ALL_PURPOSE,123456789,"{""run_as"": {""email"": ""user01@example.com""}, ""actor_type"": ""user""}"
2026-02-20T12:00:00,2026-02-20T13:00:00,0.1987,ALL_PURPOSE,123456789,"{""run_as"": {""email"": ""user01@example.com""}, ""actor_type"": ""user""}"
2026-02-20T13:00:00,2026-02-20T14:00:00,0.1145,ALL_PURPOSE,123456789,"{""run_as"": {""email"": ""user01@example.com""}, ""actor_type"": ""user""}"
2026-02-20T14:00:00,2026-02-20T15:00:00,0.2428,ALL_PURPOSE,123456789,"{""run_as"": {""email"": ""user01@example.com""}, ""actor_type"": ""user""}"
2026-02-20T15:00:00,2026-02-20T16:00:00,0.2546,ALL_PURPOSE,123456789,"{""run_as"": {""email"": ""user01@example.com""}, ""actor_type"": ""user""}"
2026-02-20T16:00:00,2026-02-20T17:00:00,0.2711,ALL_PURPOSE,123456789,"{""run_as"": {""email"": ""user01@example.com""}, ""actor_type"": ""user""}"
2026-02-13T17:00:00,2026-02-13T18:00:00,0.2637,ALL_PURPOSE,123456789,"{""run_as"": {""email"": ""user02@example.com""}, ""actor_type"": ""user""}"
2026-02-13T18:00:00,2026-02-13T19:00:00,0.2513,ALL_PURPOSE,123456789,"{""run_as"": {""email"": ""user02@example.com""}, ""actor_type"": ""user""}"
2026-02-13T19:00:00,2026-02-13T20:00:00,0.2585,ALL_PURPOSE,123456789,"{""run_as"": {""email"": ""user02@example.com""}, ""actor_type"": ""user""}"
2026-02-13T20:00:00,2026-02-13T21:00:00,0.1763,ALL_PURPOSE,123456789,"{""run_as"": {""email"": ""user02@example.com""}, ""actor_type"": ""user""}"
2026-02-13T21:00:00,2026-02-13T22:00:00,0.0,ALL_PURPOSE,123456789,"{""run_as"": {""email"": ""user02@example.com""}, ""actor_type"": ""user""}"
2026-02-13T22:00:00,2026-02-13T23:00:00,0.118,ALL_PURPOSE,123456789,"{""run_as"": {""email"": ""user02@example.com""}, ""actor_type"": ""user""}"
2026-02-13T23:00:00,2026-02-14T00:00:00,0.0529,ALL_PURPOSE,123456789,"{""run_as"": {""email"": ""user02@example.com""}, ""actor_type"": ""user""}"
2026-02-14T00:00:00,2026-02-14T01:00:00,0.2123,ALL_PURPOSE,123456789,"{""run_as"": {""email"": ""user02@example.com""}, ""actor_type"": ""user""}"
2026-02-14T01:00:00,2026-02-14T02:00:00,0.1028,ALL_PURPOSE,123456789,"{""run_as"": {""email"": ""user02@example.com""}, ""actor_type"": ""user""}"
2026-02-14T02:00:00,2026-02-14T03:00:00,0.3226,ALL_PURPOSE,123456789,"{""run_as"": {""email"": ""user02@example.com""}, ""actor_type"": ""user""}"
2026-02-14T03:00:00,2026-02-14T04:00:00,0.0,ALL_PURPOSE,123456789,"{""run_as"": {""email"": ""user02@example.com""}, ""actor_type"": ""user""}"
2026-02-14T04:00:00,2026-02-14T05:00:00,0.3866,ALL_PURPOSE,123456789,"{""run_as"": {""email"": ""user02@example.com""}, ""actor_type"": ""user""}"
2026-02-14T05:00:00,2026-02-14T06:00:00,0.392,ALL_PURPOSE,123456789,"{""run_as"": {""email"": ""user02@example.com""}, ""actor_type"": ""user""}"
2026-02-14T06:00:00,2026-02-14T07:00:00,0.1463,ALL_PURPOSE,123456789,"{""run_as"": {""email"": ""user02@example.com""}, ""actor_type"": ""user""}"
2026-02-14T07:00:00,2026-02-14T08:00:00,0.0056,ALL_PURPOSE,123456789,"{""run_as"": {""email"": ""user02@example.com""}, ""actor_type"": ""user""}"
2026-02-14T08:00:00,2026-02-14T09:00:00,0.1819,ALL_PURPOSE,123456789,"{""run_as"": {""email"": ""user02@example.com""}, ""actor_type"": ""user""}"
2026-02-14T09:00:00,2026-02-14T10:00:00,0.2689,ALL_PURPOSE,123456789,"{""run_as"": {""email"": ""user02@example.com""}, ""actor_type"": ""user""}"
2026-02-14T10:00:00,2026-02-14T11:00:00,0.329,ALL_PURPOSE,123456789,"{""run_as"": {""email"": ""user02@example.com""}, ""actor_type"": ""user""}"
2026-02-14T11:00:00,2026-02-14T12:00:00,0.0433,ALL_PURPOSE,123456789,"{""run_as"": {""email"": ""user02@example.com""}, ""actor_type"": ""user""}"
2026-02-14T12:00:00,2026-02-14T13:00:00,0.01,ALL_PURPOSE,123456789,"{""run_as"": {""email"": ""user02@example.com""}, ""actor_type"": ""user""}"
2026-02-14T13:00:00,2026-02-14T14:00:00,0.2246,ALL_PURPOSE,123456789,"{""run_as"": {""email"": ""user02@example.com""}, ""actor_type"": ""user""}"
2026-02-14T14:00:00,2026-02-14T15:00:00,0.0,ALL_PURPOSE,123456789,"{""run_as"": {""email"": ""user02@example.com""}, ""actor_type"": ""user""}"
2026-02-14T15:00:00,2026-02-14T16:00:00,0.3295,ALL_PURPOSE,123456789,"{""run_as"": {""email"": ""user02@example.com""}, ""actor_type"": ""user""}"
2026-02-14T16:00:00,2026-02-14T17:00:00,0.1209,ALL_PURPOSE,123456789,"{""run_as"": {""email"": ""user02@example.com""}, ""actor_type"": ""user""}"
2026-02-14T17:00:00,2026-02-14T18:00:00,0.0559,ALL_PURPOSE,123456789,"{""run_as"": {""email"": ""user02@example.com""}, ""actor_type"": ""user""}"
2026-02-14T18:00:00,2026-02-14T19:00:00,0.1217,ALL_PURPOSE,123456789,"{""run_as"": {""email"": ""user02@example.com""}, ""actor_type"": ""user""}"
2026-02-14T19:00:00,2026-02-14T20:00:00,0.0389,ALL_PURPOSE,123456789,"{""run_as"": {""email"": ""user02@example.com""}, ""actor_type"": ""user""}"
2026-02-14T20:00:00,2026-02-14T21:00:00,0.0543,ALL_PURPOSE,123456789,"{""run_as"": {""email"": ""user02@example.com""}, ""actor_type"": ""user""}"
2026-02-14T21:00:00,2026-02-14T22:00:00,0.2682,ALL_PURPOSE,123456789,"{""run_as"": {""email"": ""user02@example.com""}, ""actor_type"": ""user""}"
2026-02-14T22:00:00,2026-02-14T23:00:00,0.3784,ALL_PURPOSE,123456789,"{""run_as"": {""email"": ""user02@example.com""}, ""actor_type"": ""user""}"
2026-02-14T23:00:00,2026-02-15T00:00:00,0.0,ALL_PURPOSE,123456789,"{""run_as"": {""email"": ""user02@example.com""}, ""actor_type"": ""user""}"
2026-02-15T00:00:00,2026-02-15T01:00:00,0.1957,ALL_PURPOSE,123456789,"{""run_as"": {""email"": ""user02@example.com""}, ""actor_type"": ""user""}"
2026-02-15T01:00:00,2026-02-15T02:00:00,0.0131,ALL_PURPOSE,123456789,"{""run_as"": {""email"": ""user02@example.com""}, ""actor_type"": ""user""}"
2026-02-15T02:00:00,2026-02-15T03:00:00,0.0,ALL_PURPOSE,123456789,"{""run_as"": {""email"": ""user02@example.com""}, ""actor_type"": ""user""}"
2026-02-15T03:00:00,2026-02-15T04:00:00,0.2743,ALL_PURPOSE,123456789,"{""run_as"": {""email"": ""user02@example.com""}, ""actor_type"": ""user""}"
2026-02-15T04:00:00,2026-02-15T05:00:00,0.1435,ALL_PURPOSE,123456789,"{""run_as"": {""email"": ""user02@example.com""}, ""actor_type"": ""user""}"
2026-02-15T05:00:00,2026-02-15T06:00:00,0.0489,ALL_PURPOSE,123456789,"{""run_as"": {""email"": ""user02@example.com""}, ""actor_type"": ""user""}"
2026-02-15T06:00:00,2026-02-15T07:00:00,0.2651,ALL_PURPOSE,123456789,"{""run_as"": {""email"": ""user02@example.com""}, ""actor_type"": ""user""}"
2026-02-15T07:00:00,2026-02-15T08:00:00,0.0,ALL_PURPOSE,123456789,"{""run_as"": {""email"": ""user02@example.com""}, ""actor_type"": ""user""}"
2026-02-15T08:00:00,2026-02-15T09:00:00,0.3147,ALL_PURPOSE,123456789,"{""run_as"": {""email"": ""user02@example.com""}, ""actor_type"": ""user""}"
2026-02-15T09:00:00,2026-02-15T10:00:00,0.0504,ALL_PURPOSE,123456789,"{""run_as"": {""email"": ""user02@example.com""}, ""actor_type"": ""user""}"
2026-02-15T10:00:00,2026-02-15T11:00:00,0.0274,ALL_PURPOSE,123456789,"{""run_as"": {""email"": ""user02@example.com""}, ""actor_type"": ""user""}"
2026-02-15T11:00:00,2026-02-15T12:00:00,0.0829,ALL_PURPOSE,123456789,"{""run_as"": {""email"": ""user02@example.com""}, ""actor_type"": ""user""}"
2026-02-15T12:00:00,2026-02-15T13:00:00,0.3479,ALL_PURPOSE,123456789,"{""run_as"": {""email"": ""user02@example.com""}, ""actor_type"": ""user""}"
2026-02-15T13:00:00,2026-02-15T14:00:00,0.059,ALL_PURPOSE,123456789,"{""run_as"": {""email"": ""user02@example.com""}, ""actor_type"": ""user""}"
2026-02-15T14:00:00,2026-02-15T15:00:00,0.0011,ALL_PURPOSE,123456789,"{""run_as"": {""email"": ""user02@example.com""}, ""actor_type"": ""user""}"
2026-02-15T15:00:00,2026-02-15T16:00:00,0.0,ALL_PURPOSE,123456789,"{""run_as"": {""email"": ""user02@example.com""}, ""actor_type"": ""user""}"
2026-02-15T16:00:00,2026-02-15T17:00:00,0.1003,ALL_PURPOSE,123456789,"{""run_as"": {""email"": ""user02@example.com""}, ""actor_type"": ""user""}"
2026-02-15T17:00:00,2026-02-15T18:00:00,0.0,ALL_PURPOSE,123456789,"{""run_as"": {""email"": ""user02@example.com""}, ""actor_type"": ""user""}"
2026-02-15T18:00:00,2026-02-15T19:00:00,0.0059,ALL_PURPOSE,123456789,"{""run_as"": {""email"": ""user02@example.com""}, ""actor_type"": ""user""}"
2026-02-15T19:00:00,2026-02-15T20:00:00,0.0952,ALL_PURPOSE,123456789,"{""run_as"": {""email"": ""user02@example.com""}, ""actor_type"": ""user""}"
2026-02-15T20:00:00,2026-02-15T21:00:00,0.0,ALL_PURPOSE,123456789,"{""run_as"": {""email"": ""user02@example.com""}, ""actor_type"": ""user""}"
2026-02-15T21:00:00,2026-02-15T22:00:00,0.2967,ALL_PURPOSE,123456789,"{""run_as"": {""email"": ""user02@example.com""}, ""actor_type"": ""user""}"
2026-02-15T22:00:00,2026-02-15T23:00:00,0.2983,ALL_PURPOSE,123456789,"{""run_as"": {""email"": ""user02@example.com""}, ""actor_type"": ""user""}"
2026-02-15T23:00:00,2026-02-16T00:00:00,0.658,ALL_PURPOSE,123456789,"{""run_as"": {""email"": ""user02@example.com""}, ""actor_type"": ""user""}"
2026-02-16T00:00:00,2026-02-16T01:00:00,0.0173,ALL_PURPOSE,123456789,"{""run_as"": {""email"": ""user02@example.com""}, ""actor_type"": ""user""}"
2026-02-16T01:00:00,2026-02-16T02:00:00,0.2086,ALL_PURPOSE,123456789,"{""run_as"": {""email"": ""user02@example.com""}, ""actor_type"": ""user""}"
2026-02-16T02:00:00,2026-02-16T03:00:00,0.0243,ALL_PURPOSE,123456789,"{""run_as"": {""email"": ""user02@example.com""}, ""actor_type"": ""user""}"
2026-02-16T03:00:00,2026-02-16T04:00:00,0.2744,ALL_PURPOSE,123456789,"{""run_as"": {""email"": ""user02@example.com""}, ""actor_type"": ""user""}"
2026-02-16T04:00:00,2026-02-16T05:00:00,0.0,ALL_PURPOSE,123456789,"{""run_as"": {""email"": ""user02@example.com""}, ""actor_type"": ""user""}"
2026-02-16T05:00:00,2026-02-16T06:00:00,0.11,ALL_PURPOSE,123456789,"{""run_as"": {""email"": ""user02@example.com""}, ""actor_type"": ""user""}"
2026-02-16T06:00:00,2026-02-16T07:00:00,0.1301,ALL_PURPOSE,123456789,"{""run_as"": {""email"": ""user02@example.com""}, ""actor_type"": ""user""}"
2026-02-16T07:00:00,2026-02-16T08:00:00,0.2122,ALL_PURPOSE,123456789,"{""run_as"": {""email"": ""user02@example.com""}, ""actor_type"": ""user""}"
2026-02-16T08:00:00,2026-02-16T09:00:00,0.0,ALL_PURPOSE,123456789,"{""run_as"": {""email"": ""user02@example.com""}, ""actor_type"": ""user""}"
2026-02-16T09:00:00,2026-02-16T10:00:00,0.2807,ALL_PURPOSE,123456789,"{""run_as"": {""email"": ""user02@example.com""}, ""actor_type"": ""user""}"
2026-02-16T10:00:00,2026-02-16T11:00:00,0.2604,ALL_PURPOSE,123456789,"{""run_as"": {""email"": ""user02@example.com""}, ""actor_type"": ""user""}"
2026-02-16T11:00:00,2026-02-16T12:00:00,0.2883,ALL_PURPOSE,123456789,"{""run_as"": {""email"": ""user02@example.com""}, ""actor_type"": ""user""}"
2026-02-16T12:00:00,2026-02-16T13:00:00,0.1806,ALL_PURPOSE,123456789,"{""run_as"": {""email"": ""user02@example.com""}, ""actor_type"": ""user""}"
2026-02-16T13:00:00,2026-02-16T14:00:00,0.1356,ALL_PURPOSE,123456789,"{""run_as"": {""email"": ""user02@example.com""}, ""actor_type"": ""user""}"
2026-02-16T14:00:00,2026-02-16T15:00:00,0.0,ALL_PURPOSE,123456789,"{""run_as"": {""email"": ""user02@example.com""}, ""actor_type"": ""user""}"
2026-02-16T15:00:00,2026-02-16T16:00:00,0.1707,ALL_PURPOSE,123456789,"{""run_as"": {""email"": ""user02@example.com""}, ""actor_type"": ""user""}"
2026-02-16T16:00:00,2026-02-16T17:00:00,0.1497,ALL_PURPOSE,123456789,"{""run_as"": {""email"": ""user02@example.com""}, ""actor_type"": ""user""}"
2026-02-16T17:00:00,2026-02-16T18:00:00,0.0,ALL_PURPOSE,123456789,"{""run_as"": {""email"": ""user02@example.com""}, ""actor_type"": ""user""}"
2026-02-16T18:00:00,2026-02-16T19:00:00,0.0,ALL_PURPOSE,123456789,"{""run_as"": {""email"": ""user02@example.com""}, ""actor_type"": ""user""}"
2026-02-16T19:00:00,2026-02-16T20:00:00,0.0386,ALL_PURPOSE,123456789,"{""run_as"": {""email"": ""user02@example.com""}, ""actor_type"": ""user""}"
2026-02-16T20:00:00,2026-02-16T21:00:00,0.3247,ALL_PURPOSE,123456789,"{""run_as"": {""email"": ""user02@example.com""}, ""actor_type"": ""user""}"
2026-02-16T21:00:00,2026-02-16T22:00:00,0.2346,ALL_PURPOSE,123456789,"{""run_as"": {""email"": ""user02@example.com""}, ""actor_type"": ""user""}"
2026-02-16T22:00:00,2026-02-16T23:00:00,0.4794,ALL_PURPOSE,123456789,"{""run_as"": {""email"": ""user02@example.com""}, ""actor_type"": ""user""}"
2026-02-16T23:00:00,2026-02-17T00:00:00,0.3001,ALL_PURPOSE,123456789,"{""run_as"": {""email"": ""user02@example.com""}, ""actor_type"": ""user""}"
2026-02-17T00:00:00,2026-02-17T01:00:00,0.3874,ALL_PURPOSE,123456789,"{""run_as"": {""email"": ""user02@example.com""}, ""actor_type"": ""user""}"
2026-02-17T01:00:00,2026-02-17T02:00:00,0.7909,ALL_PURPOSE,123456789,"{""run_as"": {""email"": ""user02@example.com""}, ""actor_type"": ""user""}"
2026-02-17T02:00:00,2026-02-17T03:00:00,0.0433,ALL_PURPOSE,123456789,"{""run_as"": {""email"": ""user02@example.com""}, ""actor_type"": ""user""}"
2026-02-17T03:00:00,2026-02-17T04:00:00,0.305,ALL_PURPOSE,123456789,"{""run_as"": {""email"": ""user02@example.com""}, ""actor_type"": ""user""}"
2026-02-17T04:00:00,2026-02-17T05:00:00,0.3381,ALL_PURPOSE,123456789,"{""run_as"": {""email"": ""user02@example.com""}, ""actor_type"": ""user""}"
2026-02-17T05:00:00,2026-02-17T06:00:00,0.0,ALL_PURPOSE,123456789,"{""run_as"": {""email"": ""user02@example.com""}, ""actor_type"": ""user""}"
2026-02-17T06:00:00,2026-02-17T07:00:00,0.3716,ALL_PURPOSE,123456789,"{""run_as"": {""email"": ""user02@example.com""}, ""actor_type"": ""user""}"
2026-02-17T07:00:00,2026-02-17T08:00:00,0.107,ALL_PURPOSE,123456789,"{""run_as"": {""email"": ""user02@example.com""}, ""actor_type"": ""user""}"
2026-02-17T08:00:00,2026-02-17T09:00:00,0.2811,ALL_PURPOSE,123456789,"{""run_as"": {""email"": ""user02@example.com""}, ""actor_type"": ""user""}"
2026-02-17T09:00:00,2026-02-17T10:00:00,0.0,ALL_PURPOSE,123456789,"{""run_as"": {""email"": ""user02@example.com""}, ""actor_type"": ""user""}"
2026-02-17T10:00:00,2026-02-17T11:00:00,0.3479,ALL_PURPOSE,123456789,"{""run_as"": {""email"": ""user02@example.com""}, ""actor_type"": ""user""}"
2026-02-17T11:00:00,2026-02-17T12:00:00,0.0,ALL_PURPOSE,123456789,"{""run_as"": {""email"": ""user02@example.com""}, ""actor_type"": ""user""}"
2026-02-17T12:00:00,2026-02-17T13:00:00,0.0,ALL_PURPOSE,123456789,"{""run_as"": {""email"": ""user02@example.com""}, ""actor_type"": ""user""}"
2026-02-17T13:00:00,2026-02-17T14:00:00,0.2984,ALL_PURPOSE,123456789,"{""run_as"": {""email"": ""user02@example.com""}, ""actor_type"": ""user""}"
2026-02-17T14:00:00,2026-02-17T15:00:00,0.1679,ALL_PURPOSE,123456789,"{""run_as"": {""email"": ""user02@example.com""}, ""actor_type"": ""user""}"
2026-02-17T15:00:00,2026-02-17T16:00:00,0.148,ALL_PURPOSE,123456789,"{""run_as"": {""email"": ""user02@example.com""}, ""actor_type"": ""user""}"
2026-02-17T16:00:00,2026-02-17T17:00:00,0.3107,ALL_PURPOSE,123456789,"{""run_as"": {""email"": ""user02@example.com""}, ""actor_type"": ""user""}"
2026-02-17T17:00:00,2026-02-17T18:00:00,0.0,ALL_PURPOSE,123456789,"{""run_as"": {""email"": ""user02@example.com""}, ""actor_type"": ""user""}"
2026-02-17T18:00:00,2026-02-17T19:00:00,0.063,ALL_PURPOSE,123456789,"{""run_as"": {""email"": ""user02@example.com""}, ""actor_type"": ""user""}"
2026-02-17T19:00:00,2026-02-17T20:00:00,0.2696,ALL_PURPOSE,123456789,"{""run_as"": {""email"": ""user02@example.com""}, ""actor_type"": ""user""}"
2026-02-17T20:00:00,2026-02-17T21:00:00,0.2648,ALL_PURPOSE,123456789,"{""run_as"": {""email"": ""user02@example.com""}, ""actor_type"": ""user""}"
2026-02-17T21:00:00,2026-02-17T22:00:00,0.1768,ALL_PURPOSE,123456789,"{""run_as"": {""email"": ""user02@example.com""}, ""actor_type"": ""user""}"
2026-02-17T22:00:00,2026-02-17T23:00:00,0.7029,ALL_PURPOSE,123456789,"{""run_as"": {""email"": ""user02@example.com""}, ""actor_type"": ""user""}"
2026-02-17T23:00:00,2026-02-18T00:00:00,0.2714,ALL_PURPOSE,123456789,"{""run_as"": {""email"": ""user02@example.com""}, ""actor_type"": ""user""}"
2026-02-18T00:00:00,2026-02-18T01:00:00,0.0182,ALL_PURPOSE,123456789,"{""run_as"": {""email"": ""user02@example.com""}, ""actor_type"": ""user""}"
2026-02-18T01:00:00,2026-02-18T02:00:00,0.0,ALL_PURPOSE,123456789,"{""run_as"": {""email"": ""user02@example.com""}, ""actor_type"": ""user""}"
2026-02-18T02:00:00,2026-02-18T03:00:00,0.2076,ALL_PURPOSE,123456789,"{""run_as"": {""email"": ""user02@example.com""}, ""actor_type"": ""user""}"
2026-02-18T03:00:00,2026-02-18T04:00:00,0.0703,ALL_PURPOSE,123456789,"{""run_as"": {""email"": ""user02@example.com""}, ""actor_type"": ""user""}"
2026-02-18T04:00:00,2026-02-18T05:00:00,0.2001,ALL_PURPOSE,123456789,"{""run_as"": {""email"": ""user02@example.com""}, ""actor_type"": ""user""}"
2026-02-18T05:00:00,2026-02-18T06:00:00,0.0,ALL_PURPOSE,123456789,"{""run_as"": {""email"": ""user02@example.com""}, ""actor_type"": ""user""}"
2026-02-18T06:00:00,2026-02-18T07:00:00,0.0075,ALL_PURPOSE,123456789,"{""run_as"": {""email"": ""user02@example.com""}, ""actor_type"": ""user""}"
2026-02-18T07:00:00,2026-02-18T08:00:00,0.3448,ALL_PURPOSE,123456789,"{""run_as"": {""email"": ""user02@example.com""}, ""actor_type"": ""user""}"
2026-02-18T08:00:00,2026-02-18T09:00:00,0.2294,ALL_PURPOSE,123456789,"{""run_as"": {""email"": ""user02@example.com""}, ""actor_type"": ""user""}"
2026-02-18T09:00:00,2026-02-18T10:00:00,0.0,ALL_PURPOSE,123456789,"{""run_as"": {""email"": ""user02@example.com""}, ""actor_type"": ""user""}"
2026-02-18T10:00:00,2026-02-18T11:00:00,0.0083,ALL_PURPOSE,123456789,"{""run_as"": {""email"": ""user02@example.com""}, ""actor_type"": ""user""}"
2026-02-18T11:00:00,2026-02-18T12:00:00,0.3205,ALL_PURPOSE,123456789,"{""run_as"": {""email"": ""user02@example.com""}, ""actor_type"": ""user""}"
2026-02-18T12:00:00,2026-02-18T13:00:00,0.3328,ALL_PURPOSE,123456789,"{""run_as"": {""email"": ""user02@example.com""}, ""actor_type"": ""user""}"
2026-02-18T13:00:00,2026-02-18T14:00:00,0.0353,ALL_PURPOSE,123456789,"{""run_as"": {""email"": ""user02@example.com""}, ""actor_type"": ""user""}"
2026-02-18T14:00:00,2026-02-18T15:00:00,0.0973,ALL_PURPOSE,123456789,"{""run_as"": {""email"": ""user02@example.com""}, ""actor_type"": ""user""}"
2026-02-18T15:00:00,2026-02-18T16:00:00,0.2096,ALL_PURPOSE,123456789,"{""run_as"": {""email"": ""user02@example.com""}, ""actor_type"": ""user""}"
2026-02-18T16:00:00,2026-02-18T17:00:00,0.1241,ALL_PURPOSE,123456789,"{""run_as"": {""email"": ""user02@example.com""}, ""actor_type"": ""user""}"
2026-02-18T17:00:00,2026-02-18T18:00:00,0.1332,ALL_PURPOSE,123456789,"{""run_as"": {""email"": ""user02@example.com""}, ""actor_type"": ""user""}"
2026-02-18T18:00:00,2026-02-18T19:00:00,0.0,ALL_PURPOSE,123456789,"{""run_as"": {""email"": ""user02@example.com""}, ""actor_type"": ""user""}"
2026-02-18T19:00:00,2026-02-18T20:00:00,0.204,ALL_PURPOSE,123456789,"{""run_as"": {""email"": ""user02@example.com""}, ""actor_type"": ""user""}"
2026-02-18T20:00:00,2026-02-18T21:00:00,0.1398,ALL_PURPOSE,123456789,"{""run_as"": {""email"": ""user02@example.com""}, ""actor_type"": ""user""}"
2026-02-18T21:00:00,2026-02-18T22:00:00,0.3276,ALL_PURPOSE,123456789,"{""run_as"": {""email"": ""user02@example.com""}, ""actor_type"": ""user""}"
2026-02-18T22:00:00,2026-02-18T23:00:00,0.3326,ALL_PURPOSE,123456789,"{""run_as"": {""email"": ""user02@example.com""}, ""actor_type"": ""user""}"
2026-02-18T23:00:00,2026-02-19T00:00:00,0.3041,ALL_PURPOSE,123456789,"{""run_as"": {""email"": ""user02@example.com""}, ""actor_type"": ""user""}"
2026-02-19T00:00:00,2026-02-19T01:00:00,0.3091,ALL_PURPOSE,123456789,"{""run_as"": {""email"": ""user02@example.com""}, ""actor_type"": ""user""}"
2026-02-19T01:00:00,2026-02-19T02:00:00,0.304,ALL_PURPOSE,123456789,"{""run_as"": {""email"": ""user02@example.com""}, ""actor_type"": ""user""}"
2026-02-19T02:00:00,2026-02-19T03:00:00,0.2258,ALL_PURPOSE,123456789,"{""run_as"": {""email"": ""user02@example.com""}, ""actor_type"": ""user""}"
2026-02-19T03:00:00,2026-02-19T04:00:00,0.3457,ALL_PURPOSE,123456789,"{""run_as"": {""email"": ""user02@example.com""}, ""actor_type"": ""user""}"
2026-02-19T04:00:00,2026-02-19T05:00:00,0.0273,ALL_PURPOSE,123456789,"{""run_as"": {""email"": ""user02@example.com""}, ""actor_type"": ""user""}"
2026-02-19T05:00:00,2026-02-19T06:00:00,0.565,ALL_PURPOSE,123456789,"{""run_as"": {""email"": ""user02@example.com""}, ""actor_type"": ""user""}"
2026-02-19T06:00:00,2026-02-19T07:00:00,0.0,ALL_PURPOSE,123456789,"{""run_as"": {""email"": ""user02@example.com""}, ""actor_type"": ""user""}"
2026-02-19T07:00:00,2026-02-19T08:00:00,0.0,ALL_PURPOSE,123456789,"{""run_as"": {""email"": ""user02@example.com""}, ""actor_type"": ""user""}"
2026-02-19T08:00:00,2026-02-19T09:00:00,0.3457,ALL_PURPOSE,123456789,"{""run_as"": {""email"": ""user02@example.com""}, ""actor_type"": ""user""}"
2026-02-19T09:00:00,2026-02-19T10:00:00,0.246,ALL_PURPOSE,123456789,"{""run_as"": {""email"": ""user02@example.com""}, ""actor_type"": ""user""}"
2026-02-19T10:00:00,2026-02-19T11:00:00,0.1851,ALL_PURPOSE,123456789,"{""run_as"": {""email"": ""user02@example.com""}, ""actor_type"": ""user""}"
2026-02-19T11:00:00,2026-02-19T12:00:00,0.3167,ALL_PURPOSE,123456789,"{""run_as"": {""email"": ""user02@example.com""}, ""actor_type"": ""user""}"
2026-02-19T12:00:00,2026-02-19T13:00:00,0.1799,ALL_PURPOSE,123456789,"{""run_as"": {""email"": ""user02@example.com""}, ""actor_type"": ""user""}"
2026-02-19T13:00:00,2026-02-19T14:00:00,0.2607,ALL_PURPOSE,123456789,"{""run_as"": {""email"": ""user02@example.com""}, ""actor_type"": ""user""}"
2026-02-19T14:00:00,2026-02-19T15:00:00,0.1903,ALL_PURPOSE,123456789,"{""run_as"": {""email"": ""user02@example.com""}, ""actor_type"": ""user""}"
2026-02-19T15:00:00,2026-02-19T16:00:00,0.0,ALL_PURPOSE,123456789,"{""run_as"": {""email"": ""user02@example.com""}, ""actor_type"": ""user""}"
2026-02-19T16:00:00,2026-02-19T17:00:00,0.3597,ALL_PURPOSE,123456789,"{""run_as"": {""email"": ""user02@example.com""}, ""actor_type"": ""user""}"
2026-02-19T17:00:00,2026-02-19T18:00:00,0.2857,ALL_PURPOSE,123456789,"{""run_as"": {""email"": ""user02@example.com""}, ""actor_type"": ""user""}"
2026-02-19T18:00:00,2026-02-19T19:00:00,0.069,ALL_PURPOSE,123456789,"{""run_as"": {""email"": ""user02@example.com""}, ""actor_type"": ""user""}"
2026-02-19T19:00:00,2026-02-19T20:00:00,0.1751,ALL_PURPOSE,123456789,"{""run_as"": {""email"": ""user02@example.com""}, ""actor_type"": ""user""}"
2026-02-19T20:00:00,2026-02-19T21:00:00,0.2091,ALL_PURPOSE,123456789,"{""run_as"": {""email"": ""user02@example.com""}, ""actor_type"": ""user""}"
2026-02-19T21:00:00,2026-02-19T22:00:00,0.1491,ALL_PURPOSE,123456789,"{""run_as"": {""email"": ""user02@example.com""}, ""actor_type"": ""user""}"
2026-02-19T22:00:00,2026-02-19T23:00:00,0.682,ALL_PURPOSE,123456789,"{""run_as"": {""email"": ""user02@example.com""}, ""actor_type"": ""user""}"
2026-02-19T23:00:00,2026-02-20T00:00:00,0.4251,ALL_PURPOSE,123456789,"{""run_as"": {""email"": ""user02@example.com""}, ""actor_type"": ""user""}"
2026-02-20T00:00:00,2026-02-20T01:00:00,0.1137,ALL_PURPOSE,123456789,"{""run_as"": {""email"": ""user02@example.com""}, ""actor_type"": ""user""}"
2026-02-20T01:00:00,2026-02-20T02:00:00,0.3625,ALL_PURPOSE,123456789,"{""run_as"": {""email"": ""user02@example.com""}, ""actor_type"": ""user""}"
2026-02-20T02:00:00,2026-02-20T03:00:00,0.578,ALL_PURPOSE,123456789,"{""run_as"": {""email"": ""user02@example.com""}, ""actor_type"": ""user""}"
2026-02-20T03:00:00,2026-02-20T04:00:00,0.2794,ALL_PURPOSE,123456789,"{""run_as"": {""email"": ""user02@example.com""}, ""actor_type"": ""user""}"
2026-02-20T04:00:00,2026-02-20T05:00:00,0.7389,ALL_PURPOSE,123456789,"{""run_as"": {""email"": ""user02@example.com""}, ""actor_type"": ""user""}"
2026-02-20T05:00:00,2026-02-20T06:00:00,0.3253,ALL_PURPOSE,123456789,"{""run_as"": {""email"": ""user02@example.com""}, ""actor_type"": ""user""}"
2026-02-20T06:00:00,2026-02-20T07:00:00,0.2955,ALL_PURPOSE,123456789,"{""run_as"": {""email"": ""user02@example.com""}, ""actor_type"": ""user""}"
2026-02-20T07:00:00,2026-02-20T08:00:00,0.2106,ALL_PURPOSE,123456789,"{""run_as"": {""email"": ""user02@example.com""}, ""actor_type"": ""user""}"
2026-02-20T08:00:00,2026-02-20T09:00:00,0.1694,ALL_PURPOSE,123456789,"{""run_as"": {""email"": ""user02@example.com""}, ""actor_type"": ""user""}"
2026-02-20T09:00:00,2026-02-20T10:00:00,0.145,ALL_PURPOSE,123456789,"{""run_as"": {""email"": ""user02@example.com""}, ""actor_type"": ""user""}"
2026-02-20T10:00:00,2026-02-20T11:00:00,0.0857,ALL_PURPOSE,123456789,"{""run_as"": {""email"": ""user02@example.com""}, ""actor_type"": ""user""}"
2026-02-20T11:00:00,2026-02-20T12:00:00,0.1945,ALL_PURPOSE,123456789,"{""run_as"": {""email"": ""user02@example.com""}, ""actor_type"": ""user""}"
2026-02-20T12:00:00,2026-02-20T13:00:00,0.0,ALL_PURPOSE,123456789,"{""run_as"": {""email"": ""user02@example.com""}, ""actor_type"": ""user""}"
2026-02-20T13:00:00,2026-02-20T14:00:00,0.0,ALL_PURPOSE,123456789,"{""run_as"": {""email"": ""user02@example.com""}, ""actor_type"": ""user""}"
2026-02-20T14:00:00,2026-02-20T15:00:00,0.3083,ALL_PURPOSE,123456789,"{""run_as"": {""email"": ""user02@example.com""}, ""actor_type"": ""user""}"
2026-02-20T15:00:00,2026-02-20T16:00:00,0.0,ALL_PURPOSE,123456789,"{""run_as"": {""email"": ""user02@example.com""}, ""actor_type"": ""user""}"
2026-02-20T16:00:00,2026-02-20T17:00:00,0.1347,ALL_PURPOSE,123456789,"{""run_as"": {""email"": ""user02@example.com""}, ""actor_type"": ""user""}"
2026-02-13T17:00:00,2026-02-13T18:00:00,0.0524,ALL_PURPOSE,123456789,"{""run_as"": {""email"": ""user03@example.com""}, ""actor_type"": ""user""}"
2026-02-13T18:00:00,2026-02-13T19:00:00,0.0649,ALL_PURPOSE,123456789,"{""run_as"": {""email"": ""user03@example.com""}, ""actor_type"": ""user""}"
2026-02-13T19:00:00,2026-02-13T20:00:00,0.3084,ALL_PURPOSE,123456789,"{""run_as"": {""email"": ""user03@example.com""}, ""actor_type"": ""user""}"
2026-02-13T20:00:00,2026-02-13T21:00:00,0.0662,ALL_PURPOSE,123456789,"{""run_as"": {""email"": ""user03@example.com""}, ""actor_type"": ""user""}"
2026-02-13T21:00:00,2026-02-13T22:00:00,0.1643,ALL_PURPOSE,123456789,"{""run_as"": {""email"": ""user03@example.com""}, ""actor_type"": ""user""}"
2026-02-13T22:00:00,2026-02-13T23:00:00,0.095,ALL_PURPOSE,123456789,"{""run_as"": {""email"": ""user03@example.com""}, ""actor_type"": ""user""}"
2026-02-13T23:00:00,2026-02-14T00:00:00,0.2994,ALL_PURPOSE,123456789,"{""run_as"": {""email"": ""user03@example.com""}, ""actor_type"": ""user""}"
2026-02-14T00:00:00,2026-02-14T01:00:00,0.1238,ALL_PURPOSE,123456789,"{""run_as"": {""email"": ""user03@example.com""}, ""actor_type"": ""user""}"
2026-02-14T01:00:00,2026-02-14T02:00:00,0.334,ALL_PURPOSE,123456789,"{""run_as"": {""email"": ""user03@example.com""}, ""actor_type"": ""user""}"
2026-02-14T02:00:00,2026-02-14T03:00:00,0.3938,ALL_PURPOSE,123456789,"{""run_as"": {""email"": ""user03@example.com""}, ""actor_type"": ""user""}"
2026-02-14T03:00:00,2026-02-14T04:00:00,0.1527,ALL_PURPOSE,123456789,"{""run_as"": {""email"": ""user03@example.com""}, ""actor_type"": ""user""}"
2026-02-14T04:00:00,2026-02-14T05:00:00,0.0,ALL_PURPOSE,123456789,"{""run_as"": {""email"": ""user03@example.com""}, ""actor_type"": ""user""}"
2026-02-14T05:00:00,2026-02-14T06:00:00,0.1,ALL_PURPOSE,123456789,"{""run_as"": {""email"": ""user03@example.com""}, ""actor_type"": ""user""}"
2026-02-14T06:00:00,2026-02-14T07:00:00,0.0,ALL_PURPOSE,123456789,"{""run_as"": {""email"": ""user03@example.com""}, ""actor_type"": ""user""}"
2026-02-14T07:00:00,2026-02-14T08:00:00,0.3384,ALL_PURPOSE,123456789,"{""run_as"": {""email"": ""user03@example.com""}, ""actor_type"": ""user""}"
2026-02-14T08:00:00,2026-02-14T09:00:00,0.114,ALL_PURPOSE,123456789,"{""run_as"": {""email"": ""user03@example.com""}, ""actor_type"": ""user""}"
2026-02-14T09:00:00,2026-02-14T10:00:00,0.1091,ALL_PURPOSE,123456789,"{""run_as"": {""email"": ""user03@example.com""}, ""actor_type"": ""user""}"
2026-02-14T10:00:00,2026-02-14T11:00:00,0.0589,ALL_PURPOSE,123456789,"{""run_as"": {""email"": ""user03@example.com""}, ""actor_type"": ""user""}"
2026-02-14T11:00:00,2026-02-14T12:00:00,0.3786,ALL_PURPOSE,123456789,"{""run_as"": {""email"": ""user03@example.com""}, ""actor_type"": ""user""}"
2026-02-14T12:00:00,2026-02-14T13:00:00,0.1805,ALL_PURPOSE,123456789,"{""run_as"": {""email"": ""user03@example.com""}, ""actor_type"": ""user""}"
2026-02-14T13:00:00,2026-02-14T14:00:00,0.0,ALL_PURPOSE,123456789,"{""run_as"": {""email"": ""user03@example.com""}, ""actor_type"": ""user""}"
2026-02-14T14:00:00,2026-02-14T15:00:00,0.2008,ALL_PURPOSE,123456789,"{""run_as"": {""email"": ""user03@example.com""}, ""actor_type"": ""user""}"
2026-02-14T15:00:00,2026-02-14T16:00:00,0.3978,ALL_PURPOSE,123456789,"{""run_as"": {""email"": ""user03@example.com""}, ""actor_type"": ""user""}"
2026-02-14T16:00:00,2026-02-14T17:00:00,0.0113,ALL_PURPOSE,123456789,"{""run_as"": {""email"": ""user03@example.com""}, ""actor_type"": ""user""}"
2026-02-14T17:00:00,2026-02-14T18:00:00,0.3357,ALL_PURPOSE,123456789,"{""run_as"": {""email"": ""user03@example.com""}, ""actor_type"": ""user""}"
2026-02-14T18:00:00,2026-02-14T19:00:00,0.0,ALL_PURPOSE,123456789,"{""run_as"": {""email"": ""user03@example.com""}, ""actor_type"": ""user""}"
2026-02-14T19:00:00,2026-02-14T20:00:00,0.1148,ALL_PURPOSE,123456789,"{""run_as"": {""email"": ""user03@example.com""}, ""actor_type"": ""user""}"
2026-02-14T20:00:00,2026-02-14T21:00:00,0.0,ALL_PURPOSE,123456789,"{""run_as"": {""email"": ""user03@example.com""}, ""actor_type"": ""user""}"
2026-02-14T21:00:00,2026-02-14T22:00:00,0.2822,ALL_PURPOSE,123456789,"{""run_as"": {""email"": ""user03@example.com""}, ""actor_type"": ""user""}"
2026-02-14T22:00:00,2026-02-14T23:00:00,0.2812,ALL_PURPOSE,123456789,"{""run_as"": {""email"": ""user03@example.com""}, ""actor_type"": ""user""}"
2026-02-14T23:00:00,2026-02-15T00:00:00,0.2195,ALL_PURPOSE,123456789,"{""run_as"": {""email"": ""user03@example.com""}, ""actor_type"": ""user""}"
2026-02-15T00:00:00,2026-02-15T01:00:00,0.0,ALL_PURPOSE,123456789,"{""run_as"": {""email"": ""user03@example.com""}, ""actor_type"": ""user""}"
2026-02-15T01:00:00,2026-02-15T02:00:00,0.1679,ALL_PURPOSE,123456789,"{""run_as"": {""email"": ""user03@example.com""}, ""actor_type"": ""user""}"
2026-02-15T02:00:00,2026-02-15T03:00:00,0.0443,ALL_PURPOSE,123456789,"{""run_as"": {""email"": ""user03@example.com""}, ""actor_type"": ""user""}"
2026-02-15T03:00:00,2026-02-15T04:00:00,0.0066,ALL_PURPOSE,123456789,"{""run_as"": {""email"": ""user03@example.com""}, ""actor_type"": ""user""}"
2026-02-15T04:00:00,2026-02-15T05:00:00,0.0574,ALL_PURPOSE,123456789,"{""run_as"": {""email"": ""user03@example.com""}, ""actor_type"": ""user""}"
2026-02-15T05:00:00,2026-02-15T06:00:00,0.0962,ALL_PURPOSE,123456789,"{""run_as"": {""email"": ""user03@example.com""}, ""actor_type"": ""user""}"
2026-02-15T06:00:00,2026-02-15T07:00:00,0.0342,ALL_PURPOSE,123456789,"{""run_as"": {""email"": ""user03@example.com""}, ""actor_type"": ""user""}"
2026-02-15T07:00:00,2026-02-15T08:00:00,0.0271,ALL_PURPOSE,123456789,"{""run_as"": {""email"": ""user03@example.com""}, ""actor_type"": ""user""}"
2026-02-15T08:00:00,2026-02-15T09:00:00,0.2029,ALL_PURPOSE,123456789,"{""run_as"": {""email"": ""user03@example.com""}, ""actor_type"": ""user""}"
2026-02-15T09:00:00,2026-02-15T10:00:00,0.2217,ALL_PURPOSE,123456789,"{""run_as"": {""email"": ""user03@example.com""}, ""actor_type"": ""user""}"
2026-02-15T10:00:00,2026-02-15T11:00:00,0.1881,ALL_PURPOSE,123456789,"{""run_as"": {""email"": ""user03@example.com""}, ""actor_type"": ""user""}"
2026-02-15T11:00:00,2026-02-15T12:00:00,0.3924,ALL_PURPOSE,123456789,"{""run_as"": {""email"": ""user03@example.com""}, ""actor_type"": ""user""}"
2026-02-15T12:00:00,2026-02-15T13:00:00,0.0065,ALL_PURPOSE,123456789,"{""run_as"": {""email"": ""user03@example.com""}, ""actor_type"": ""user""}"
2026-02-15T13:00:00,2026-02-15T14:00:00,0.1379,ALL_PURPOSE,123456789,"{""run_as"": {""email"": ""user03@example.com""}, ""actor_type"": ""user""}"
2026-02-15T14:00:00,2026-02-15T15:00:00,0.2513,ALL_PURPOSE,123456789,"{""run_as"": {""email"": ""user03@example.com""}, ""actor_type"": ""user""}"
2026-02-15T15:00:00,2026-02-15T16:00:00,0.2941,ALL_PURPOSE,123456789,"{""run_as"": {""email"": ""user03@example.com""}, ""actor_type"": ""user""}"
2026-02-15T16:00:00,2026-02-15T17:00:00,0.0177,ALL_PURPOSE,123456789,"{""run_as"": {""email"": ""user03@example.com""}, ""actor_type"": ""user""}"
2026-02-15T17:00:00,2026-02-15T18:00:00,0.3254,ALL_PURPOSE,123456789,"{""run_as"": {""email"": ""user03@example.com""}, ""actor_type"": ""user""}"
2026-02-15T18:00:00,2026-02-15T19:00:00,0.3117,ALL_PURPOSE,123456789,"{""run_as"": {""email"": ""user03@example.com""}, ""actor_type"": ""user""}"
2026-02-15T19:00:00,2026-02-15T20:00:00,0.2782,ALL_PURPOSE,123456789,"{""run_as"": {""email"": ""user03@example.com""}, ""actor_type"": ""user""}"
2026-02-15T20:00:00,2026-02-15T21:00:00,0.0,ALL_PURPOSE,123456789,"{""run_as"": {""email"": ""user03@example.com""}, ""actor_type"": ""user""}"
2026-02-15T21:00:00,2026-02-15T22:00:00,0.3105,ALL_PURPOSE,123456789,"{""run_as"": {""email"": ""user03@example.com""}, ""actor_type"": ""user""}"
2026-02-15T22:00:00,2026-02-15T23:00:00,0.0,ALL_PURPOSE,123456789,"{""run_as"": {""email"": ""user03@example.com""}, ""actor_type"": ""user""}"
2026-02-15T23:00:00,2026-02-16T00:00:00,0.3733,ALL_PURPOSE,123456789,"{""run_as"": {""email"": ""user03@example.com""}, ""actor_type"": ""user""}"
2026-02-16T00:00:00,2026-02-16T01:00:00,0.8445,ALL_PURPOSE,123456789,"{""run_as"": {""email"": ""user03@example.com""}, ""actor_type"": ""user""}"
2026-02-16T01:00:00,2026-02-16T02:00:00,0.1428,ALL_PURPOSE,123456789,"{""run_as"": {""email"": ""user03@example.com""}, ""actor_type"": ""user""}"
2026-02-16T02:00:00,2026-02-16T03:00:00,0.4904,ALL_PURPOSE,123456789,"{""run_as"": {""email"": ""user03@example.com""}, ""actor_type"": ""user""}"
2026-02-16T03:00:00,2026-02-16T04:00:00,0.2973,ALL_PURPOSE,123456789,"{""run_as"": {""email"": ""user03@example.com""}, ""actor_type"": ""user""}"
2026-02-16T04:00:00,2026-02-16T05:00:00,0.3895,ALL_PURPOSE,123456789,"{""run_as"": {""email"": ""user03@example.com""}, ""actor_type"": ""user""}"
2026-02-16T05:00:00,2026-02-16T06:00:00,0.3697,ALL_PURPOSE,123456789,"{""run_as"": {""email"": ""user03@example.com""}, ""actor_type"": ""user""}"
2026-02-16T06:00:00,2026-02-16T07:00:00,0.0,ALL_PURPOSE,123456789,"{""run_as"": {""email"": ""user03@example.com""}, ""actor_type"": ""user""}"
2026-02-16T07:00:00,2026-02-16T08:00:00,0.241,ALL_PURPOSE,123456789,"{""run_as"": {""email"": ""user03@example.com""}, ""actor_type"": ""user""}"
2026-02-16T08:00:00,2026-02-16T09:00:00,0.2182,ALL_PURPOSE,123456789,"{""run_as"": {""email"": ""user03@example.com""}, ""actor_type"": ""user""}"
2026-02-16T09:00:00,2026-02-16T10:00:00,0.032,ALL_PURPOSE,123456789,"{""run_as"": {""email"": ""user03@example.com""}, ""actor_type"": ""user""}"
2026-02-16T10:00:00,2026-02-16T11:00:00,0.1226,ALL_PURPOSE,123456789,"{""run_as"": {""email"": ""user03@example.com""}, ""actor_type"": ""user""}"
2026-02-16T11:00:00,2026-02-16T12:00:00,0.1704,ALL_PURPOSE,123456789,"{""run_as"": {""email"": ""user03@example.com""}, ""actor_type"": ""user""}"
2026-02-16T12:00:00,2026-02-16T13:00:00,0.0,ALL_PURPOSE,123456789,"{""run_as"": {""email"": ""user03@example.com""}, ""actor_type"": ""user""}"
2026-02-16T13:00:00,2026-02-16T14:00:00,0.348,ALL_PURPOSE,123456789,"{""run_as"": {""email"": ""user03@example.com""}, ""actor_type"": ""user""}"
2026-02-16T14:00:00,2026-02-16T15:00:00,0.3993,ALL_PURPOSE,123456789,"{""run_as"": {""email"": ""user03@example.com""}, ""actor_type"": ""user""}"
2026-02-16T15:00:00,2026-02-16T16:00:00,0.392,ALL_PURPOSE,123456789,"{""run_as"": {""email"": ""user03@example.com""}, ""actor_type"": ""user""}"
2026-02-16T16:00:00,2026-02-16T17:00:00,0.03,ALL_PURPOSE,123456789,"{""run_as"": {""email"": ""user03@example.com""}, ""actor_type"": ""user""}"
2026-02-16T17:00:00,2026-02-16T18:00:00,0.1453,ALL_PURPOSE,123456789,"{""run_as"": {""email"": ""user03@example.com""}, ""actor_type"": ""user""}"
2026-02-16T18:00:00,2026-02-16T19:00:00,0.2718,ALL_PURPOSE,123456789,"{""run_as"": {""email"": ""user03@example.com""}, ""actor_type"": ""user""}"
2026-02-16T19:00:00,2026-02-16T20:00:00,0.0571,ALL_PURPOSE,123456789,"{""run_as"": {""email"": ""user03@example.com""}, ""actor_type"": ""user""}"
2026-02-16T20:00:00,2026-02-16T21:00:00,0.0,ALL_PURPOSE,123456789,"{""run_as"": {""email"": ""user03@example.com""}, ""actor_type"": ""user""}"
2026-02-16T21:00:00,2026-02-16T22:00:00,0.0269,ALL_PURPOSE,123456789,"{""run_as"": {""email"": ""user03@example.com""}, ""actor_type"": ""user""}"
2026-02-16T22:00:00,2026-02-16T23:00:00,0.1465,ALL_PURPOSE,123456789,"{""run_as"": {""email"": ""user03@example.com""}, ""actor_type"": ""user""}"
2026-02-16T23:00:00,2026-02-17T00:00:00,0.242,ALL_PURPOSE,123456789,"{""run_as"": {""email"": ""user03@example.com""}, ""actor_type"": ""user""}"
2026-02-17T00:00:00,2026-02-17T01:00:00,0.1488,ALL_PURPOSE,123456789,"{""run_as"": {""email"": ""user03@example.com""}, ""actor_type"": ""user""}"
2026-02-17T01:00:00,2026-02-17T02:00:00,0.2118,ALL_PURPOSE,123456789,"{""run_as"": {""email"": ""user03@example.com""}, ""actor_type"": ""user""}"
2026-02-17T02:00:00,2026-02-17T03:00:00,0.7148,ALL_PURPOSE,123456789,"{""run_as"": {""email"": ""user03@example.com""}, ""actor_type"": ""user""}"
2026-02-17T03:00:00,2026-02-17T04:00:00,0.1548,ALL_PURPOSE,123456789,"{""run_as"": {""email"": ""user03@example.com""}, ""actor_type"": ""user""}"
2026-02-17T04:00:00,2026-02-17T05:00:00,0.1041,ALL_PURPOSE,123456789,"{""run_as"": {""email"": ""user03@example.com""}, ""actor_type"": ""user""}"
2026-02-17T05:00:00,2026-02-17T06:00:00,0.1142,ALL_PURPOSE,123456789,"{""run_as"": {""email"": ""user03@example.com""}, ""actor_type"": ""user""}"
2026-02-17T06:00:00,2026-02-17T07:00:00,0.0491,ALL_PURPOSE,123456789,"{""run_as"": {""email"": ""user03@example.com""}, ""actor_type"": ""user""}"
2026-02-17T07:00:00,2026-02-17T08:00:00,0.1808,ALL_PURPOSE,123456789,"{""run_as"": {""email"": ""user03@example.com""}, ""actor_type"": ""user""}"
2026-02-17T08:00:00,2026-02-17T09:00:00,0.0,ALL_PURPOSE,123456789,"{""run_as"": {""email"": ""user03@example.com""}, ""actor_type"": ""user""}"
2026-02-17T09:00:00,2026-02-17T10:00:00,0.2728,ALL_PURPOSE,123456789,"{""run_as"": {""email"": ""user03@example.com""}, ""actor_type"": ""user""}"
2026-02-17T10:00:00,2026-02-17T11:00:00,0.1278,ALL_PURPOSE,123456789,"{""run_as"": {""email"": ""user03@example.com""}, ""actor_type"": ""user""}"
2026-02-17T11:00:00,2026-02-17T12:00:00,0.026,ALL_PURPOSE,123456789,"{""run_as"": {""email"": ""user03@example.com""}, ""actor_type"": ""user""}"
2026-02-17T12:00:00,2026-02-17T13:00:00,0.3565,ALL_PURPOSE,123456789,"{""run_as"": {""email"": ""user03@example.com""}, ""actor_type"": ""user""}"
2026-02-17T13:00:00,2026-02-17T14:00:00,0.2847,ALL_PURPOSE,123456789,"{""run_as"": {""email"": ""user03@example.com""}, ""actor_type"": ""user""}"
2026-02-17T14:00:00,2026-02-17T15:00:00,0.2551,ALL_PURPOSE,123456789,"{""run_as"": {""email"": ""user03@example.com""}, ""actor_type"": ""user""}"
2026-02-17T15:00:00,2026-02-17T16:00:00,0.0,ALL_PURPOSE,123456789,"{""run_as"": {""email"": ""user03@example.com""}, ""actor_type"": ""user""}"
2026-02-17T16:00:00,2026-02-17T17:00:00,0.0,ALL_PURPOSE,123456789,"{""run_as"": {""email"": ""user03@example.com""}, ""actor_type"": ""user""}"
2026-02-17T17:00:00,2026-02-17T18:00:00,0.0,ALL_PURPOSE,123456789,"{""run_as"": {""email"": ""user03@example.com""}, ""actor_type"": ""user""}"
2026-02-17T18:00:00,2026-02-17T19:00:00,0.2216,ALL_PURPOSE,123456789,"{""run_as"": {""email"": ""user03@example.com""}, ""actor_type"": ""user""}"
2026-02-17T19:00:00,2026-02-17T20:00:00,0.3215,ALL_PURPOSE,123456789,"{""run_as"": {""email"": ""user03@example.com""}, ""actor_type"": ""user""}"
2026-02-17T20:00:00,2026-02-17T21:00:00,0.0,ALL_PURPOSE,123456789,"{""run_as"": {""email"": ""user03@example.com""}, ""actor_type"": ""user""}"
2026-02-17T21:00:00,2026-02-17T22:00:00,0.1237,ALL_PURPOSE,123456789,"{""run_as"": {""email"": ""user03@example.com""}, ""actor_type"": ""user""}"
2026-02-17T22:00:00,2026-02-17T23:00:00,0.2875,ALL_PURPOSE,123456789,"{""run_as"": {""email"": ""user03@example.com""}, ""actor_type"": ""user""}"
2026-02-17T23:00:00,2026-02-18T00:00:00,1.11,ALL_PURPOSE,123456789,"{""run_as"": {""email"": ""user03@example.com""}, ""actor_type"": ""user""}"
2026-02-18T00:00:00,2026-02-18T01:00:00,0.18,ALL_PURPOSE,123456789,"{""run_as"": {""email"": ""user03@example.com""}, ""actor_type"": ""user""}"
2026-02-18T01:00:00,2026-02-18T02:00:00,0.3512,ALL_PURPOSE,123456789,"{""run_as"": {""email"": ""user03@example.com""}, ""actor_type"": ""user""}"
2026-02-18T02:00:00,2026-02-18T03:00:00,0.0728,ALL_PURPOSE,123456789,"{""run_as"": {""email"": ""user03@example.com""}, ""actor_type"": ""user""}"
2026-02-18T03:00:00,2026-02-18T04:00:00,0.5512,ALL_PURPOSE,123456789,"{""run_as"": {""email"": ""user03@example.com""}, ""actor_type"": ""user""}"
2026-02-18T04:00:00,2026-02-18T05:00:00,0.6624,ALL_PURPOSE,123456789,"{""run_as"": {""email"": ""user03@example.com""}, ""actor_type"": ""user""}"
2026-02-18T05:00:00,2026-02-18T06:00:00,0.3764,ALL_PURPOSE,123456789,"{""run_as"": {""email"": ""user03@example.com""}, ""actor_type"": ""user""}"
2026-02-18T06:00:00,2026-02-18T07:00:00,0.1002,ALL_PURPOSE,123456789,"{""run_as"": {""email"": ""user03@example.com""}, ""actor_type"": ""user""}"
2026-02-18T07:00:00,2026-02-18T08:00:00,0.0,ALL_PURPOSE,123456789,"{""run_as"": {""email"": ""user03@example.com""}, ""actor_type"": ""user""}"
2026-02-18T08:00:00,2026-02-18T09:00:00,0.1211,ALL_PURPOSE,123456789,"{""run_as"": {""email"": ""user03@example.com""}, ""actor_type"": ""user""}"
2026-02-18T09:00:00,2026-02-18T10:00:00,0.201,ALL_PURPOSE,123456789,"{""run_as"": {""email"": ""user03@example.com""}, ""actor_type"": ""user""}"
2026-02-18T10:00:00,2026-02-18T11:00:00,0.3766,ALL_PURPOSE,123456789,"{""run_as"": {""email"": ""user03@example.com""}, ""actor_type"": ""user""}"
2026-02-18T11:00:00,2026-02-18T12:00:00,0.2635,ALL_PURPOSE,123456789,"{""run_as"": {""email"": ""user03@example.com""}, ""actor_type"": ""user""}"
2026-02-18T12:00:00,2026-02-18T13:00:00,0.2421,ALL_PURPOSE,123456789,"{""run_as"": {""email"": ""user03@example.com""}, ""actor_type"": ""user""}"
2026-02-18T13:00:00,2026-02-18T14:00:00,0.2254,ALL_PURPOSE,123456789,"{""run_as"": {""email"": ""user03@example.com""}, ""actor_type"": ""user""}"
2026-02-18T14:00:00,2026-02-18T15:00:00,0.0,ALL_PURPOSE,123456789,"{""run_as"": {""email"": ""user03@example.com""}, ""actor_type"": ""user""}"
2026-02-18T15:00:00,2026-02-18T16:00:00,0.2566,ALL_PURPOSE,123456789,"{""run_as"": {""email"": ""user03@example.com""}, ""actor_type"": ""user""}"
2026-02-18T16:00:00,2026-02-18T17:00:00,0.2605,ALL_PURPOSE,123456789,"{""run_as"": {""email"": ""user03@example.com""}, ""actor_type"": ""user""}"
2026-02-18T17:00:00,2026-02-18T18:00:00,0.1666,ALL_PURPOSE,123456789,"{""run_as"": {""email"": ""user03@example.com""}, ""actor_type"": ""user""}"
2026-02-18T18:00:00,2026-02-18T19:00:00,0.1992,ALL_PURPOSE,123456789,"{""run_as"": {""email"": ""user03@example.com""}, ""actor_type"": ""user""}"
2026-02-18T19:00:00,2026-02-18T20:00:00,0.1159,ALL_PURPOSE,123456789,"{""run_as"": {""email"": ""user03@example.com""}, ""actor_type"": ""user""}"
2026-02-18T20:00:00,2026-02-18T21:00:00,0.1932,ALL_PURPOSE,123456789,"{""run_as"": {""email"": ""user03@example.com""}, ""actor_type"": ""user""}"
2026-02-18T21:00:00,2026-02-18T22:00:00,0.274,ALL_PURPOSE,123456789,"{""run_as"": {""email"": ""user03@example.com""}, ""actor_type"": ""user""}"
2026-02-18T22:00:00,2026-02-18T23:00:00,0.4369,ALL_PURPOSE,123456789,"{""run_as"": {""email"": ""user03@example.com""}, ""actor_type"": ""user""}"
2026-02-18T23:00:00,2026-02-19T00:00:00,0.0816,ALL_PURPOSE,123456789,"{""run_as"": {""email"": ""user03@example.com""}, ""actor_type"": ""user""}"
2026-02-19T00:00:00,2026-02-19T01:00:00,0.2873,ALL_PURPOSE,123456789,"{""run_as"": {""email"": ""user03@example.com""}, ""actor_type"": ""user""}"
2026-02-19T01:00:00,2026-02-19T02:00:00,0.7495,ALL_PURPOSE,123456789,"{""run_as"": {""email"": ""user03@example.com""}, ""actor_type"": ""user""}"
2026-02-19T02:00:00,2026-02-19T03:00:00,0.1276,ALL_PURPOSE,123456789,"{""run_as"": {""email"": ""user03@example.com""}, ""actor_type"": ""user""}"
2026-02-19T03:00:00,2026-02-19T04:00:00,0.4023,ALL_PURPOSE,123456789,"{""run_as"": {""email"": ""user03@example.com""}, ""actor_type"": ""user""}"
2026-02-19T04:00:00,2026-02-19T05:00:00,0.9519,ALL_PURPOSE,123456789,"{""run_as"": {""email"": ""user03@example.com""}, ""actor_type"": ""user""}"
2026-02-19T05:00:00,2026-02-19T06:00:00,0.131,ALL_PURPOSE,123456789,"{""run_as"": {""email"": ""user03@example.com""}, ""actor_type"": ""user""}"
2026-02-19T06:00:00,2026-02-19T07:00:00,0.3052,ALL_PURPOSE,123456789,"{""run_as"": {""email"": ""user03@example.com""}, ""actor_type"": ""user""}"
2026-02-19T07:00:00,2026-02-19T08:00:00,0.2059,ALL_PURPOSE,123456789,"{""run_as"": {""email"": ""user03@example.com""}, ""actor_type"": ""user""}"
2026-02-19T08:00:00,2026-02-19T09:00:00,0.0,ALL_PURPOSE,123456789,"{""run_as"": {""email"": ""user03@example.com""}, ""actor_type"": ""user""}"
2026-02-19T09:00:00,2026-02-19T10:00:00,0.3781,ALL_PURPOSE,123456789,"{""run_as"": {""email"": ""user03@example.com""}, ""actor_type"": ""user""}"
2026-02-19T10:00:00,2026-02-19T11:00:00,0.3867,ALL_PURPOSE,123456789,"{""run_as"": {""email"": ""user03@example.com""}, ""actor_type"": ""user""}"
2026-02-19T11:00:00,2026-02-19T12:00:00,0.0,ALL_PURPOSE,123456789,"{""run_as"": {""email"": ""user03@example.com""}, ""actor_type"": ""user""}"
2026-02-19T12:00:00,2026-02-19T13:00:00,0.198,ALL_PURPOSE,123456789,"{""run_as"": {""email"": ""user03@example.com""}, ""actor_type"": ""user""}"
2026-02-19T13:00:00,2026-02-19T14:00:00,0.2617,ALL_PURPOSE,123456789,"{""run_as"": {""email"": ""user03@example.com""}, ""actor_type"": ""user""}"
2026-02-19T14:00:00,2026-02-19T15:00:00,0.2147,ALL_PURPOSE,123456789,"{""run_as"": {""email"": ""user03@example.com""}, ""actor_type"": ""user""}"
2026-02-19T15:00:00,2026-02-19T16:00:00,0.1724,ALL_PURPOSE,123456789,"{""run_as"": {""email"": ""user03@example.com""}, ""actor_type"": ""user""}"
2026-02-19T16:00:00,2026-02-19T17:00:00,0.291,ALL_PURPOSE,123456789,"{""run_as"": {""email"": ""user03@example.com""}, ""actor_type"": ""user""}"
2026-02-19T17:00:00,2026-02-19T18:00:00,0.1464,ALL_PURPOSE,123456789,"{""run_as"": {""email"": ""user03@example.com""}, ""actor_type"": ""user""}"
2026-02-19T18:00:00,2026-02-19T19:00:00,0.2281,ALL_PURPOSE,123456789,"{""run_as"": {""email"": ""user03@example.com""}, ""actor_type"": ""user""}"
2026-02-19T19:00:00,2026-02-19T20:00:00,0.0,ALL_PURPOSE,123456789,"{""run_as"": {""email"": ""user03@example.com""}, ""actor_type"": ""user""}"
2026-02-19T20:00:00,2026-02-19T21:00:00,0.2017,ALL_PURPOSE,123456789,"{""run_as"": {""email"": ""user03@example.com""}, ""actor_type"": ""user""}"
2026-02-19T21:00:00,2026-02-19T22:00:00,0.1119,ALL_PURPOSE,123456789,"{""run_as"": {""email"": ""user03@example.com""}, ""actor_type"": ""user""}"
2026-02-19T22:00:00,2026-02-19T23:00:00,1.0547,ALL_PURPOSE,123456789,"{""run_as"": {""email"": ""user03@example.com""}, ""actor_type"": ""user""}"
2026-02-19T23:00:00,2026-02-20T00:00:00,1.0752,ALL_PURPOSE,123456789,"{""run_as"": {""email"": ""user03@example.com""}, ""actor_type"": ""user""}"
2026-02-20T00:00:00,2026-02-20T01:00:00,0.0796,ALL_PURPOSE,123456789,"{""run_as"": {""email"": ""user03@example.com""}, ""actor_type"": ""user""}"
2026-02-20T01:00:00,2026-02-20T02:00:00,0.3512,ALL_PURPOSE,123456789,"{""run_as"": {""email"": ""user03@example.com""}, ""actor_type"": ""user""}"
2026-02-20T02:00:00,2026-02-20T03:00:00,0.1828,ALL_PURPOSE,123456789,"{""run_as"": {""email"": ""user03@example.com""}, ""actor_type"": ""user""}"
2026-02-20T03:00:00,2026-02-20T04:00:00,0.1312,ALL_PURPOSE,123456789,"{""run_as"": {""email"": ""user03@example.com""}, ""actor_type"": ""user""}"
2026-02-20T04:00:00,2026-02-20T05:00:00,0.3962,ALL_PURPOSE,123456789,"{""run_as"": {""email"": ""user03@example.com""}, ""actor_type"": ""user""}"
2026-02-20T05:00:00,2026-02-20T06:00:00,0.1345,ALL_PURPOSE,123456789,"{""run_as"": {""email"": ""user03@example.com""}, ""actor_type"": ""user""}"
2026-02-20T06:00:00,2026-02-20T07:00:00,0.2835,ALL_PURPOSE,123456789,"{""run_as"": {""email"": ""user03@example.com""}, ""actor_type"": ""user""}"
2026-02-20T07:00:00,2026-02-20T08:00:00,0.3263,ALL_PURPOSE,123456789,"{""run_as"": {""email"": ""user03@example.com""}, ""actor_type"": ""user""}"
2026-02-20T08:00:00,2026-02-20T09:00:00,0.2695,ALL_PURPOSE,123456789,"{""run_as"": {""email"": ""user03@example.com""}, ""actor_type"": ""user""}"
2026-02-20T09:00:00,2026-02-20T10:00:00,0.2335,ALL_PURPOSE,123456789,"{""run_as"": {""email"": ""user03@example.com""}, ""actor_type"": ""user""}"
2026-02-20T10:00:00,2026-02-20T11:00:00,0.2901,ALL_PURPOSE,123456789,"{""run_as"": {""email"": ""user03@example.com""}, ""actor_type"": ""user""}"
2026-02-20T11:00:00,2026-02-20T12:00:00,0.0107,ALL_PURPOSE,123456789,"{""run_as"": {""email"": ""user03@example.com""}, ""actor_type"": ""user""}"
2026-02-20T12:00:00,2026-02-20T13:00:00,0.3868,ALL_PURPOSE,123456789,"{""run_as"": {""email"": ""user03@example.com""}, ""actor_type"": ""user""}"
2026-02-20T13:00:00,2026-02-20T14:00:00,0.3105,ALL_PURPOSE,123456789,"{""run_as"": {""email"": ""user03@example.com""}, ""actor_type"": ""user""}"
2026-02-20T14:00:00,2026-02-20T15:00:00,0.2886,ALL_PURPOSE,123456789,"{""run_as"": {""email"": ""user03@example.com""}, ""actor_type"": ""user""}"
2026-02-20T15:00:00,2026-02-20T16:00:00,0.0682,ALL_PURPOSE,123456789,"{""run_as"": {""email"": ""user03@example.com""}, ""actor_type"": ""user""}"
2026-02-20T16:00:00,2026-02-20T17:00:00,0.2479,ALL_PURPOSE,123456789,"{""run_as"": {""email"": ""user03@example.com""}, ""actor_type"": ""user""}"
2026-02-13T17:00:00,2026-02-13T18:00:00,0.0591,ALL_PURPOSE,123456789,"{""run_as"": {""email"": ""user04@example.com""}, ""actor_type"": ""user""}"
2026-02-13T18:00:00,2026-02-13T19:00:00,0.0126,ALL_PURPOSE,123456789,"{""run_as"": {""email"": ""user04@example.com""}, ""actor_type"": ""user""}"
2026-02-13T19:00:00,2026-02-13T20:00:00,0.0,ALL_PURPOSE,123456789,"{""run_as"": {""email"": ""user04@example.com""}, ""actor_type"": ""user""}"
2026-02-13T20:00:00,2026-02-13T21:00:00,0.1255,ALL_PURPOSE,123456789,"{""run_as"": {""email"": ""user04@example.com""}, ""actor_type"": ""user""}"
2026-02-13T21:00:00,2026-02-13T22:00:00,0.2762,ALL_PURPOSE,123456789,"{""run_as"": {""email"": ""user04@example.com""}, ""actor_type"": ""user""}"
2026-02-13T22:00:00,2026-02-13T23:00:00,0.31,ALL_PURPOSE,123456789,"{""run_as"": {""email"": ""user04@example.com""}, ""actor_type"": ""user""}"
2026-02-13T23:00:00,2026-02-14T00:00:00,0.491,ALL_PURPOSE,123456789,"{""run_as"": {""email"": ""user04@example.com""}, ""actor_type"": ""user""}"
2026-02-14T00:00:00,2026-02-14T01:00:00,0.13,ALL_PURPOSE,123456789,"{""run_as"": {""email"": ""user04@example.com""}, ""actor_type"": ""user""}"
2026-02-14T01:00:00,2026-02-14T02:00:00,0.864,ALL_PURPOSE,123456789,"{""run_as"": {""email"": ""user04@example.com""}, ""actor_type"": ""user""}"
2026-02-14T02:00:00,2026-02-14T03:00:00,0.1417,ALL_PURPOSE,123456789,"{""run_as"": {""email"": ""user04@example.com""}, ""actor_type"": ""user""}"
2026-02-14T03:00:00,2026-02-14T04:00:00,0.2573,ALL_PURPOSE,123456789,"{""run_as"": {""email"": ""user04@example.com""}, ""actor_type"": ""user""}"
2026-02-14T04:00:00,2026-02-14T05:00:00,0.5676,ALL_PURPOSE,123456789,"{""run_as"": {""email"": ""user04@example.com""}, ""actor_type"": ""user""}"
2026-02-14T05:00:00,2026-02-14T06:00:00,0.6915,ALL_PURPOSE,123456789,"{""run_as"": {""email"": ""user04@example.com""}, ""actor_type"": ""user""}"
2026-02-14T06:00:00,2026-02-14T07:00:00,0.282,ALL_PURPOSE,123456789,"{""run_as"": {""email"": ""user04@example.com""}, ""actor_type"": ""user""}"
2026-02-14T07:00:00,2026-02-14T08:00:00,0.1395,ALL_PURPOSE,123456789,"{""run_as"": {""email"": ""user04@example.com""}, ""actor_type"": ""user""}"
2026-02-14T08:00:00,2026-02-14T09:00:00,0.3182,ALL_PURPOSE,123456789,"{""run_as"": {""email"": ""user04@example.com""}, ""actor_type"": ""user""}"
2026-02-14T09:00:00,2026-02-14T10:00:00,0.0487,ALL_PURPOSE,123456789,"{""run_as"": {""email"": ""user04@example.com""}, ""actor_type"": ""user""}"
2026-02-14T10:00:00,2026-02-14T11:00:00,0.1519,ALL_PURPOSE,123456789,"{""run_as"": {""email"": ""user04@example.com""}, ""actor_type"": ""user""}"
2026-02-14T11:00:00,2026-02-14T12:00:00,0.3274,ALL_PURPOSE,123456789,"{""run_as"": {""email"": ""user04@example.com""}, ""actor_type"": ""user""}"
2026-02-14T12:00:00,2026-02-14T13:00:00,0.3218,ALL_PURPOSE,123456789,"{""run_as"": {""email"": ""user04@example.com""}, ""actor_type"": ""user""}"
2026-02-14T13:00:00,2026-02-14T14:00:00,0.1151,ALL_PURPOSE,123456789,"{""run_as"": {""email"": ""user04@example.com""}, ""actor_type"": ""user""}"
2026-02-14T14:00:00,2026-02-14T15:00:00,0.1385,ALL_PURPOSE,123456789,"{""run_as"": {""email"": ""user04@example.com""}, ""actor_type"": ""user""}"
2026-02-14T15:00:00,2026-02-14T16:00:00,0.1026,ALL_PURPOSE,123456789,"{""run_as"": {""email"": ""user04@example.com""}, ""actor_type"": ""user""}"
2026-02-14T16:00:00,2026-02-14T17:00:00,0.0808,ALL_PURPOSE,123456789,"{""run_as"": {""email"": ""user04@example.com""}, ""actor_type"": ""user""}"
2026-02-14T17:00:00,2026-02-14T18:00:00,0.3732,ALL_PURPOSE,123456789,"{""run_as"": {""email"": ""user04@example.com""}, ""actor_type"": ""user""}"
2026-02-14T18:00:00,2026-02-14T19:00:00,0.0549,ALL_PURPOSE,123456789,"{""run_as"": {""email"": ""user04@example.com""}, ""actor_type"": ""user""}"
2026-02-14T19:00:00,2026-02-14T20:00:00,0.2347,ALL_PURPOSE,123456789,"{""run_as"": {""email"": ""user04@example.com""}, ""actor_type"": ""user""}"
2026-02-14T20:00:00,2026-02-14T21:00:00,0.2679,ALL_PURPOSE,123456789,"{""run_as"": {""email"": ""user04@example.com""}, ""actor_type"": ""user""}"
2026-02-14T21:00:00,2026-02-14T22:00:00,0.0,ALL_PURPOSE,123456789,"{""run_as"": {""email"": ""user04@example.com""}, ""actor_type"": ""user""}"
2026-02-14T22:00:00,2026-02-14T23:00:00,0.0,ALL_PURPOSE,123456789,"{""run_as"": {""email"": ""user04@example.com""}, ""actor_type"": ""user""}"
2026-02-14T23:00:00,2026-02-15T00:00:00,0.7936,ALL_PURPOSE,123456789,"{""run_as"": {""email"": ""user04@example.com""}, ""actor_type"": ""user""}"
2026-02-15T00:00:00,2026-02-15T01:00:00,0.1628,ALL_PURPOSE,123456789,"{""run_as"": {""email"": ""user04@example.com""}, ""actor_type"": ""user""}"
2026-02-15T01:00:00,2026-02-15T02:00:00,0.9657,ALL_PURPOSE,123456789,"{""run_as"": {""email"": ""user04@example.com""}, ""actor_type"": ""user""}"
2026-02-15T02:00:00,2026-02-15T03:00:00,0.0,ALL_PURPOSE,123456789,"{""run_as"": {""email"": ""user04@example.com""}, ""actor_type"": ""user""}"
2026-02-15T03:00:00,2026-02-15T04:00:00,0.2297,ALL_PURPOSE,123456789,"{""run_as"": {""email"": ""user04@example.com""}, ""actor_type"": ""user""}"
2026-02-15T04:00:00,2026-02-15T05:00:00,0.3747,ALL_PURPOSE,123456789,"{""run_as"": {""email"": ""user04@example.com""}, ""actor_type"": ""user""}"
2026-02-15T05:00:00,2026-02-15T06:00:00,1.0966,ALL_PURPOSE,123456789,"{""run_as"": {""email"": ""user04@example.com""}, ""actor_type"": ""user""}"
2026-02-15T06:00:00,2026-02-15T07:00:00,0.1588,ALL_PURPOSE,123456789,"{""run_as"": {""email"": ""user04@example.com""}, ""actor_type"": ""user""}"
2026-02-15T07:00:00,2026-02-15T08:00:00,0.3746,ALL_PURPOSE,123456789,"{""run_as"": {""email"": ""user04@example.com""}, ""actor_type"": ""user""}"
2026-02-15T08:00:00,2026-02-15T09:00:00,0.3704,ALL_PURPOSE,123456789,"{""run_as"": {""email"": ""user04@example.com""}, ""actor_type"": ""user""}"
2026-02-15T09:00:00,2026-02-15T10:00:00,0.0037,ALL_PURPOSE,123456789,"{""run_as"": {""email"": ""user04@example.com""}, ""actor_type"": ""user""}"
2026-02-15T10:00:00,2026-02-15T11:00:00,0.0429,ALL_PURPOSE,123456789,"{""run_as"": {""email"": ""user04@example.com""}, ""actor_type"": ""user""}"
2026-02-15T11:00:00,2026-02-15T12:00:00,0.1138,ALL_PURPOSE,123456789,"{""run_as"": {""email"": ""user04@example.com""}, ""actor_type"": ""user""}"
2026-02-15T12:00:00,2026-02-15T13:00:00,0.2173,ALL_PURPOSE,123456789,"{""run_as"": {""email"": ""user04@example.com""}, ""actor_type"": ""user""}"
2026-02-15T13:00:00,2026-02-15T14:00:00,0.3754,ALL_PURPOSE,123456789,"{""run_as"": {""email"": ""user04@example.com""}, ""actor_type"": ""user""}"
2026-02-15T14:00:00,2026-02-15T15:00:00,0.1872,ALL_PURPOSE,123456789,"{""run_as"": {""email"": ""user04@example.com""}, ""actor_type"": ""user""}"
2026-02-15T15:00:00,2026-02-15T16:00:00,0.0451,ALL_PURPOSE,123456789,"{""run_as"": {""email"": ""user04@example.com""}, ""actor_type"": ""user""}"
2026-02-15T16:00:00,2026-02-15T17:00:00,0.1836,ALL_PURPOSE,123456789,"{""run_as"": {""email"": ""user04@example.com""}, ""actor_type"": ""user""}"
2026-02-15T17:00:00,2026-02-15T18:00:00,0.0745,ALL_PURPOSE,123456789,"{""run_as"": {""email"": ""user04@example.com""}, ""actor_type"": ""user""}"
2026-02-15T18:00:00,2026-02-15T19:00:00,0.3163,ALL_PURPOSE,123456789,"{""run_as"": {""email"": ""user04@example.com""}, ""actor_type"": ""user""}"
2026-02-15T19:00:00,2026-02-15T20:00:00,0.3029,ALL_PURPOSE,123456789,"{""run_as"": {""email"": ""user04@example.com""}, ""actor_type"": ""user""}"
2026-02-15T20:00:00,2026-02-15T21:00:00,0.3425,ALL_PURPOSE,123456789,"{""run_as"": {""email"": ""user04@example.com""}, ""actor_type"": ""user""}"
2026-02-15T21:00:00,2026-02-15T22:00:00,0.3308,ALL_PURPOSE,123456789,"{""run_as"": {""email"": ""user04@example.com""}, ""actor_type"": ""user""}"
2026-02-15T22:00:00,2026-02-15T23:00:00,0.0347,ALL_PURPOSE,123456789,"{""run_as"": {""email"": ""user04@example.com""}, ""actor_type"": ""user""}"
2026-02-15T23:00:00,2026-02-16T00:00:00,0.3299,ALL_PURPOSE,123456789,"{""run_as"": {""email"": ""user04@example.com""}, ""actor_type"": ""user""}"
2026-02-16T00:00:00,2026-02-16T01:00:00,0.0942,ALL_PURPOSE,123456789,"{""run_as"": {""email"": ""user04@example.com""}, ""actor_type"": ""user""}"
2026-02-16T01:00:00,2026-02-16T02:00:00,0.0,ALL_PURPOSE,123456789,"{""run_as"": {""email"": ""user04@example.com""}, ""actor_type"": ""user""}"
2026-02-16T02:00:00,2026-02-16T03:00:00,0.0,ALL_PURPOSE,123456789,"{""run_as"": {""email"": ""user04@example.com""}, ""actor_type"": ""user""}"
2026-02-16T03:00:00,2026-02-16T04:00:00,0.4311,ALL_PURPOSE,123456789,"{""run_as"": {""email"": ""user04@example.com""}, ""actor_type"": ""user""}"
2026-02-16T04:00:00,2026-02-16T05:00:00,0.358,ALL_PURPOSE,123456789,"{""run_as"": {""email"": ""user04@example.com""}, ""actor_type"": ""user""}"
2026-02-16T05:00:00,2026-02-16T06:00:00,0.047,ALL_PURPOSE,123456789,"{""run_as"": {""email"": ""user04@example.com""}, ""actor_type"": ""user""}"
2026-02-16T06:00:00,2026-02-16T07:00:00,0.2459,ALL_PURPOSE,123456789,"{""run_as"": {""email"": ""user04@example.com""}, ""actor_type"": ""user""}"
2026-02-16T07:00:00,2026-02-16T08:00:00,0.0534,ALL_PURPOSE,123456789,"{""run_as"": {""email"": ""user04@example.com""}, ""actor_type"": ""user""}"
2026-02-16T08:00:00,2026-02-16T09:00:00,0.2991,ALL_PURPOSE,123456789,"{""run_as"": {""email"": ""user04@example.com""}, ""actor_type"": ""user""}"
2026-02-16T09:00:00,2026-02-16T10:00:00,0.1663,ALL_PURPOSE,123456789,"{""run_as"": {""email"": ""user04@example.com""}, ""actor_type"": ""user""}"
2026-02-16T10:00:00,2026-02-16T11:00:00,0.1883,ALL_PURPOSE,123456789,"{""run_as"": {""email"": ""user04@example.com""}, ""actor_type"": ""user""}"
2026-02-16T11:00:00,2026-02-16T12:00:00,0.2656,ALL_PURPOSE,123456789,"{""run_as"": {""email"": ""user04@example.com""}, ""actor_type"": ""user""}"
2026-02-16T12:00:00,2026-02-16T13:00:00,0.099,ALL_PURPOSE,123456789,"{""run_as"": {""email"": ""user04@example.com""}, ""actor_type"": ""user""}"
2026-02-16T13:00:00,2026-02-16T14:00:00,0.0,ALL_PURPOSE,123456789,"{""run_as"": {""email"": ""user04@example.com""}, ""actor_type"": ""user""}"
2026-02-16T14:00:00,2026-02-16T15:00:00,0.1787,ALL_PURPOSE,123456789,"{""run_as"": {""email"": ""user04@example.com""}, ""actor_type"": ""user""}"
2026-02-16T15:00:00,2026-02-16T16:00:00,0.0312,ALL_PURPOSE,123456789,"{""run_as"": {""email"": ""user04@example.com""}, ""actor_type"": ""user""}"
2026-02-16T16:00:00,2026-02-16T17:00:00,0.0247,ALL_PURPOSE,123456789,"{""run_as"": {""email"": ""user04@example.com""}, ""actor_type"": ""user""}"
2026-02-16T17:00:00,2026-02-16T18:00:00,0.2022,ALL_PURPOSE,123456789,"{""run_as"": {""email"": ""user04@example.com""}, ""actor_type"": ""user""}"
2026-02-16T18:00:00,2026-02-16T19:00:00,0.0599,ALL_PURPOSE,123456789,"{""run_as"": {""email"": ""user04@example.com""}, ""actor_type"": ""user""}"
2026-02-16T19:00:00,2026-02-16T20:00:00,0.0,ALL_PURPOSE,123456789,"{""run_as"": {""email"": ""user04@example.com""}, ""actor_type"": ""user""}"
2026-02-16T20:00:00,2026-02-16T21:00:00,0.0822,ALL_PURPOSE,123456789,"{""run_as"": {""email"": ""user04@example.com""}, ""actor_type"": ""user""}"
2026-02-16T21:00:00,2026-02-16T22:00:00,0.0364,ALL_PURPOSE,123456789,"{""run_as"": {""email"": ""user04@example.com""}, ""actor_type"": ""user""}"
2026-02-16T22:00:00,2026-02-16T23:00:00,0.3235,ALL_PURPOSE,123456789,"{""run_as"": {""email"": ""user04@example.com""}, ""actor_type"": ""user""}"
2026-02-16T23:00:00,2026-02-17T00:00:00,0.6064,ALL_PURPOSE,123456789,"{""run_as"": {""email"": ""user04@example.com""}, ""actor_type"": ""user""}"
2026-02-17T00:00:00,2026-02-17T01:00:00,0.2893,ALL_PURPOSE,123456789,"{""run_as"": {""email"": ""user04@example.com""}, ""actor_type"": ""user""}"
2026-02-17T01:00:00,2026-02-17T02:00:00,0.0,ALL_PURPOSE,123456789,"{""run_as"": {""email"": ""user04@example.com""}, ""actor_type"": ""user""}"
2026-02-17T02:00:00,2026-02-17T03:00:00,0.9337,ALL_PURPOSE,123456789,"{""run_as"": {""email"": ""user04@example.com""}, ""actor_type"": ""user""}"
2026-02-17T03:00:00,2026-02-17T04:00:00,0.0,ALL_PURPOSE,123456789,"{""run_as"": {""email"": ""user04@example.com""}, ""actor_type"": ""user""}"
2026-02-17T04:00:00,2026-02-17T05:00:00,0.1635,ALL_PURPOSE,123456789,"{""run_as"": {""email"": ""user04@example.com""}, ""actor_type"": ""user""}"
2026-02-17T05:00:00,2026-02-17T06:00:00,0.3913,ALL_PURPOSE,123456789,"{""run_as"": {""email"": ""user04@example.com""}, ""actor_type"": ""user""}"
2026-02-17T06:00:00,2026-02-17T07:00:00,0.3971,ALL_PURPOSE,123456789,"{""run_as"": {""email"": ""user04@example.com""}, ""actor_type"": ""user""}"
2026-02-17T07:00:00,2026-02-17T08:00:00,0.3478,ALL_PURPOSE,123456789,"{""run_as"": {""email"": ""user04@example.com""}, ""actor_type"": ""user""}"
2026-02-17T08:00:00,2026-02-17T09:00:00,0.1503,ALL_PURPOSE,123456789,"{""run_as"": {""email"": ""user04@example.com""}, ""actor_type"": ""user""}"
2026-02-17T09:00:00,2026-02-17T10:00:00,0.2647,ALL_PURPOSE,123456789,"{""run_as"": {""email"": ""user04@example.com""}, ""actor_type"": ""user""}"
2026-02-17T10:00:00,2026-02-17T11:00:00,0.2614,ALL_PURPOSE,123456789,"{""run_as"": {""email"": ""user04@example.com""}, ""actor_type"": ""user""}"
2026-02-17T11:00:00,2026-02-17T12:00:00,0.0714,ALL_PURPOSE,123456789,"{""run_as"": {""email"": ""user04@example.com""}, ""actor_type"": ""user""}"
2026-02-17T12:00:00,2026-02-17T13:00:00,0.2115,ALL_PURPOSE,123456789,"{""run_as"": {""email"": ""user04@example.com""}, ""actor_type"": ""user""}"
2026-02-17T13:00:00,2026-02-17T14:00:00,0.0,ALL_PURPOSE,123456789,"{""run_as"": {""email"": ""user04@example.com""}, ""actor_type"": ""user""}"
2026-02-17T14:00:00,2026-02-17T15:00:00,0.0091,ALL_PURPOSE,123456789,"{""run_as"": {""email"": ""user04@example.com""}, ""actor_type"": ""user""}"
2026-02-17T15:00:00,2026-02-17T16:00:00,0.2694,ALL_PURPOSE,123456789,"{""run_as"": {""email"": ""user04@example.com""}, ""actor_type"": ""user""}"
2026-02-17T16:00:00,2026-02-17T17:00:00,0.2128,ALL_PURPOSE,123456789,"{""run_as"": {""email"": ""user04@example.com""}, ""actor_type"": ""user""}"
2026-02-17T17:00:00,2026-02-17T18:00:00,0.099,ALL_PURPOSE,123456789,"{""run_as"": {""email"": ""user04@example.com""}, ""actor_type"": ""user""}"
2026-02-17T18:00:00,2026-02-17T19:00:00,0.1103,ALL_PURPOSE,123456789,"{""run_as"": {""email"": ""user04@example.com""}, ""actor_type"": ""user""}"
2026-02-17T19:00:00,2026-02-17T20:00:00,0.0,ALL_PURPOSE,123456789,"{""run_as"": {""email"": ""user04@example.com""}, ""actor_type"": ""user""}"
2026-02-17T20:00:00,2026-02-17T21:00:00,0.3238,ALL_PURPOSE,123456789,"{""run_as"": {""email"": ""user04@example.com""}, ""actor_type"": ""user""}"
2026-02-17T21:00:00,2026-02-17T22:00:00,0.3064,ALL_PURPOSE,123456789,"{""run_as"": {""email"": ""user04@example.com""}, ""actor_type"": ""user""}"
2026-02-17T22:00:00,2026-02-17T23:00:00,0.0,ALL_PURPOSE,123456789,"{""run_as"": {""email"": ""user04@example.com""}, ""actor_type"": ""user""}"
2026-02-17T23:00:00,2026-02-18T00:00:00,0.0,ALL_PURPOSE,123456789,"{""run_as"": {""email"": ""user04@example.com""}, ""actor_type"": ""user""}"
2026-02-18T00:00:00,2026-02-18T01:00:00,0.2962,ALL_PURPOSE,123456789,"{""run_as"": {""email"": ""user04@example.com""}, ""actor_type"": ""user""}"
2026-02-18T01:00:00,2026-02-18T02:00:00,0.0,ALL_PURPOSE,123456789,"{""run_as"": {""email"": ""user04@example.com""}, ""actor_type"": ""user""}"
2026-02-18T02:00:00,2026-02-18T03:00:00,0.8726,ALL_PURPOSE,123456789,"{""run_as"": {""email"": ""user04@example.com""}, ""actor_type"": ""user""}"
2026-02-18T03:00:00,2026-02-18T04:00:00,0.1276,ALL_PURPOSE,123456789,"{""run_as"": {""email"": ""user04@example.com""}, ""actor_type"": ""user""}"
2026-02-18T04:00:00,2026-02-18T05:00:00,0.3285,ALL_PURPOSE,123456789,"{""run_as"": {""email"": ""user04@example.com""}, ""actor_type"": ""user""}"
2026-02-18T05:00:00,2026-02-18T06:00:00,0.2311,ALL_PURPOSE,123456789,"{""run_as"": {""email"": ""user04@example.com""}, ""actor_type"": ""user""}"
2026-02-18T06:00:00,2026-02-18T07:00:00,0.3519,ALL_PURPOSE,123456789,"{""run_as"": {""email"": ""user04@example.com""}, ""actor_type"": ""user""}"
2026-02-18T07:00:00,2026-02-18T08:00:00,0.2504,ALL_PURPOSE,123456789,"{""run_as"": {""email"": ""user04@example.com""}, ""actor_type"": ""user""}"
2026-02-18T08:00:00,2026-02-18T09:00:00,0.1982,ALL_PURPOSE,123456789,"{""run_as"": {""email"": ""user04@example.com""}, ""actor_type"": ""user""}"
2026-02-18T09:00:00,2026-02-18T10:00:00,0.3766,ALL_PURPOSE,123456789,"{""run_as"": {""email"": ""user04@example.com""}, ""actor_type"": ""user""}"
2026-02-18T10:00:00,2026-02-18T11:00:00,0.3143,ALL_PURPOSE,123456789,"{""run_as"": {""email"": ""user04@example.com""}, ""actor_type"": ""user""}"
2026-02-18T11:00:00,2026-02-18T12:00:00,0.0,ALL_PURPOSE,123456789,"{""run_as"": {""email"": ""user04@example.com""}, ""actor_type"": ""user""}"
2026-02-18T12:00:00,2026-02-18T13:00:00,0.1506,ALL_PURPOSE,123456789,"{""run_as"": {""email"": ""user04@example.com""}, ""actor_type"": ""user""}"
2026-02-18T13:00:00,2026-02-18T14:00:00,0.1894,ALL_PURPOSE,123456789,"{""run_as"": {""email"": ""user04@example.com""}, ""actor_type"": ""user""}"
2026-02-18T14:00:00,2026-02-18T15:00:00,0.1203,ALL_PURPOSE,123456789,"{""run_as"": {""email"": ""user04@example.com""}, ""actor_type"": ""user""}"
2026-02-18T15:00:00,2026-02-18T16:00:00,0.3223,ALL_PURPOSE,123456789,"{""run_as"": {""email"": ""user04@example.com""}, ""actor_type"": ""user""}"
2026-02-18T16:00:00,2026-02-18T17:00:00,0.225,ALL_PURPOSE,123456789,"{""run_as"": {""email"": ""user04@example.com""}, ""actor_type"": ""user""}"
2026-02-18T17:00:00,2026-02-18T18:00:00,0.0,ALL_PURPOSE,123456789,"{""run_as"": {""email"": ""user04@example.com""}, ""actor_type"": ""user""}"
2026-02-18T18:00:00,2026-02-18T19:00:00,0.0971,ALL_PURPOSE,123456789,"{""run_as"": {""email"": ""user04@example.com""}, ""actor_type"": ""user""}"
2026-02-18T19:00:00,2026-02-18T20:00:00,0.2587,ALL_PURPOSE,123456789,"{""run_as"": {""email"": ""user04@example.com""}, ""actor_type"": ""user""}"
2026-02-18T20:00:00,2026-02-18T21:00:00,0.0,ALL_PURPOSE,123456789,"{""run_as"": {""email"": ""user04@example.com""}, ""actor_type"": ""user""}"
2026-02-18T21:00:00,2026-02-18T22:00:00,0.2898,ALL_PURPOSE,123456789,"{""run_as"": {""email"": ""user04@example.com""}, ""actor_type"": ""user""}"
2026-02-18T22:00:00,2026-02-18T23:00:00,0.1074,ALL_PURPOSE,123456789,"{""run_as"": {""email"": ""user04@example.com""}, ""actor_type"": ""user""}"
2026-02-18T23:00:00,2026-02-19T00:00:00,0.9826,ALL_PURPOSE,123456789,"{""run_as"": {""email"": ""user04@example.com""}, ""actor_type"": ""user""}"
2026-02-19T00:00:00,2026-02-19T01:00:00,0.2235,ALL_PURPOSE,123456789,"{""run_as"": {""email"": ""user04@example.com""}, ""actor_type"": ""user""}"
2026-02-19T01:00:00,2026-02-19T02:00:00,0.0,ALL_PURPOSE,123456789,"{""run_as"": {""email"": ""user04@example.com""}, ""actor_type"": ""user""}"
2026-02-19T02:00:00,2026-02-19T03:00:00,0.0,ALL_PURPOSE,123456789,"{""run_as"": {""email"": ""user04@example.com""}, ""actor_type"": ""user""}"
2026-02-19T03:00:00,2026-02-19T04:00:00,0.3998,ALL_PURPOSE,123456789,"{""run_as"": {""email"": ""user04@example.com""}, ""actor_type"": ""user""}"
2026-02-19T04:00:00,2026-02-19T05:00:00,0.9823,ALL_PURPOSE,123456789,"{""run_as"": {""email"": ""user04@example.com""}, ""actor_type"": ""user""}"
2026-02-19T05:00:00,2026-02-19T06:00:00,0.3102,ALL_PURPOSE,123456789,"{""run_as"": {""email"": ""user04@example.com""}, ""actor_type"": ""user""}"
2026-02-19T06:00:00,2026-02-19T07:00:00,0.1437,ALL_PURPOSE,123456789,"{""run_as"": {""email"": ""user04@example.com""}, ""actor_type"": ""user""}"
2026-02-19T07:00:00,2026-02-19T08:00:00,0.2051,ALL_PURPOSE,123456789,"{""run_as"": {""email"": ""user04@example.com""}, ""actor_type"": ""user""}"
2026-02-19T08:00:00,2026-02-19T09:00:00,0.0394,ALL_PURPOSE,123456789,"{""run_as"": {""email"": ""user04@example.com""}, ""actor_type"": ""user""}"
2026-02-19T09:00:00,2026-02-19T10:00:00,0.1878,ALL_PURPOSE,123456789,"{""run_as"": {""email"": ""user04@example.com""}, ""actor_type"": ""user""}"
2026-02-19T10:00:00,2026-02-19T11:00:00,0.3657,ALL_PURPOSE,123456789,"{""run_as"": {""email"": ""user04@example.com""}, ""actor_type"": ""user""}"
2026-02-19T11:00:00,2026-02-19T12:00:00,0.1656,ALL_PURPOSE,123456789,"{""run_as"": {""email"": ""user04@example.com""}, ""actor_type"": ""user""}"
2026-02-19T12:00:00,2026-02-19T13:00:00,0.0,ALL_PURPOSE,123456789,"{""run_as"": {""email"": ""user04@example.com""}, ""actor_type"": ""user""}"
2026-02-19T13:00:00,2026-02-19T14:00:00,0.1043,ALL_PURPOSE,123456789,"{""run_as"": {""email"": ""user04@example.com""}, ""actor_type"": ""user""}"
2026-02-19T14:00:00,2026-02-19T15:00:00,0.2317,ALL_PURPOSE,123456789,"{""run_as"": {""email"": ""user04@example.com""}, ""actor_type"": ""user""}"
2026-02-19T15:00:00,2026-02-19T16:00:00,0.061,ALL_PURPOSE,123456789,"{""run_as"": {""email"": ""user04@example.com""}, ""actor_type"": ""user""}"
2026-02-19T16:00:00,2026-02-19T17:00:00,0.1519,ALL_PURPOSE,123456789,"{""run_as"": {""email"": ""user04@example.com""}, ""actor_type"": ""user""}"
2026-02-19T17:00:00,2026-02-19T18:00:00,0.1997,ALL_PURPOSE,123456789,"{""run_as"": {""email"": ""user04@example.com""}, ""actor_type"": ""user""}"
2026-02-19T18:00:00,2026-02-19T19:00:00,0.2739,ALL_PURPOSE,123456789,"{""run_as"": {""email"": ""user04@example.com""}, ""actor_type"": ""user""}"
2026-02-19T19:00:00,2026-02-19T20:00:00,0.3286,ALL_PURPOSE,123456789,"{""run_as"": {""email"": ""user04@example.com""}, ""actor_type"": ""user""}"
2026-02-19T20:00:00,2026-02-19T21:00:00,0.2567,ALL_PURPOSE,123456789,"{""run_as"": {""email"": ""user04@example.com""}, ""actor_type"": ""user""}"
2026-02-19T21:00:00,2026-02-19T22:00:00,0.0673,ALL_PURPOSE,123456789,"{""run_as"": {""email"": ""user04@example.com""}, ""actor_type"": ""user""}"
2026-02-19T22:00:00,2026-02-19T23:00:00,0.0677,ALL_PURPOSE,123456789,"{""run_as"": {""email"": ""user04@example.com""}, ""actor_type"": ""user""}"
2026-02-19T23:00:00,2026-02-20T00:00:00,0.3668,ALL_PURPOSE,123456789,"{""run_as"": {""email"": ""user04@example.com""}, ""actor_type"": ""user""}"
2026-02-20T00:00:00,2026-02-20T01:00:00,0.7162,ALL_PURPOSE,123456789,"{""run_as"": {""email"": ""user04@example.com""}, ""actor_type"": ""user""}"
2026-02-20T01:00:00,2026-02-20T02:00:00,0.2673,ALL_PURPOSE,123456789,"{""run_as"": {""email"": ""user04@example.com""}, ""actor_type"": ""user""}"
2026-02-20T02:00:00,2026-02-20T03:00:00,0.0,ALL_PURPOSE,123456789,"{""run_as"": {""email"": ""user04@example.com""}, ""actor_type"": ""user""}"
2026-02-20T03:00:00,2026-02-20T04:00:00,0.2023,ALL_PURPOSE,123456789,"{""run_as"": {""email"": ""user04@example.com""}, ""actor_type"": ""user""}"
2026-02-20T04:00:00,2026-02-20T05:00:00,0.2667,ALL_PURPOSE,123456789,"{""run_as"": {""email"": ""user04@example.com""}, ""actor_type"": ""user""}"
2026-02-20T05:00:00,2026-02-20T06:00:00,0.0,ALL_PURPOSE,123456789,"{""run_as"": {""email"": ""user04@example.com""}, ""actor_type"": ""user""}"
2026-02-20T06:00:00,2026-02-20T07:00:00,0.2118,ALL_PURPOSE,123456789,"{""run_as"": {""email"": ""user04@example.com""}, ""actor_type"": ""user""}"
2026-02-20T07:00:00,2026-02-20T08:00:00,0.0,ALL_PURPOSE,123456789,"{""run_as"": {""email"": ""user04@example.com""}, ""actor_type"": ""user""}"
2026-02-20T08:00:00,2026-02-20T09:00:00,0.3253,ALL_PURPOSE,123456789,"{""run_as"": {""email"": ""user04@example.com""}, ""actor_type"": ""user""}"
2026-02-20T09:00:00,2026-02-20T10:00:00,0.3225,ALL_PURPOSE,123456789,"{""run_as"": {""email"": ""user04@example.com""}, ""actor_type"": ""user""}"
2026-02-20T10:00:00,2026-02-20T11:00:00,0.0,ALL_PURPOSE,123456789,"{""run_as"": {""email"": ""user04@example.com""}, ""actor_type"": ""user""}"
2026-02-20T11:00:00,2026-02-20T12:00:00,0.0596,ALL_PURPOSE,123456789,"{""run_as"": {""email"": ""user04@example.com""}, ""actor_type"": ""user""}"
2026-02-20T12:00:00,2026-02-20T13:00:00,0.2106,ALL_PURPOSE,123456789,"{""run_as"": {""email"": ""user04@example.com""}, ""actor_type"": ""user""}"
2026-02-20T13:00:00,2026-02-20T14:00:00,0.1069,ALL_PURPOSE,123456789,"{""run_as"": {""email"": ""user04@example.com""}, ""actor_type"": ""user""}"
2026-02-20T14:00:00,2026-02-20T15:00:00,0.1492,ALL_PURPOSE,123456789,"{""run_as"": {""email"": ""user04@example.com""}, ""actor_type"": ""user""}"
2026-02-20T15:00:00,2026-02-20T16:00:00,0.226,ALL_PURPOSE,123456789,"{""run_as"": {""email"": ""user04@example.com""}, ""actor_type"": ""user""}"
2026-02-20T16:00:00,2026-02-20T17:00:00,0.0903,ALL_PURPOSE,123456789,"{""run_as"": {""email"": ""user04@example.com""}, ""actor_type"": ""user""}"
2026-02-13T17:00:00,2026-02-13T18:00:00,0.3391,ALL_PURPOSE,123456789,"{""run_as"": {""email"": ""user05@example.com""}, ""actor_type"": ""user""}"
2026-02-13T18:00:00,2026-02-13T19:00:00,0.3433,ALL_PURPOSE,123456789,"{""run_as"": {""email"": ""user05@example.com""}, ""actor_type"": ""user""}"
2026-02-13T19:00:00,2026-02-13T20:00:00,0.0374,ALL_PURPOSE,123456789,"{""run_as"": {""email"": ""user05@example.com""}, ""actor_type"": ""user""}"
2026-02-13T20:00:00,2026-02-13T21:00:00,0.0,ALL_PURPOSE,123456789,"{""run_as"": {""email"": ""user05@example.com""}, ""actor_type"": ""user""}"
2026-02-13T21:00:00,2026-02-13T22:00:00,0.0038,ALL_PURPOSE,123456789,"{""run_as"": {""email"": ""user05@example.com""}, ""actor_type"": ""user""}"
2026-02-13T22:00:00,2026-02-13T23:00:00,0.1999,ALL_PURPOSE,123456789,"{""run_as"": {""email"": ""user05@example.com""}, ""actor_type"": ""user""}"
2026-02-13T23:00:00,2026-02-14T00:00:00,0.0,ALL_PURPOSE,123456789,"{""run_as"": {""email"": ""user05@example.com""}, ""actor_type"": ""user""}"
2026-02-14T00:00:00,2026-02-14T01:00:00,0.4593,ALL_PURPOSE,123456789,"{""run_as"": {""email"": ""user05@example.com""}, ""actor_type"": ""user""}"
2026-02-14T01:00:00,2026-02-14T02:00:00,0.0,ALL_PURPOSE,123456789,"{""run_as"": {""email"": ""user05@example.com""}, ""actor_type"": ""user""}"
2026-02-14T02:00:00,2026-02-14T03:00:00,0.0297,ALL_PURPOSE,123456789,"{""run_as"": {""email"": ""user05@example.com""}, ""actor_type"": ""user""}"
2026-02-14T03:00:00,2026-02-14T04:00:00,0.9755,ALL_PURPOSE,123456789,"{""run_as"": {""email"": ""user05@example.com""}, ""actor_type"": ""user""}"
2026-02-14T04:00:00,2026-02-14T05:00:00,0.3846,ALL_PURPOSE,123456789,"{""run_as"": {""email"": ""user05@example.com""}, ""actor_type"": ""user""}"
2026-02-14T05:00:00,2026-02-14T06:00:00,0.0,ALL_PURPOSE,123456789,"{""run_as"": {""email"": ""user05@example.com""}, ""actor_type"": ""user""}"
2026-02-14T06:00:00,2026-02-14T07:00:00,0.065,ALL_PURPOSE,123456789,"{""run_as"": {""email"": ""user05@example.com""}, ""actor_type"": ""user""}"
2026-02-14T07:00:00,2026-02-14T08:00:00,0.3339,ALL_PURPOSE,123456789,"{""run_as"": {""email"": ""user05@example.com""}, ""actor_type"": ""user""}"
2026-02-14T08:00:00,2026-02-14T09:00:00,0.3586,ALL_PURPOSE,123456789,"{""run_as"": {""email"": ""user05@example.com""}, ""actor_type"": ""user""}"
2026-02-14T09:00:00,2026-02-14T10:00:00,0.0,ALL_PURPOSE,123456789,"{""run_as"": {""email"": ""user05@example.com""}, ""actor_type"": ""user""}"
2026-02-14T10:00:00,2026-02-14T11:00:00,0.3954,ALL_PURPOSE,123456789,"{""run_as"": {""email"": ""user05@example.com""}, ""actor_type"": ""user""}"
2026-02-14T11:00:00,2026-02-14T12:00:00,0.2003,ALL_PURPOSE,123456789,"{""run_as"": {""email"": ""user05@example.com""}, ""actor_type"": ""user""}"
2026-02-14T12:00:00,2026-02-14T13:00:00,0.0215,ALL_PURPOSE,123456789,"{""run_as"": {""email"": ""user05@example.com""}, ""actor_type"": ""user""}"
2026-02-14T13:00:00,2026-02-14T14:00:00,0.3355,ALL_PURPOSE,123456789,"{""run_as"": {""email"": ""user05@example.com""}, ""actor_type"": ""user""}"
2026-02-14T14:00:00,2026-02-14T15:00:00,0.3076,ALL_PURPOSE,123456789,"{""run_as"": {""email"": ""user05@example.com""}, ""actor_type"": ""user""}"
2026-02-14T15:00:00,2026-02-14T16:00:00,0.1587,ALL_PURPOSE,123456789,"{""run_as"": {""email"": ""user05@example.com""}, ""actor_type"": ""user""}"
2026-02-14T16:00:00,2026-02-14T17:00:00,0.0119,ALL_PURPOSE,123456789,"{""run_as"": {""email"": ""user05@example.com""}, ""actor_type"": ""user""}"
2026-02-14T17:00:00,2026-02-14T18:00:00,0.397,ALL_PURPOSE,123456789,"{""run_as"": {""email"": ""user05@example.com""}, ""actor_type"": ""user""}"
2026-02-14T18:00:00,2026-02-14T19:00:00,0.1423,ALL_PURPOSE,123456789,"{""run_as"": {""email"": ""user05@example.com""}, ""actor_type"": ""user""}"
2026-02-14T19:00:00,2026-02-14T20:00:00,0.1727,ALL_PURPOSE,123456789,"{""run_as"": {""email"": ""user05@example.com""}, ""actor_type"": ""user""}"
2026-02-14T20:00:00,2026-02-14T21:00:00,0.0,ALL_PURPOSE,123456789,"{""run_as"": {""email"": ""user05@example.com""}, ""actor_type"": ""user""}"
2026-02-14T21:00:00,2026-02-14T22:00:00,0.2474,ALL_PURPOSE,123456789,"{""run_as"": {""email"": ""user05@example.com""}, ""actor_type"": ""user""}"
2026-02-14T22:00:00,2026-02-14T23:00:00,0.4932,ALL_PURPOSE,123456789,"{""run_as"": {""email"": ""user05@example.com""}, ""actor_type"": ""user""}"
2026-02-14T23:00:00,2026-02-15T00:00:00,0.2536,ALL_PURPOSE,123456789,"{""run_as"": {""email"": ""user05@example.com""}, ""actor_type"": ""user""}"
2026-02-15T00:00:00,2026-02-15T01:00:00,0.3584,ALL_PURPOSE,123456789,"{""run_as"": {""email"": ""user05@example.com""}, ""actor_type"": ""user""}"
2026-02-15T01:00:00,2026-02-15T02:00:00,0.3391,ALL_PURPOSE,123456789,"{""run_as"": {""email"": ""user05@example.com""}, ""actor_type"": ""user""}"
2026-02-15T02:00:00,2026-02-15T03:00:00,0.0,ALL_PURPOSE,123456789,"{""run_as"": {""email"": ""user05@example.com""}, ""actor_type"": ""user""}"
2026-02-15T03:00:00,2026-02-15T04:00:00,0.6602,ALL_PURPOSE,123456789,"{""run_as"": {""email"": ""user05@example.com""}, ""actor_type"": ""user""}"
2026-02-15T04:00:00,2026-02-15T05:00:00,0.0,ALL_PURPOSE,123456789,"{""run_as"": {""email"": ""user05@example.com""}, ""actor_type"": ""user""}"
2026-02-15T05:00:00,2026-02-15T06:00:00,0.3605,ALL_PURPOSE,123456789,"{""run_as"": {""email"": ""user05@example.com""}, ""actor_type"": ""user""}"
2026-02-15T06:00:00,2026-02-15T07:00:00,0.2288,ALL_PURPOSE,123456789,"{""run_as"": {""email"": ""user05@example.com""}, ""actor_type"": ""user""}"
2026-02-15T07:00:00,2026-02-15T08:00:00,0.0,ALL_PURPOSE,123456789,"{""run_as"": {""email"": ""user05@example.com""}, ""actor_type"": ""user""}"
2026-02-15T08:00:00,2026-02-15T09:00:00,0.1205,ALL_PURPOSE,123456789,"{""run_as"": {""email"": ""user05@example.com""}, ""actor_type"": ""user""}"
2026-02-15T09:00:00,2026-02-15T10:00:00,0.0253,ALL_PURPOSE,123456789,"{""run_as"": {""email"": ""user05@example.com""}, ""actor_type"": ""user""}"
2026-02-15T10:00:00,2026-02-15T11:00:00,0.1684,ALL_PURPOSE,123456789,"{""run_as"": {""email"": ""user05@example.com""}, ""actor_type"": ""user""}"
2026-02-15T11:00:00,2026-02-15T12:00:00,0.0308,ALL_PURPOSE,123456789,"{""run_as"": {""email"": ""user05@example.com""}, ""actor_type"": ""user""}"
2026-02-15T12:00:00,2026-02-15T13:00:00,0.0986,ALL_PURPOSE,123456789,"{""run_as"": {""email"": ""user05@example.com""}, ""actor_type"": ""user""}"
2026-02-15T13:00:00,2026-02-15T14:00:00,0.2375,ALL_PURPOSE,123456789,"{""run_as"": {""email"": ""user05@example.com""}, ""actor_type"": ""user""}"
2026-02-15T14:00:00,2026-02-15T15:00:00,0.0428,ALL_PURPOSE,123456789,"{""run_as"": {""email"": ""user05@example.com""}, ""actor_type"": ""user""}"
2026-02-15T15:00:00,2026-02-15T16:00:00,0.3795,ALL_PURPOSE,123456789,"{""run_as"": {""email"": ""user05@example.com""}, ""actor_type"": ""user""}"
2026-02-15T16:00:00,2026-02-15T17:00:00,0.2481,ALL_PURPOSE,123456789,"{""run_as"": {""email"": ""user05@example.com""}, ""actor_type"": ""user""}"
2026-02-15T17:00:00,2026-02-15T18:00:00,0.1318,ALL_PURPOSE,123456789,"{""run_as"": {""email"": ""user05@example.com""}, ""actor_type"": ""user""}"
2026-02-15T18:00:00,2026-02-15T19:00:00,0.3262,ALL_PURPOSE,123456789,"{""run_as"": {""email"": ""user05@example.com""}, ""actor_type"": ""user""}"
2026-02-15T19:00:00,2026-02-15T20:00:00,0.0,ALL_PURPOSE,123456789,"{""run_as"": {""email"": ""user05@example.com""}, ""actor_type"": ""user""}"
2026-02-15T20:00:00,2026-02-15T21:00:00,0.1283,ALL_PURPOSE,123456789,"{""run_as"": {""email"": ""user05@example.com""}, ""actor_type"": ""user""}"
2026-02-15T21:00:00,2026-02-15T22:00:00,0.0803,ALL_PURPOSE,123456789,"{""run_as"": {""email"": ""user05@example.com""}, ""actor_type"": ""user""}"
2026-02-15T22:00:00,2026-02-15T23:00:00,0.3858,ALL_PURPOSE,123456789,"{""run_as"": {""email"": ""user05@example.com""}, ""actor_type"": ""user""}"
2026-02-15T23:00:00,2026-02-16T00:00:00,0.278,ALL_PURPOSE,123456789,"{""run_as"": {""email"": ""user05@example.com""}, ""actor_type"": ""user""}"
2026-02-16T00:00:00,2026-02-16T01:00:00,0.097,ALL_PURPOSE,123456789,"{""run_as"": {""email"": ""user05@example.com""}, ""actor_type"": ""user""}"
2026-02-16T01:00:00,2026-02-16T02:00:00,0.6519,ALL_PURPOSE,123456789,"{""run_as"": {""email"": ""user05@example.com""}, ""actor_type"": ""user""}"
2026-02-16T02:00:00,2026-02-16T03:00:00,0.2183,ALL_PURPOSE,123456789,"{""run_as"": {""email"": ""user05@example.com""}, ""actor_type"": ""user""}"
2026-02-16T03:00:00,2026-02-16T04:00:00,0.3812,ALL_PURPOSE,123456789,"{""run_as"": {""email"": ""user05@example.com""}, ""actor_type"": ""user""}"
2026-02-16T04:00:00,2026-02-16T05:00:00,0.7604,ALL_PURPOSE,123456789,"{""run_as"": {""email"": ""user05@example.com""}, ""actor_type"": ""user""}"
2026-02-16T05:00:00,2026-02-16T06:00:00,0.3183,ALL_PURPOSE,123456789,"{""run_as"": {""email"": ""user05@example.com""}, ""actor_type"": ""user""}"
2026-02-16T06:00:00,2026-02-16T07:00:00,0.2533,ALL_PURPOSE,123456789,"{""run_as"": {""email"": ""user05@example.com""}, ""actor_type"": ""user""}"
2026-02-16T07:00:00,2026-02-16T08:00:00,0.2635,ALL_PURPOSE,123456789,"{""run_as"": {""email"": ""user05@example.com""}, ""actor_type"": ""user""}"
2026-02-16T08:00:00,2026-02-16T09:00:00,0.0,ALL_PURPOSE,123456789,"{""run_as"": {""email"": ""user05@example.com""}, ""actor_type"": ""user""}"
2026-02-16T09:00:00,2026-02-16T10:00:00,0.3963,ALL_PURPOSE,123456789,"{""run_as"": {""email"": ""user05@example.com""}, ""actor_type"": ""user""}"
2026-02-16T10:00:00,2026-02-16T11:00:00,0.1603,ALL_PURPOSE,123456789,"{""run_as"": {""email"": ""user05@example.com""}, ""actor_type"": ""user""}"
2026-02-16T11:00:00,2026-02-16T12:00:00,0.3682,ALL_PURPOSE,123456789,"{""run_as"": {""email"": ""user05@example.com""}, ""actor_type"": ""user""}"
2026-02-16T12:00:00,2026-02-16T13:00:00,0.2175,ALL_PURPOSE,123456789,"{""run_as"": {""email"": ""user05@example.com""}, ""actor_type"": ""user""}"
2026-02-16T13:00:00,2026-02-16T14:00:00,0.1438,ALL_PURPOSE,123456789,"{""run_as"": {""email"": ""user05@example.com""}, ""actor_type"": ""user""}"
2026-02-16T14:00:00,2026-02-16T15:00:00,0.2148,ALL_PURPOSE,123456789,"{""run_as"": {""email"": ""user05@example.com""}, ""actor_type"": ""user""}"
2026-02-16T15:00:00,2026-02-16T16:00:00,0.034,ALL_PURPOSE,123456789,"{""run_as"": {""email"": ""user05@example.com""}, ""actor_type"": ""user""}"
2026-02-16T16:00:00,2026-02-16T17:00:00,0.263,ALL_PURPOSE,123456789,"{""run_as"": {""email"": ""user05@example.com""}, ""actor_type"": ""user""}"
2026-02-16T17:00:00,2026-02-16T18:00:00,0.0,ALL_PURPOSE,123456789,"{""run_as"": {""email"": ""user05@example.com""}, ""actor_type"": ""user""}"
2026-02-16T18:00:00,2026-02-16T19:00:00,0.3934,ALL_PURPOSE,123456789,"{""run_as"": {""email"": ""user05@example.com""}, ""actor_type"": ""user""}"
2026-02-16T19:00:00,2026-02-16T20:00:00,0.1598,ALL_PURPOSE,123456789,"{""run_as"": {""email"": ""user05@example.com""}, ""actor_type"": ""user""}"
2026-02-16T20:00:00,2026-02-16T21:00:00,0.3863,ALL_PURPOSE,123456789,"{""run_as"": {""email"": ""user05@example.com""}, ""actor_type"": ""user""}"
2026-02-16T21:00:00,2026-02-16T22:00:00,0.0042,ALL_PURPOSE,123456789,"{""run_as"": {""email"": ""user05@example.com""}, ""actor_type"": ""user""}"
2026-02-16T22:00:00,2026-02-16T23:00:00,0.2043,ALL_PURPOSE,123456789,"{""run_as"": {""email"": ""user05@example.com""}, ""actor_type"": ""user""}"
2026-02-16T23:00:00,2026-02-17T00:00:00,0.2301,ALL_PURPOSE,123456789,"{""run_as"": {""email"": ""user05@example.com""}, ""actor_type"": ""user""}"
2026-02-17T00:00:00,2026-02-17T01:00:00,0.3089,ALL_PURPOSE,123456789,"{""run_as"": {""email"": ""user05@example.com""}, ""actor_type"": ""user""}"
2026-02-17T01:00:00,2026-02-17T02:00:00,0.3112,ALL_PURPOSE,123456789,"{""run_as"": {""email"": ""user05@example.com""}, ""actor_type"": ""user""}"
2026-02-17T02:00:00,2026-02-17T03:00:00,0.0,ALL_PURPOSE,123456789,"{""run_as"": {""email"": ""user05@example.com""}, ""actor_type"": ""user""}"
2026-02-17T03:00:00,2026-02-17T04:00:00,0.1248,ALL_PURPOSE,123456789,"{""run_as"": {""email"": ""user05@example.com""}, ""actor_type"": ""user""}"
2026-02-17T04:00:00,2026-02-17T05:00:00,0.1932,ALL_PURPOSE,123456789,"{""run_as"": {""email"": ""user05@example.com""}, ""actor_type"": ""user""}"
2026-02-17T05:00:00,2026-02-17T06:00:00,0.5889,ALL_PURPOSE,123456789,"{""run_as"": {""email"": ""user05@example.com""}, ""actor_type"": ""user""}"
2026-02-17T06:00:00,2026-02-17T07:00:00,0.046,ALL_PURPOSE,123456789,"{""run_as"": {""email"": ""user05@example.com""}, ""actor_type"": ""user""}"
2026-02-17T07:00:00,2026-02-17T08:00:00,0.2592,ALL_PURPOSE,123456789,"{""run_as"": {""email"": ""user05@example.com""}, ""actor_type"": ""user""}"
2026-02-17T08:00:00,2026-02-17T09:00:00,0.0657,ALL_PURPOSE,123456789,"{""run_as"": {""email"": ""user05@example.com""}, ""actor_type"": ""user""}"
2026-02-17T09:00:00,2026-02-17T10:00:00,0.0976,ALL_PURPOSE,123456789,"{""run_as"": {""email"": ""user05@example.com""}, ""actor_type"": ""user""}"
2026-02-17T10:00:00,2026-02-17T11:00:00,0.0641,ALL_PURPOSE,123456789,"{""run_as"": {""email"": ""user05@example.com""}, ""actor_type"": ""user""}"
2026-02-17T11:00:00,2026-02-17T12:00:00,0.3834,ALL_PURPOSE,123456789,"{""run_as"": {""email"": ""user05@example.com""}, ""actor_type"": ""user""}"
2026-02-17T12:00:00,2026-02-17T13:00:00,0.162,ALL_PURPOSE,123456789,"{""run_as"": {""email"": ""user05@example.com""}, ""actor_type"": ""user""}"
2026-02-17T13:00:00,2026-02-17T14:00:00,0.2562,ALL_PURPOSE,123456789,"{""run_as"": {""email"": ""user05@example.com""}, ""actor_type"": ""user""}"
2026-02-17T14:00:00,2026-02-17T15:00:00,0.0117,ALL_PURPOSE,123456789,"{""run_as"": {""email"": ""user05@example.com""}, ""actor_type"": ""user""}"
2026-02-17T15:00:00,2026-02-17T16:00:00,0.0789,ALL_PURPOSE,123456789,"{""run_as"": {""email"": ""user05@example.com""}, ""actor_type"": ""user""}"
2026-02-17T16:00:00,2026-02-17T17:00:00,0.1555,ALL_PURPOSE,123456789,"{""run_as"": {""email"": ""user05@example.com""}, ""actor_type"": ""user""}"
2026-02-17T17:00:00,2026-02-17T18:00:00,0.0823,ALL_PURPOSE,123456789,"{""run_as"": {""email"": ""user05@example.com""}, ""actor_type"": ""user""}"
2026-02-17T18:00:00,2026-02-17T19:00:00,0.0,ALL_PURPOSE,123456789,"{""run_as"": {""email"": ""user05@example.com""}, ""actor_type"": ""user""}"
2026-02-17T19:00:00,2026-02-17T20:00:00,0.0407,ALL_PURPOSE,123456789,"{""run_as"": {""email"": ""user05@example.com""}, ""actor_type"": ""user""}"
2026-02-17T20:00:00,2026-02-17T21:00:00,0.0748,ALL_PURPOSE,123456789,"{""run_as"": {""email"": ""user05@example.com""}, ""actor_type"": ""user""}"
2026-02-17T21:00:00,2026-02-17T22:00:00,0.183,ALL_PURPOSE,123456789,"{""run_as"": {""email"": ""user05@example.com""}, ""actor_type"": ""user""}"
2026-02-17T22:00:00,2026-02-17T23:00:00,0.3451,ALL_PURPOSE,123456789,"{""run_as"": {""email"": ""user05@example.com""}, ""actor_type"": ""user""}"
2026-02-17T23:00:00,2026-02-18T00:00:00,0.2388,ALL_PURPOSE,123456789,"{""run_as"": {""email"": ""user05@example.com""}, ""actor_type"": ""user""}"
2026-02-18T00:00:00,2026-02-18T01:00:00,0.1392,ALL_PURPOSE,123456789,"{""run_as"": {""email"": ""user05@example.com""}, ""actor_type"": ""user""}"
2026-02-18T01:00:00,2026-02-18T02:00:00,0.3255,ALL_PURPOSE,123456789,"{""run_as"": {""email"": ""user05@example.com""}, ""actor_type"": ""user""}"
2026-02-18T02:00:00,2026-02-18T03:00:00,0.0,ALL_PURPOSE,123456789,"{""run_as"": {""email"": ""user05@example.com""}, ""actor_type"": ""user""}"
2026-02-18T03:00:00,2026-02-18T04:00:00,0.7076,ALL_PURPOSE,123456789,"{""run_as"": {""email"": ""user05@example.com""}, ""actor_type"": ""user""}"
2026-02-18T04:00:00,2026-02-18T05:00:00,0.5359,ALL_PURPOSE,123456789,"{""run_as"": {""email"": ""user05@example.com""}, ""actor_type"": ""user""}"
2026-02-18T05:00:00,2026-02-18T06:00:00,0.2542,ALL_PURPOSE,123456789,"{""run_as"": {""email"": ""user05@example.com""}, ""actor_type"": ""user""}"
2026-02-18T06:00:00,2026-02-18T07:00:00,0.4,ALL_PURPOSE,123456789,"{""run_as"": {""email"": ""user05@example.com""}, ""actor_type"": ""user""}"
2026-02-18T07:00:00,2026-02-18T08:00:00,0.0,ALL_PURPOSE,123456789,"{""run_as"": {""email"": ""user05@example.com""}, ""actor_type"": ""user""}"
2026-02-18T08:00:00,2026-02-18T09:00:00,0.1258,ALL_PURPOSE,123456789,"{""run_as"": {""email"": ""user05@example.com""}, ""actor_type"": ""user""}"
2026-02-18T09:00:00,2026-02-18T10:00:00,0.0214,ALL_PURPOSE,123456789,"{""run_as"": {""email"": ""user05@example.com""}, ""actor_type"": ""user""}"
2026-02-18T10:00:00,2026-02-18T11:00:00,0.0,ALL_PURPOSE,123456789,"{""run_as"": {""email"": ""user05@example.com""}, ""actor_type"": ""user""}"
2026-02-18T11:00:00,2026-02-18T12:00:00,0.3261,ALL_PURPOSE,123456789,"{""run_as"": {""email"": ""user05@example.com""}, ""actor_type"": ""user""}"
2026-02-18T12:00:00,2026-02-18T13:00:00,0.2022,ALL_PURPOSE,123456789,"{""run_as"": {""email"": ""user05@example.com""}, ""actor_type"": ""user""}"
2026-02-18T13:00:00,2026-02-18T14:00:00,0.2739,ALL_PURPOSE,123456789,"{""run_as"": {""email"": ""user05@example.com""}, ""actor_type"": ""user""}"
2026-02-18T14:00:00,2026-02-18T15:00:00,0.336,ALL_PURPOSE,123456789,"{""run_as"": {""email"": ""user05@example.com""}, ""actor_type"": ""user""}"
2026-02-18T15:00:00,2026-02-18T16:00:00,0.0,ALL_PURPOSE,123456789,"{""run_as"": {""email"": ""user05@example.com""}, ""actor_type"": ""user""}"
2026-02-18T16:00:00,2026-02-18T17:00:00,0.3044,ALL_PURPOSE,123456789,"{""run_as"": {""email"": ""user05@example.com""}, ""actor_type"": ""user""}"
2026-02-18T17:00:00,2026-02-18T18:00:00,0.1099,ALL_PURPOSE,123456789,"{""run_as"": {""email"": ""user05@example.com""}, ""actor_type"": ""user""}"
2026-02-18T18:00:00,2026-02-18T19:00:00,0.0673,ALL_PURPOSE,123456789,"{""run_as"": {""email"": ""user05@example.com""}, ""actor_type"": ""user""}"
2026-02-18T19:00:00,2026-02-18T20:00:00,0.297,ALL_PURPOSE,123456789,"{""run_as"": {""email"": ""user05@example.com""}, ""actor_type"": ""user""}"
2026-02-18T20:00:00,2026-02-18T21:00:00,0.0,ALL_PURPOSE,123456789,"{""run_as"": {""email"": ""user05@example.com""}, ""actor_type"": ""user""}"
2026-02-18T21:00:00,2026-02-18T22:00:00,0.0457,ALL_PURPOSE,123456789,"{""run_as"": {""email"": ""user05@example.com""}, ""actor_type"": ""user""}"
2026-02-18T22:00:00,2026-02-18T23:00:00,0.3293,ALL_PURPOSE,123456789,"{""run_as"": {""email"": ""user05@example.com""}, ""actor_type"": ""user""}"
2026-02-18T23:00:00,2026-02-19T00:00:00,0.0166,ALL_PURPOSE,123456789,"{""run_as"": {""email"": ""user05@example.com""}, ""actor_type"": ""user""}"
2026-02-19T00:00:00,2026-02-19T01:00:00,1.077,ALL_PURPOSE,123456789,"{""run_as"": {""email"": ""user05@example.com""}, ""actor_type"": ""user""}"
2026-02-19T01:00:00,2026-02-19T02:00:00,0.1191,ALL_PURPOSE,123456789,"{""run_as"": {""email"": ""user05@example.com""}, ""actor_type"": ""user""}"
2026-02-19T02:00:00,2026-02-19T03:00:00,0.1394,ALL_PURPOSE,123456789,"{""run_as"": {""email"": ""user05@example.com""}, ""actor_type"": ""user""}"
2026-02-19T03:00:00,2026-02-19T04:00:00,0.3976,ALL_PURPOSE,123456789,"{""run_as"": {""email"": ""user05@example.com""}, ""actor_type"": ""user""}"
2026-02-19T04:00:00,2026-02-19T05:00:00,0.3243,ALL_PURPOSE,123456789,"{""run_as"": {""email"": ""user05@example.com""}, ""actor_type"": ""user""}"
2026-02-19T05:00:00,2026-02-19T06:00:00,0.2843,ALL_PURPOSE,123456789,"{""run_as"": {""email"": ""user05@example.com""}, ""actor_type"": ""user""}"
2026-02-19T06:00:00,2026-02-19T07:00:00,0.0557,ALL_PURPOSE,123456789,"{""run_as"": {""email"": ""user05@example.com""}, ""actor_type"": ""user""}"
2026-02-19T07:00:00,2026-02-19T08:00:00,0.0,ALL_PURPOSE,123456789,"{""run_as"": {""email"": ""user05@example.com""}, ""actor_type"": ""user""}"
2026-02-19T08:00:00,2026-02-19T09:00:00,0.1403,ALL_PURPOSE,123456789,"{""run_as"": {""email"": ""user05@example.com""}, ""actor_type"": ""user""}"
2026-02-19T09:00:00,2026-02-19T10:00:00,0.2155,ALL_PURPOSE,123456789,"{""run_as"": {""email"": ""user05@example.com""}, ""actor_type"": ""user""}"
2026-02-19T10:00:00,2026-02-19T11:00:00,0.2816,ALL_PURPOSE,123456789,"{""run_as"": {""email"": ""user05@example.com""}, ""actor_type"": ""user""}"
2026-02-19T11:00:00,2026-02-19T12:00:00,0.1069,ALL_PURPOSE,123456789,"{""run_as"": {""email"": ""user05@example.com""}, ""actor_type"": ""user""}"
2026-02-19T12:00:00,2026-02-19T13:00:00,0.3942,ALL_PURPOSE,123456789,"{""run_as"": {""email"": ""user05@example.com""}, ""actor_type"": ""user""}"
2026-02-19T13:00:00,2026-02-19T14:00:00,0.0381,ALL_PURPOSE,123456789,"{""run_as"": {""email"": ""user05@example.com""}, ""actor_type"": ""user""}"
2026-02-19T14:00:00,2026-02-19T15:00:00,0.3143,ALL_PURPOSE,123456789,"{""run_as"": {""email"": ""user05@example.com""}, ""actor_type"": ""user""}"
2026-02-19T15:00:00,2026-02-19T16:00:00,0.397,ALL_PURPOSE,123456789,"{""run_as"": {""email"": ""user05@example.com""}, ""actor_type"": ""user""}"
2026-02-19T16:00:00,2026-02-19T17:00:00,0.0508,ALL_PURPOSE,123456789,"{""run_as"": {""email"": ""user05@example.com""}, ""actor_type"": ""user""}"
2026-02-19T17:00:00,2026-02-19T18:00:00,0.0999,ALL_PURPOSE,123456789,"{""run_as"": {""email"": ""user05@example.com""}, ""actor_type"": ""user""}"
2026-02-19T18:00:00,2026-02-19T19:00:00,0.3314,ALL_PURPOSE,123456789,"{""run_as"": {""email"": ""user05@example.com""}, ""actor_type"": ""user""}"
2026-02-19T19:00:00,2026-02-19T20:00:00,0.2705,ALL_PURPOSE,123456789,"{""run_as"": {""email"": ""user05@example.com""}, ""actor_type"": ""user""}"
2026-02-19T20:00:00,2026-02-19T21:00:00,0.231,ALL_PURPOSE,123456789,"{""run_as"": {""email"": ""user05@example.com""}, ""actor_type"": ""user""}"
2026-02-19T21:00:00,2026-02-19T22:00:00,0.1657,ALL_PURPOSE,123456789,"{""run_as"": {""email"": ""user05@example.com""}, ""actor_type"": ""user""}"
2026-02-19T22:00:00,2026-02-19T23:00:00,0.0,ALL_PURPOSE,123456789,"{""run_as"": {""email"": ""user05@example.com""}, ""actor_type"": ""user""}"
2026-02-19T23:00:00,2026-02-20T00:00:00,0.9617,ALL_PURPOSE,123456789,"{""run_as"": {""email"": ""user05@example.com""}, ""actor_type"": ""user""}"
2026-02-20T00:00:00,2026-02-20T01:00:00,0.4818,ALL_PURPOSE,123456789,"{""run_as"": {""email"": ""user05@example.com""}, ""actor_type"": ""user""}"
2026-02-20T01:00:00,2026-02-20T02:00:00,0.2931,ALL_PURPOSE,123456789,"{""run_as"": {""email"": ""user05@example.com""}, ""actor_type"": ""user""}"
2026-02-20T02:00:00,2026-02-20T03:00:00,0.0,ALL_PURPOSE,123456789,"{""run_as"": {""email"": ""user05@example.com""}, ""actor_type"": ""user""}"
2026-02-20T03:00:00,2026-02-20T04:00:00,0.6145,ALL_PURPOSE,123456789,"{""run_as"": {""email"": ""user05@example.com""}, ""actor_type"": ""user""}"
2026-02-20T04:00:00,2026-02-20T05:00:00,0.1074,ALL_PURPOSE,123456789,"{""run_as"": {""email"": ""user05@example.com""}, ""actor_type"": ""user""}"
2026-02-20T05:00:00,2026-02-20T06:00:00,0.2312,ALL_PURPOSE,123456789,"{""run_as"": {""email"": ""user05@example.com""}, ""actor_type"": ""user""}"
2026-02-20T06:00:00,2026-02-20T07:00:00,0.1375,ALL_PURPOSE,123456789,"{""run_as"": {""email"": ""user05@example.com""}, ""actor_type"": ""user""}"
2026-02-20T07:00:00,2026-02-20T08:00:00,0.0,ALL_PURPOSE,123456789,"{""run_as"": {""email"": ""user05@example.com""}, ""actor_type"": ""user""}"
2026-02-20T08:00:00,2026-02-20T09:00:00,0.3136,ALL_PURPOSE,123456789,"{""run_as"": {""email"": ""user05@example.com""}, ""actor_type"": ""user""}"
2026-02-20T09:00:00,2026-02-20T10:00:00,0.0497,ALL_PURPOSE,123456789,"{""run_as"": {""email"": ""user05@example.com""}, ""actor_type"": ""user""}"
2026-02-20T10:00:00,2026-02-20T11:00:00,0.0,ALL_PURPOSE,123456789,"{""run_as"": {""email"": ""user05@example.com""}, ""actor_type"": ""user""}"
2026-02-20T11:00:00,2026-02-20T12:00:00,0.3832,ALL_PURPOSE,123456789,"{""run_as"": {""email"": ""user05@example.com""}, ""actor_type"": ""user""}"
2026-02-20T12:00:00,2026-02-20T13:00:00,0.0,ALL_PURPOSE,123456789,"{""run_as"": {""email"": ""user05@example.com""}, ""actor_type"": ""user""}"
2026-02-20T13:00:00,2026-02-20T14:00:00,0.26,ALL_PURPOSE,123456789,"{""run_as"": {""email"": ""user05@example.com""}, ""actor_type"": ""user""}"
2026-02-20T14:00:00,2026-02-20T15:00:00,0.3731,ALL_PURPOSE,123456789,"{""run_as"": {""email"": ""user05@example.com""}, ""actor_type"": ""user""}"
2026-02-20T15:00:00,2026-02-20T16:00:00,0.2618,ALL_PURPOSE,123456789,"{""run_as"": {""email"": ""user05@example.com""}, ""actor_type"": ""user""}"
2026-02-20T16:00:00,2026-02-20T17:00:00,0.1487,ALL_PURPOSE,123456789,"{""run_as"": {""email"": ""user05@example.com""}, ""actor_type"": ""user""}"
2026-02-13T17:00:00,2026-02-13T18:00:00,0.0662,ALL_PURPOSE,123456789,"{""run_as"": {""email"": ""user06@example.com""}, ""actor_type"": ""user""}"
2026-02-13T18:00:00,2026-02-13T19:00:00,0.1222,ALL_PURPOSE,123456789,"{""run_as"": {""email"": ""user06@example.com""}, ""actor_type"": ""user""}"
2026-02-13T19:00:00,2026-02-13T20:00:00,0.0937,ALL_PURPOSE,123456789,"{""run_as"": {""email"": ""user06@example.com""}, ""actor_type"": ""user""}"
2026-02-13T20:00:00,2026-02-13T21:00:00,0.0,ALL_PURPOSE,123456789,"{""run_as"": {""email"": ""user06@example.com""}, ""actor_type"": ""user""}"
2026-02-13T21:00:00,2026-02-13T22:00:00,0.0,ALL_PURPOSE,123456789,"{""run_as"": {""email"": ""user06@example.com""}, ""actor_type"": ""user""}"
2026-02-13T22:00:00,2026-02-13T23:00:00,0.0,ALL_PURPOSE,123456789,"{""run_as"": {""email"": ""user06@example.com""}, ""actor_type"": ""user""}"
2026-02-13T23:00:00,2026-02-14T00:00:00,0.2782,ALL_PURPOSE,123456789,"{""run_as"": {""email"": ""user06@example.com""}, ""actor_type"": ""user""}"
2026-02-14T00:00:00,2026-02-14T01:00:00,0.3185,ALL_PURPOSE,123456789,"{""run_as"": {""email"": ""user06@example.com""}, ""actor_type"": ""user""}"
2026-02-14T01:00:00,2026-02-14T02:00:00,0.6117,ALL_PURPOSE,123456789,"{""run_as"": {""email"": ""user06@example.com""}, ""actor_type"": ""user""}"
2026-02-14T02:00:00,2026-02-14T03:00:00,0.0549,ALL_PURPOSE,123456789,"{""run_as"": {""email"": ""user06@example.com""}, ""actor_type"": ""user""}"
2026-02-14T03:00:00,2026-02-14T04:00:00,0.0,ALL_PURPOSE,123456789,"{""run_as"": {""email"": ""user06@example.com""}, ""actor_type"": ""user""}"
2026-02-14T04:00:00,2026-02-14T05:00:00,0.7672,ALL_PURPOSE,123456789,"{""run_as"": {""email"": ""user06@example.com""}, ""actor_type"": ""user""}"
2026-02-14T05:00:00,2026-02-14T06:00:00,0.289,ALL_PURPOSE,123456789,"{""run_as"": {""email"": ""user06@example.com""}, ""actor_type"": ""user""}"
2026-02-14T06:00:00,2026-02-14T07:00:00,0.1647,ALL_PURPOSE,123456789,"{""run_as"": {""email"": ""user06@example.com""}, ""actor_type"": ""user""}"
2026-02-14T07:00:00,2026-02-14T08:00:00,0.0,ALL_PURPOSE,123456789,"{""run_as"": {""email"": ""user06@example.com""}, ""actor_type"": ""user""}"
2026-02-14T08:00:00,2026-02-14T09:00:00,0.0402,ALL_PURPOSE,123456789,"{""run_as"": {""email"": ""user06@example.com""}, ""actor_type"": ""user""}"
2026-02-14T09:00:00,2026-02-14T10:00:00,0.2358,ALL_PURPOSE,123456789,"{""run_as"": {""email"": ""user06@example.com""}, ""actor_type"": ""user""}"
2026-02-14T10:00:00,2026-02-14T11:00:00,0.3853,ALL_PURPOSE,123456789,"{""run_as"": {""email"": ""user06@example.com""}, ""actor_type"": ""user""}"
2026-02-14T11:00:00,2026-02-14T12:00:00,0.0559,ALL_PURPOSE,123456789,"{""run_as"": {""email"": ""user06@example.com""}, ""actor_type"": ""user""}"
2026-02-14T12:00:00,2026-02-14T13:00:00,0.0337,ALL_PURPOSE,123456789,"{""run_as"": {""email"": ""user06@example.com""}, ""actor_type"": ""user""}"
2026-02-14T13:00:00,2026-02-14T14:00:00,0.24,ALL_PURPOSE,123456789,"{""run_as"": {""email"": ""user06@example.com""}, ""actor_type"": ""user""}"
2026-02-14T14:00:00,2026-02-14T15:00:00,0.3116,ALL_PURPOSE,123456789,"{""run_as"": {""email"": ""user06@example.com""}, ""actor_type"": ""user""}"
2026-02-14T15:00:00,2026-02-14T16:00:00,0.3392,ALL_PURPOSE,123456789,"{""run_as"": {""email"": ""user06@example.com""}, ""actor_type"": ""user""}"
2026-02-14T16:00:00,2026-02-14T17:00:00,0.1207,ALL_PURPOSE,123456789,"{""run_as"": {""email"": ""user06@example.com""}, ""actor_type"": ""user""}"
2026-02-14T17:00:00,2026-02-14T18:00:00,0.2038,ALL_PURPOSE,123456789,"{""run_as"": {""email"": ""user06@example.com""}, ""actor_type"": ""user""}"
2026-02-14T18:00:00,2026-02-14T19:00:00,0.0,ALL_PURPOSE,123456789,"{""run_as"": {""email"": ""user06@example.com""}, ""actor_type"": ""user""}"
2026-02-14T19:00:00,2026-02-14T20:00:00,0.3592,ALL_PURPOSE,123456789,"{""run_as"": {""email"": ""user06@example.com""}, ""actor_type"": ""user""}"
2026-02-14T20:00:00,2026-02-14T21:00:00,0.0,ALL_PURPOSE,123456789,"{""run_as"": {""email"": ""user06@example.com""}, ""actor_type"": ""user""}"
2026-02-14T21:00:00,2026-02-14T22:00:00,0.1998,ALL_PURPOSE,123456789,"{""run_as"": {""email"": ""user06@example.com""}, ""actor_type"": ""user""}"
2026-02-14T22:00:00,2026-02-14T23:00:00,0.2113,ALL_PURPOSE,123456789,"{""run_as"": {""email"": ""user06@example.com""}, ""actor_type"": ""user""}"
2026-02-14T23:00:00,2026-02-15T00:00:00,1.0761,ALL_PURPOSE,123456789,"{""run_as"": {""email"": ""user06@example.com""}, ""actor_type"": ""user""}"
2026-02-15T00:00:00,2026-02-15T01:00:00,0.1462,ALL_PURPOSE,123456789,"{""run_as"": {""email"": ""user06@example.com""}, ""actor_type"": ""user""}"
2026-02-15T01:00:00,2026-02-15T02:00:00,0.0,ALL_PURPOSE,123456789,"{""run_as"": {""email"": ""user06@example.com""}, ""actor_type"": ""user""}"
2026-02-15T02:00:00,2026-02-15T03:00:00,0.0,ALL_PURPOSE,123456789,"{""run_as"": {""email"": ""user06@example.com""}, ""actor_type"": ""user""}"
2026-02-15T03:00:00,2026-02-15T04:00:00,0.3157,ALL_PURPOSE,123456789,"{""run_as"": {""email"": ""user06@example.com""}, ""actor_type"": ""user""}"
2026-02-15T04:00:00,2026-02-15T05:00:00,0.2004,ALL_PURPOSE,123456789,"{""run_as"": {""email"": ""user06@example.com""}, ""actor_type"": ""user""}"
2026-02-15T05:00:00,2026-02-15T06:00:00,0.033,ALL_PURPOSE,123456789,"{""run_as"": {""email"": ""user06@example.com""}, ""actor_type"": ""user""}"
2026-02-15T06:00:00,2026-02-15T07:00:00,0.111,ALL_PURPOSE,123456789,"{""run_as"": {""email"": ""user06@example.com""}, ""actor_type"": ""user""}"
2026-02-15T07:00:00,2026-02-15T08:00:00,0.2045,ALL_PURPOSE,123456789,"{""run_as"": {""email"": ""user06@example.com""}, ""actor_type"": ""user""}"
2026-02-15T08:00:00,2026-02-15T09:00:00,0.3232,ALL_PURPOSE,123456789,"{""run_as"": {""email"": ""user06@example.com""}, ""actor_type"": ""user""}"
2026-02-15T09:00:00,2026-02-15T10:00:00,0.1563,ALL_PURPOSE,123456789,"{""run_as"": {""email"": ""user06@example.com""}, ""actor_type"": ""user""}"
2026-02-15T10:00:00,2026-02-15T11:00:00,0.3338,ALL_PURPOSE,123456789,"{""run_as"": {""email"": ""user06@example.com""}, ""actor_type"": ""user""}"
2026-02-15T11:00:00,2026-02-15T12:00:00,0.0264,ALL_PURPOSE,123456789,"{""run_as"": {""email"": ""user06@example.com""}, ""actor_type"": ""user""}"
2026-02-15T12:00:00,2026-02-15T13:00:00,0.292,ALL_PURPOSE,123456789,"{""run_as"": {""email"": ""user06@example.com""}, ""actor_type"": ""user""}"
2026-02-15T13:00:00,2026-02-15T14:00:00,0.0,ALL_PURPOSE,123456789,"{""run_as"": {""email"": ""user06@example.com""}, ""actor_type"": ""user""}"
2026-02-15T14:00:00,2026-02-15T15:00:00,0.1738,ALL_PURPOSE,123456789,"{""run_as"": {""email"": ""user06@example.com""}, ""actor_type"": ""user""}"
2026-02-15T15:00:00,2026-02-15T16:00:00,0.2435,ALL_PURPOSE,123456789,"{""run_as"": {""email"": ""user06@example.com""}, ""actor_type"": ""user""}"
2026-02-15T16:00:00,2026-02-15T17:00:00,0.2967,ALL_PURPOSE,123456789,"{""run_as"": {""email"": ""user06@example.com""}, ""actor_type"": ""user""}"
2026-02-15T17:00:00,2026-02-15T18:00:00,0.0478,ALL_PURPOSE,123456789,"{""run_as"": {""email"": ""user06@example.com""}, ""actor_type"": ""user""}"
2026-02-15T18:00:00,2026-02-15T19:00:00,0.2806,ALL_PURPOSE,123456789,"{""run_as"": {""email"": ""user06@example.com""}, ""actor_type"": ""user""}"
2026-02-15T19:00:00,2026-02-15T20:00:00,0.3812,ALL_PURPOSE,123456789,"{""run_as"": {""email"": ""user06@example.com""}, ""actor_type"": ""user""}"
2026-02-15T20:00:00,2026-02-15T21:00:00,0.3132,ALL_PURPOSE,123456789,"{""run_as"": {""email"": ""user06@example.com""}, ""actor_type"": ""user""}"
2026-02-15T21:00:00,2026-02-15T22:00:00,0.0,ALL_PURPOSE,123456789,"{""run_as"": {""email"": ""user06@example.com""}, ""actor_type"": ""user""}"
2026-02-15T22:00:00,2026-02-15T23:00:00,1.0329,ALL_PURPOSE,123456789,"{""run_as"": {""email"": ""user06@example.com""}, ""actor_type"": ""user""}"
2026-02-15T23:00:00,2026-02-16T00:00:00,0.0117,ALL_PURPOSE,123456789,"{""run_as"": {""email"": ""user06@example.com""}, ""actor_type"": ""user""}"
2026-02-16T00:00:00,2026-02-16T01:00:00,0.0255,ALL_PURPOSE,123456789,"{""run_as"": {""email"": ""user06@example.com""}, ""actor_type"": ""user""}"
2026-02-16T01:00:00,2026-02-16T02:00:00,0.0308,ALL_PURPOSE,123456789,"{""run_as"": {""email"": ""user06@example.com""}, ""actor_type"": ""user""}"
2026-02-16T02:00:00,2026-02-16T03:00:00,0.1998,ALL_PURPOSE,123456789,"{""run_as"": {""email"": ""user06@example.com""}, ""actor_type"": ""user""}"
2026-02-16T03:00:00,2026-02-16T04:00:00,0.6038,ALL_PURPOSE,123456789,"{""run_as"": {""email"": ""user06@example.com""}, ""actor_type"": ""user""}"
2026-02-16T04:00:00,2026-02-16T05:00:00,0.0,ALL_PURPOSE,123456789,"{""run_as"": {""email"": ""user06@example.com""}, ""actor_type"": ""user""}"
2026-02-16T05:00:00,2026-02-16T06:00:00,0.7754,ALL_PURPOSE,123456789,"{""run_as"": {""email"": ""user06@example.com""}, ""actor_type"": ""user""}"
2026-02-16T06:00:00,2026-02-16T07:00:00,0.06,ALL_PURPOSE,123456789,"{""run_as"": {""email"": ""user06@example.com""}, ""actor_type"": ""user""}"
2026-02-16T07:00:00,2026-02-16T08:00:00,0.343,ALL_PURPOSE,123456789,"{""run_as"": {""email"": ""user06@example.com""}, ""actor_type"": ""user""}"
2026-02-16T08:00:00,2026-02-16T09:00:00,0.3656,ALL_PURPOSE,123456789,"{""run_as"": {""email"": ""user06@example.com""}, ""actor_type"": ""user""}"
2026-02-16T09:00:00,2026-02-16T10:00:00,0.1677,ALL_PURPOSE,123456789,"{""run_as"": {""email"": ""user06@example.com""}, ""actor_type"": ""user""}"
2026-02-16T10:00:00,2026-02-16T11:00:00,0.1665,ALL_PURPOSE,123456789,"{""run_as"": {""email"": ""user06@example.com""}, ""actor_type"": ""user""}"
2026-02-16T11:00:00,2026-02-16T12:00:00,0.0,ALL_PURPOSE,123456789,"{""run_as"": {""email"": ""user06@example.com""}, ""actor_type"": ""user""}"
2026-02-16T12:00:00,2026-02-16T13:00:00,0.1491,ALL_PURPOSE,123456789,"{""run_as"": {""email"": ""user06@example.com""}, ""actor_type"": ""user""}"
2026-02-16T13:00:00,2026-02-16T14:00:00,0.3608,ALL_PURPOSE,123456789,"{""run_as"": {""email"": ""user06@example.com""}, ""actor_type"": ""user""}"
2026-02-16T14:00:00,2026-02-16T15:00:00,0.3217,ALL_PURPOSE,123456789,"{""run_as"": {""email"": ""user06@example.com""}, ""actor_type"": ""user""}"
2026-02-16T15:00:00,2026-02-16T16:00:00,0.0,ALL_PURPOSE,123456789,"{""run_as"": {""email"": ""user06@example.com""}, ""actor_type"": ""user""}"
2026-02-16T16:00:00,2026-02-16T17:00:00,0.186,ALL_PURPOSE,123456789,"{""run_as"": {""email"": ""user06@example.com""}, ""actor_type"": ""user""}"
2026-02-16T17:00:00,2026-02-16T18:00:00,0.3379,ALL_PURPOSE,123456789,"{""run_as"": {""email"": ""user06@example.com""}, ""actor_type"": ""user""}"
2026-02-16T18:00:00,2026-02-16T19:00:00,0.0,ALL_PURPOSE,123456789,"{""run_as"": {""email"": ""user06@example.com""}, ""actor_type"": ""user""}"
2026-02-16T19:00:00,2026-02-16T20:00:00,0.0803,ALL_PURPOSE,123456789,"{""run_as"": {""email"": ""user06@example.com""}, ""actor_type"": ""user""}"
2026-02-16T20:00:00,2026-02-16T21:00:00,0.1216,ALL_PURPOSE,123456789,"{""run_as"": {""email"": ""user06@example.com""}, ""actor_type"": ""user""}"
2026-02-16T21:00:00,2026-02-16T22:00:00,0.1856,ALL_PURPOSE,123456789,"{""run_as"": {""email"": ""user06@example.com""}, ""actor_type"": ""user""}"
2026-02-16T22:00:00,2026-02-16T23:00:00,0.1973,ALL_PURPOSE,123456789,"{""run_as"": {""email"": ""user06@example.com""}, ""actor_type"": ""user""}"
2026-02-16T23:00:00,2026-02-17T00:00:00,0.3602,ALL_PURPOSE,123456789,"{""run_as"": {""email"": ""user06@example.com""}, ""actor_type"": ""user""}"
2026-02-17T00:00:00,2026-02-17T01:00:00,0.0026,ALL_PURPOSE,123456789,"{""run_as"": {""email"": ""user06@example.com""}, ""actor_type"": ""user""}"
2026-02-17T01:00:00,2026-02-17T02:00:00,0.1386,ALL_PURPOSE,123456789,"{""run_as"": {""email"": ""user06@example.com""}, ""actor_type"": ""user""}"
2026-02-17T02:00:00,2026-02-17T03:00:00,0.9405,ALL_PURPOSE,123456789,"{""run_as"": {""email"": ""user06@example.com""}, ""actor_type"": ""user""}"
2026-02-17T03:00:00,2026-02-17T04:00:00,0.7618,ALL_PURPOSE,123456789,"{""run_as"": {""email"": ""user06@example.com""}, ""actor_type"": ""user""}"
2026-02-17T04:00:00,2026-02-17T05:00:00,0.9947,ALL_PURPOSE,123456789,"{""run_as"": {""email"": ""user06@example.com""}, ""actor_type"": ""user""}"
2026-02-17T05:00:00,2026-02-17T06:00:00,0.0372,ALL_PURPOSE,123456789,"{""run_as"": {""email"": ""user06@example.com""}, ""actor_type"": ""user""}"
2026-02-17T06:00:00,2026-02-17T07:00:00,0.2079,ALL_PURPOSE,123456789,"{""run_as"": {""email"": ""user06@example.com""}, ""actor_type"": ""user""}"
2026-02-17T07:00:00,2026-02-17T08:00:00,0.149,ALL_PURPOSE,123456789,"{""run_as"": {""email"": ""user06@example.com""}, ""actor_type"": ""user""}"
2026-02-17T08:00:00,2026-02-17T09:00:00,0.0,ALL_PURPOSE,123456789,"{""run_as"": {""email"": ""user06@example.com""}, ""actor_type"": ""user""}"
2026-02-17T09:00:00,2026-02-17T10:00:00,0.0534,ALL_PURPOSE,123456789,"{""run_as"": {""email"": ""user06@example.com""}, ""actor_type"": ""user""}"
2026-02-17T10:00:00,2026-02-17T11:00:00,0.0299,ALL_PURPOSE,123456789,"{""run_as"": {""email"": ""user06@example.com""}, ""actor_type"": ""user""}"
2026-02-17T11:00:00,2026-02-17T12:00:00,0.174,ALL_PURPOSE,123456789,"{""run_as"": {""email"": ""user06@example.com""}, ""actor_type"": ""user""}"
2026-02-17T12:00:00,2026-02-17T13:00:00,0.0947,ALL_PURPOSE,123456789,"{""run_as"": {""email"": ""user06@example.com""}, ""actor_type"": ""user""}"
2026-02-17T13:00:00,2026-02-17T14:00:00,0.126,ALL_PURPOSE,123456789,"{""run_as"": {""email"": ""user06@example.com""}, ""actor_type"": ""user""}"
2026-02-17T14:00:00,2026-02-17T15:00:00,0.2803,ALL_PURPOSE,123456789,"{""run_as"": {""email"": ""user06@example.com""}, ""actor_type"": ""user""}"
2026-02-17T15:00:00,2026-02-17T16:00:00,0.1272,ALL_PURPOSE,123456789,"{""run_as"": {""email"": ""user06@example.com""}, ""actor_type"": ""user""}"
2026-02-17T16:00:00,2026-02-17T17:00:00,0.0299,ALL_PURPOSE,123456789,"{""run_as"": {""email"": ""user06@example.com""}, ""actor_type"": ""user""}"
2026-02-17T17:00:00,2026-02-17T18:00:00,0.312,ALL_PURPOSE,123456789,"{""run_as"": {""email"": ""user06@example.com""}, ""actor_type"": ""user""}"
2026-02-17T18:00:00,2026-02-17T19:00:00,0.0622,ALL_PURPOSE,123456789,"{""run_as"": {""email"": ""user06@example.com""}, ""actor_type"": ""user""}"
2026-02-17T19:00:00,2026-02-17T20:00:00,0.1864,ALL_PURPOSE,123456789,"{""run_as"": {""email"": ""user06@example.com""}, ""actor_type"": ""user""}"
2026-02-17T20:00:00,2026-02-17T21:00:00,0.2144,ALL_PURPOSE,123456789,"{""run_as"": {""email"": ""user06@example.com""}, ""actor_type"": ""user""}"
2026-02-17T21:00:00,2026-02-17T22:00:00,0.0831,ALL_PURPOSE,123456789,"{""run_as"": {""email"": ""user06@example.com""}, ""actor_type"": ""user""}"
2026-02-17T22:00:00,2026-02-17T23:00:00,0.3163,ALL_PURPOSE,123456789,"{""run_as"": {""email"": ""user06@example.com""}, ""actor_type"": ""user""}"
2026-02-17T23:00:00,2026-02-18T00:00:00,0.0,ALL_PURPOSE,123456789,"{""run_as"": {""email"": ""user06@example.com""}, ""actor_type"": ""user""}"
2026-02-18T00:00:00,2026-02-18T01:00:00,0.4982,ALL_PURPOSE,123456789,"{""run_as"": {""email"": ""user06@example.com""}, ""actor_type"": ""user""}"
2026-02-18T01:00:00,2026-02-18T02:00:00,0.1423,ALL_PURPOSE,123456789,"{""run_as"": {""email"": ""user06@example.com""}, ""actor_type"": ""user""}"
2026-02-18T02:00:00,2026-02-18T03:00:00,0.0,ALL_PURPOSE,123456789,"{""run_as"": {""email"": ""user06@example.com""}, ""actor_type"": ""user""}"
2026-02-18T03:00:00,2026-02-18T04:00:00,0.1618,ALL_PURPOSE,123456789,"{""run_as"": {""email"": ""user06@example.com""}, ""actor_type"": ""user""}"
2026-02-18T04:00:00,2026-02-18T05:00:00,0.0999,ALL_PURPOSE,123456789,"{""run_as"": {""email"": ""user06@example.com""}, ""actor_type"": ""user""}"
2026-02-18T05:00:00,2026-02-18T06:00:00,0.7372,ALL_PURPOSE,123456789,"{""run_as"": {""email"": ""user06@example.com""}, ""actor_type"": ""user""}"
2026-02-18T06:00:00,2026-02-18T07:00:00,0.0523,ALL_PURPOSE,123456789,"{""run_as"": {""email"": ""user06@example.com""}, ""actor_type"": ""user""}"
2026-02-18T07:00:00,2026-02-18T08:00:00,0.1489,ALL_PURPOSE,123456789,"{""run_as"": {""email"": ""user06@example.com""}, ""actor_type"": ""user""}"
2026-02-18T08:00:00,2026-02-18T09:00:00,0.2579,ALL_PURPOSE,123456789,"{""run_as"": {""email"": ""user06@example.com""}, ""actor_type"": ""user""}"
2026-02-18T09:00:00,2026-02-18T10:00:00,0.1035,ALL_PURPOSE,123456789,"{""run_as"": {""email"": ""user06@example.com""}, ""actor_type"": ""user""}"
2026-02-18T10:00:00,2026-02-18T11:00:00,0.0,ALL_PURPOSE,123456789,"{""run_as"": {""email"": ""user06@example.com""}, ""actor_type"": ""user""}"
2026-02-18T11:00:00,2026-02-18T12:00:00,0.361,ALL_PURPOSE,123456789,"{""run_as"": {""email"": ""user06@example.com""}, ""actor_type"": ""user""}"
2026-02-18T12:00:00,2026-02-18T13:00:00,0.0515,ALL_PURPOSE,123456789,"{""run_as"": {""email"": ""user06@example.com""}, ""actor_type"": ""user""}"
2026-02-18T13:00:00,2026-02-18T14:00:00,0.3317,ALL_PURPOSE,123456789,"{""run_as"": {""email"": ""user06@example.com""}, ""actor_type"": ""user""}"
2026-02-18T14:00:00,2026-02-18T15:00:00,0.0171,ALL_PURPOSE,123456789,"{""run_as"": {""email"": ""user06@example.com""}, ""actor_type"": ""user""}"
2026-02-18T15:00:00,2026-02-18T16:00:00,0.0672,ALL_PURPOSE,123456789,"{""run_as"": {""email"": ""user06@example.com""}, ""actor_type"": ""user""}"
2026-02-18T16:00:00,2026-02-18T17:00:00,0.3287,ALL_PURPOSE,123456789,"{""run_as"": {""email"": ""user06@example.com""}, ""actor_type"": ""user""}"
2026-02-18T17:00:00,2026-02-18T18:00:00,0.0118,ALL_PURPOSE,123456789,"{""run_as"": {""email"": ""user06@example.com""}, ""actor_type"": ""user""}"
2026-02-18T18:00:00,2026-02-18T19:00:00,0.0691,ALL_PURPOSE,123456789,"{""run_as"": {""email"": ""user06@example.com""}, ""actor_type"": ""user""}"
2026-02-18T19:00:00,2026-02-18T20:00:00,0.0749,ALL_PURPOSE,123456789,"{""run_as"": {""email"": ""user06@example.com""}, ""actor_type"": ""user""}"
2026-02-18T20:00:00,2026-02-18T21:00:00,0.0,ALL_PURPOSE,123456789,"{""run_as"": {""email"": ""user06@example.com""}, ""actor_type"": ""user""}"
2026-02-18T21:00:00,2026-02-18T22:00:00,0.2477,ALL_PURPOSE,123456789,"{""run_as"": {""email"": ""user06@example.com""}, ""actor_type"": ""user""}"
2026-02-18T22:00:00,2026-02-18T23:00:00,0.118,ALL_PURPOSE,123456789,"{""run_as"": {""email"": ""user06@example.com""}, ""actor_type"": ""user""}"
2026-02-18T23:00:00,2026-02-19T00:00:00,0.2205,ALL_PURPOSE,123456789,"{""run_as"": {""email"": ""user06@example.com""}, ""actor_type"": ""user""}"
2026-02-19T00:00:00,2026-02-19T01:00:00,0.3539,ALL_PURPOSE,123456789,"{""run_as"": {""email"": ""user06@example.com""}, ""actor_type"": ""user""}"
2026-02-19T01:00:00,2026-02-19T02:00:00,0.3209,ALL_PURPOSE,123456789,"{""run_as"": {""email"": ""user06@example.com""}, ""actor_type"": ""user""}"
2026-02-19T02:00:00,2026-02-19T03:00:00,0.3128,ALL_PURPOSE,123456789,"{""run_as"": {""email"": ""user06@example.com""}, ""actor_type"": ""user""}"
2026-02-19T03:00:00,2026-02-19T04:00:00,0.1939,ALL_PURPOSE,123456789,"{""run_as"": {""email"": ""user06@example.com""}, ""actor_type"": ""user""}"
2026-02-19T04:00:00,2026-02-19T05:00:00,0.4786,ALL_PURPOSE,123456789,"{""run_as"": {""email"": ""user06@example.com""}, ""actor_type"": ""user""}"
2026-02-19T05:00:00,2026-02-19T06:00:00,0.0,ALL_PURPOSE,123456789,"{""run_as"": {""email"": ""user06@example.com""}, ""actor_type"": ""user""}"
2026-02-19T06:00:00,2026-02-19T07:00:00,0.3966,ALL_PURPOSE,123456789,"{""run_as"": {""email"": ""user06@example.com""}, ""actor_type"": ""user""}"
2026-02-19T07:00:00,2026-02-19T08:00:00,0.3067,ALL_PURPOSE,123456789,"{""run_as"": {""email"": ""user06@example.com""}, ""actor_type"": ""user""}"
2026-02-19T08:00:00,2026-02-19T09:00:00,0.0,ALL_PURPOSE,123456789,"{""run_as"": {""email"": ""user06@example.com""}, ""actor_type"": ""user""}"
2026-02-19T09:00:00,2026-02-19T10:00:00,0.2627,ALL_PURPOSE,123456789,"{""run_as"": {""email"": ""user06@example.com""}, ""actor_type"": ""user""}"
2026-02-19T10:00:00,2026-02-19T11:00:00,0.3265,ALL_PURPOSE,123456789,"{""run_as"": {""email"": ""user06@example.com""}, ""actor_type"": ""user""}"
2026-02-19T11:00:00,2026-02-19T12:00:00,0.0224,ALL_PURPOSE,123456789,"{""run_as"": {""email"": ""user06@example.com""}, ""actor_type"": ""user""}"
2026-02-19T12:00:00,2026-02-19T13:00:00,0.0878,ALL_PURPOSE,123456789,"{""run_as"": {""email"": ""user06@example.com""}, ""actor_type"": ""user""}"
2026-02-19T13:00:00,2026-02-19T14:00:00,0.319,ALL_PURPOSE,123456789,"{""run_as"": {""email"": ""user06@example.com""}, ""actor_type"": ""user""}"
2026-02-19T14:00:00,2026-02-19T15:00:00,0.3357,ALL_PURPOSE,123456789,"{""run_as"": {""email"": ""user06@example.com""}, ""actor_type"": ""user""}"
2026-02-19T15:00:00,2026-02-19T16:00:00,0.0704,ALL_PURPOSE,123456789,"{""run_as"": {""email"": ""user06@example.com""}, ""actor_type"": ""user""}"
2026-02-19T16:00:00,2026-02-19T17:00:00,0.3225,ALL_PURPOSE,123456789,"{""run_as"": {""email"": ""user06@example.com""}, ""actor_type"": ""user""}"
2026-02-19T17:00:00,2026-02-19T18:00:00,0.0,ALL_PURPOSE,123456789,"{""run_as"": {""email"": ""user06@example.com""}, ""actor_type"": ""user""}"
2026-02-19T18:00:00,2026-02-19T19:00:00,0.2802,ALL_PURPOSE,123456789,"{""run_as"": {""email"": ""user06@example.com""}, ""actor_type"": ""user""}"
2026-02-19T19:00:00,2026-02-19T20:00:00,0.2254,ALL_PURPOSE,123456789,"{""run_as"": {""email"": ""user06@example.com""}, ""actor_type"": ""user""}"
2026-02-19T20:00:00,2026-02-19T21:00:00,0.0753,ALL_PURPOSE,123456789,"{""run_as"": {""email"": ""user06@example.com""}, ""actor_type"": ""user""}"
2026-02-19T21:00:00,2026-02-19T22:00:00,0.3527,ALL_PURPOSE,123456789,"{""run_as"": {""email"": ""user06@example.com""}, ""actor_type"": ""user""}"
2026-02-19T22:00:00,2026-02-19T23:00:00,0.0,ALL_PURPOSE,123456789,"{""run_as"": {""email"": ""user06@example.com""}, ""actor_type"": ""user""}"
2026-02-19T23:00:00,2026-02-20T00:00:00,0.0,ALL_PURPOSE,123456789,"{""run_as"": {""email"": ""user06@example.com""}, ""actor_type"": ""user""}"
2026-02-20T00:00:00,2026-02-20T01:00:00,0.5585,ALL_PURPOSE,123456789,"{""run_as"": {""email"": ""user06@example.com""}, ""actor_type"": ""user""}"
2026-02-20T01:00:00,2026-02-20T02:00:00,0.3675,ALL_PURPOSE,123456789,"{""run_as"": {""email"": ""user06@example.com""}, ""actor_type"": ""user""}"
2026-02-20T02:00:00,2026-02-20T03:00:00,0.0088,ALL_PURPOSE,123456789,"{""run_as"": {""email"": ""user06@example.com""}, ""actor_type"": ""user""}"
2026-02-20T03:00:00,2026-02-20T04:00:00,0.3097,ALL_PURPOSE,123456789,"{""run_as"": {""email"": ""user06@example.com""}, ""actor_type"": ""user""}"
2026-02-20T04:00:00,2026-02-20T05:00:00,0.3842,ALL_PURPOSE,123456789,"{""run_as"": {""email"": ""user06@example.com""}, ""actor_type"": ""user""}"
2026-02-20T05:00:00,2026-02-20T06:00:00,0.0,ALL_PURPOSE,123456789,"{""run_as"": {""email"": ""user06@example.com""}, ""actor_type"": ""user""}"
2026-02-20T06:00:00,2026-02-20T07:00:00,0.063,ALL_PURPOSE,123456789,"{""run_as"": {""email"": ""user06@example.com""}, ""actor_type"": ""user""}"
2026-02-20T07:00:00,2026-02-20T08:00:00,0.3167,ALL_PURPOSE,123456789,"{""run_as"": {""email"": ""user06@example.com""}, ""actor_type"": ""user""}"
2026-02-20T08:00:00,2026-02-20T09:00:00,0.2597,ALL_PURPOSE,123456789,"{""run_as"": {""email"": ""user06@example.com""}, ""actor_type"": ""user""}"
2026-02-20T09:00:00,2026-02-20T10:00:00,0.3875,ALL_PURPOSE,123456789,"{""run_as"": {""email"": ""user06@example.com""}, ""actor_type"": ""user""}"
2026-02-20T10:00:00,2026-02-20T11:00:00,0.3715,ALL_PURPOSE,123456789,"{""run_as"": {""email"": ""user06@example.com""}, ""actor_type"": ""user""}"
2026-02-20T11:00:00,2026-02-20T12:00:00,0.0893,ALL_PURPOSE,123456789,"{""run_as"": {""email"": ""user06@example.com""}, ""actor_type"": ""user""}"
2026-02-20T12:00:00,2026-02-20T13:00:00,0.0701,ALL_PURPOSE,123456789,"{""run_as"": {""email"": ""user06@example.com""}, ""actor_type"": ""user""}"
2026-02-20T13:00:00,2026-02-20T14:00:00,0.0,ALL_PURPOSE,123456789,"{""run_as"": {""email"": ""user06@example.com""}, ""actor_type"": ""user""}"
2026-02-20T14:00:00,2026-02-20T15:00:00,0.2915,ALL_PURPOSE,123456789,"{""run_as"": {""email"": ""user06@example.com""}, ""actor_type"": ""user""}"
2026-02-20T15:00:00,2026-02-20T16:00:00,0.3795,ALL_PURPOSE,123456789,"{""run_as"": {""email"": ""user06@example.com""}, ""actor_type"": ""user""}"
2026-02-20T16:00:00,2026-02-20T17:00:00,0.3977,ALL_PURPOSE,123456789,"{""run_as"": {""email"": ""user06@example.com""}, ""actor_type"": ""user""}"
2026-02-13T17:00:00,2026-02-13T18:00:00,0.013,ALL_PURPOSE,123456789,"{""run_as"": {""email"": ""user07@example.com""}, ""actor_type"": ""user""}"
2026-02-13T18:00:00,2026-02-13T19:00:00,0.3684,ALL_PURPOSE,123456789,"{""run_as"": {""email"": ""user07@example.com""}, ""actor_type"": ""user""}"
2026-02-13T19:00:00,2026-02-13T20:00:00,0.0884,ALL_PURPOSE,123456789,"{""run_as"": {""email"": ""user07@example.com""}, ""actor_type"": ""user""}"
2026-02-13T20:00:00,2026-02-13T21:00:00,0.0,ALL_PURPOSE,123456789,"{""run_as"": {""email"": ""user07@example.com""}, ""actor_type"": ""user""}"
2026-02-13T21:00:00,2026-02-13T22:00:00,0.2981,ALL_PURPOSE,123456789,"{""run_as"": {""email"": ""user07@example.com""}, ""actor_type"": ""user""}"
2026-02-13T22:00:00,2026-02-13T23:00:00,0.0,ALL_PURPOSE,123456789,"{""run_as"": {""email"": ""user07@example.com""}, ""actor_type"": ""user""}"
2026-02-13T23:00:00,2026-02-14T00:00:00,0.2836,ALL_PURPOSE,123456789,"{""run_as"": {""email"": ""user07@example.com""}, ""actor_type"": ""user""}"
2026-02-14T00:00:00,2026-02-14T01:00:00,0.0,ALL_PURPOSE,123456789,"{""run_as"": {""email"": ""user07@example.com""}, ""actor_type"": ""user""}"
2026-02-14T01:00:00,2026-02-14T02:00:00,0.2036,ALL_PURPOSE,123456789,"{""run_as"": {""email"": ""user07@example.com""}, ""actor_type"": ""user""}"
2026-02-14T02:00:00,2026-02-14T03:00:00,0.293,ALL_PURPOSE,123456789,"{""run_as"": {""email"": ""user07@example.com""}, ""actor_type"": ""user""}"
2026-02-14T03:00:00,2026-02-14T04:00:00,0.1972,ALL_PURPOSE,123456789,"{""run_as"": {""email"": ""user07@example.com""}, ""actor_type"": ""user""}"
2026-02-14T04:00:00,2026-02-14T05:00:00,0.0406,ALL_PURPOSE,123456789,"{""run_as"": {""email"": ""user07@example.com""}, ""actor_type"": ""user""}"
2026-02-14T05:00:00,2026-02-14T06:00:00,0.2604,ALL_PURPOSE,123456789,"{""run_as"": {""email"": ""user07@example.com""}, ""actor_type"": ""user""}"
2026-02-14T06:00:00,2026-02-14T07:00:00,0.0295,ALL_PURPOSE,123456789,"{""run_as"": {""email"": ""user07@example.com""}, ""actor_type"": ""user""}"
2026-02-14T07:00:00,2026-02-14T08:00:00,0.118,ALL_PURPOSE,123456789,"{""run_as"": {""email"": ""user07@example.com""}, ""actor_type"": ""user""}"
2026-02-14T08:00:00,2026-02-14T09:00:00,0.0,ALL_PURPOSE,123456789,"{""run_as"": {""email"": ""user07@example.com""}, ""actor_type"": ""user""}"
2026-02-14T09:00:00,2026-02-14T10:00:00,0.068,ALL_PURPOSE,123456789,"{""run_as"": {""email"": ""user07@example.com""}, ""actor_type"": ""user""}"
2026-02-14T10:00:00,2026-02-14T11:00:00,0.2928,ALL_PURPOSE,123456789,"{""run_as"": {""email"": ""user07@example.com""}, ""actor_type"": ""user""}"
2026-02-14T11:00:00,2026-02-14T12:00:00,0.0,ALL_PURPOSE,123456789,"{""run_as"": {""email"": ""user07@example.com""}, ""actor_type"": ""user""}"
2026-02-14T12:00:00,2026-02-14T13:00:00,0.2376,ALL_PURPOSE,123456789,"{""run_as"": {""email"": ""user07@example.com""}, ""actor_type"": ""user""}"
2026-02-14T13:00:00,2026-02-14T14:00:00,0.0,ALL_PURPOSE,123456789,"{""run_as"": {""email"": ""user07@example.com""}, ""actor_type"": ""user""}"
2026-02-14T14:00:00,2026-02-14T15:00:00,0.377,ALL_PURPOSE,123456789,"{""run_as"": {""email"": ""user07@example.com""}, ""actor_type"": ""user""}"
2026-02-14T15:00:00,2026-02-14T16:00:00,0.3559,ALL_PURPOSE,123456789,"{""run_as"": {""email"": ""user07@example.com""}, ""actor_type"": ""user""}"
2026-02-14T16:00:00,2026-02-14T17:00:00,0.0405,ALL_PURPOSE,123456789,"{""run_as"": {""email"": ""user07@example.com""}, ""actor_type"": ""user""}"
2026-02-14T17:00:00,2026-02-14T18:00:00,0.076,ALL_PURPOSE,123456789,"{""run_as"": {""email"": ""user07@example.com""}, ""actor_type"": ""user""}"
2026-02-14T18:00:00,2026-02-14T19:00:00,0.2888,ALL_PURPOSE,123456789,"{""run_as"": {""email"": ""user07@example.com""}, ""actor_type"": ""user""}"
2026-02-14T19:00:00,2026-02-14T20:00:00,0.1061,ALL_PURPOSE,123456789,"{""run_as"": {""email"": ""user07@example.com""}, ""actor_type"": ""user""}"
2026-02-14T20:00:00,2026-02-14T21:00:00,0.0,ALL_PURPOSE,123456789,"{""run_as"": {""email"": ""user07@example.com""}, ""actor_type"": ""user""}"
2026-02-14T21:00:00,2026-02-14T22:00:00,0.2287,ALL_PURPOSE,123456789,"{""run_as"": {""email"": ""user07@example.com""}, ""actor_type"": ""user""}"
2026-02-14T22:00:00,2026-02-14T23:00:00,0.0614,ALL_PURPOSE,123456789,"{""run_as"": {""email"": ""user07@example.com""}, ""actor_type"": ""user""}"
2026-02-14T23:00:00,2026-02-15T00:00:00,0.1178,ALL_PURPOSE,123456789,"{""run_as"": {""email"": ""user07@example.com""}, ""actor_type"": ""user""}"
2026-02-15T00:00:00,2026-02-15T01:00:00,0.2995,ALL_PURPOSE,123456789,"{""run_as"": {""email"": ""user07@example.com""}, ""actor_type"": ""user""}"
2026-02-15T01:00:00,2026-02-15T02:00:00,0.0328,ALL_PURPOSE,123456789,"{""run_as"": {""email"": ""user07@example.com""}, ""actor_type"": ""user""}"
2026-02-15T02:00:00,2026-02-15T03:00:00,0.159,ALL_PURPOSE,123456789,"{""run_as"": {""email"": ""user07@example.com""}, ""actor_type"": ""user""}"
2026-02-15T03:00:00,2026-02-15T04:00:00,0.0365,ALL_PURPOSE,123456789,"{""run_as"": {""email"": ""user07@example.com""}, ""actor_type"": ""user""}"
2026-02-15T04:00:00,2026-02-15T05:00:00,0.3542,ALL_PURPOSE,123456789,"{""run_as"": {""email"": ""user07@example.com""}, ""actor_type"": ""user""}"
2026-02-15T05:00:00,2026-02-15T06:00:00,0.1053,ALL_PURPOSE,123456789,"{""run_as"": {""email"": ""user07@example.com""}, ""actor_type"": ""user""}"
2026-02-15T06:00:00,2026-02-15T07:00:00,0.0,ALL_PURPOSE,123456789,"{""run_as"": {""email"": ""user07@example.com""}, ""actor_type"": ""user""}"
2026-02-15T07:00:00,2026-02-15T08:00:00,0.3009,ALL_PURPOSE,123456789,"{""run_as"": {""email"": ""user07@example.com""}, ""actor_type"": ""user""}"
2026-02-15T08:00:00,2026-02-15T09:00:00,0.0343,ALL_PURPOSE,123456789,"{""run_as"": {""email"": ""user07@example.com""}, ""actor_type"": ""user""}"
2026-02-15T09:00:00,2026-02-15T10:00:00,0.2166,ALL_PURPOSE,123456789,"{""run_as"": {""email"": ""user07@example.com""}, ""actor_type"": ""user""}"
2026-02-15T10:00:00,2026-02-15T11:00:00,0.2359,ALL_PURPOSE,123456789,"{""run_as"": {""email"": ""user07@example.com""}, ""actor_type"": ""user""}"
2026-02-15T11:00:00,2026-02-15T12:00:00,0.3363,ALL_PURPOSE,123456789,"{""run_as"": {""email"": ""user07@example.com""}, ""actor_type"": ""user""}"
2026-02-15T12:00:00,2026-02-15T13:00:00,0.1675,ALL_PURPOSE,123456789,"{""run_as"": {""email"": ""user07@example.com""}, ""actor_type"": ""user""}"
2026-02-15T13:00:00,2026-02-15T14:00:00,0.3468,ALL_PURPOSE,123456789,"{""run_as"": {""email"": ""user07@example.com""}, ""actor_type"": ""user""}"
2026-02-15T14:00:00,2026-02-15T15:00:00,0.3527,ALL_PURPOSE,123456789,"{""run_as"": {""email"": ""user07@example.com""}, ""actor_type"": ""user""}"
2026-02-15T15:00:00,2026-02-15T16:00:00,0.0316,ALL_PURPOSE,123456789,"{""run_as"": {""email"": ""user07@example.com""}, ""actor_type"": ""user""}"
2026-02-15T16:00:00,2026-02-15T17:00:00,0.2857,ALL_PURPOSE,123456789,"{""run_as"": {""email"": ""user07@example.com""}, ""actor_type"": ""user""}"
2026-02-15T17:00:00,2026-02-15T18:00:00,0.3602,ALL_PURPOSE,123456789,"{""run_as"": {""email"": ""user07@example.com""}, ""actor_type"": ""user""}"
2026-02-15T18:00:00,2026-02-15T19:00:00,0.271,ALL_PURPOSE,123456789,"{""run_as"": {""email"": ""user07@example.com""}, ""actor_type"": ""user""}"
2026-02-15T19:00:00,2026-02-15T20:00:00,0.0481,ALL_PURPOSE,123456789,"{""run_as"": {""email"": ""user07@example.com""}, ""actor_type"": ""user""}"
2026-02-15T20:00:00,2026-02-15T21:00:00,0.0692,ALL_PURPOSE,123456789,"{""run_as"": {""email"": ""user07@example.com""}, ""actor_type"": ""user""}"
2026-02-15T21:00:00,2026-02-15T22:00:00,0.3889,ALL_PURPOSE,123456789,"{""run_as"": {""email"": ""user07@example.com""}, ""actor_type"": ""user""}"
2026-02-15T22:00:00,2026-02-15T23:00:00,0.0505,ALL_PURPOSE,123456789,"{""run_as"": {""email"": ""user07@example.com""}, ""actor_type"": ""user""}"
2026-02-15T23:00:00,2026-02-16T00:00:00,0.1742,ALL_PURPOSE,123456789,"{""run_as"": {""email"": ""user07@example.com""}, ""actor_type"": ""user""}"
2026-02-16T00:00:00,2026-02-16T01:00:00,1.0712,ALL_PURPOSE,123456789,"{""run_as"": {""email"": ""user07@example.com""}, ""actor_type"": ""user""}"
2026-02-16T01:00:00,2026-02-16T02:00:00,0.0268,ALL_PURPOSE,123456789,"{""run_as"": {""email"": ""user07@example.com""}, ""actor_type"": ""user""}"
2026-02-16T02:00:00,2026-02-16T03:00:00,0.5512,ALL_PURPOSE,123456789,"{""run_as"": {""email"": ""user07@example.com""}, ""actor_type"": ""user""}"
2026-02-16T03:00:00,2026-02-16T04:00:00,0.3146,ALL_PURPOSE,123456789,"{""run_as"": {""email"": ""user07@example.com""}, ""actor_type"": ""user""}"
2026-02-16T04:00:00,2026-02-16T05:00:00,0.0,ALL_PURPOSE,123456789,"{""run_as"": {""email"": ""user07@example.com""}, ""actor_type"": ""user""}"
2026-02-16T05:00:00,2026-02-16T06:00:00,0.2352,ALL_PURPOSE,123456789,"{""run_as"": {""email"": ""user07@example.com""}, ""actor_type"": ""user""}"
2026-02-16T06:00:00,2026-02-16T07:00:00,0.37,ALL_PURPOSE,123456789,"{""run_as"": {""email"": ""user07@example.com""}, ""actor_type"": ""user""}"
2026-02-16T07:00:00,2026-02-16T08:00:00,0.0404,ALL_PURPOSE,123456789,"{""run_as"": {""email"": ""user07@example.com""}, ""actor_type"": ""user""}"
2026-02-16T08:00:00,2026-02-16T09:00:00,0.2143,ALL_PURPOSE,123456789,"{""run_as"": {""email"": ""user07@example.com""}, ""actor_type"": ""user""}"
2026-02-16T09:00:00,2026-02-16T10:00:00,0.1644,ALL_PURPOSE,123456789,"{""run_as"": {""email"": ""user07@example.com""}, ""actor_type"": ""user""}"
2026-02-16T10:00:00,2026-02-16T11:00:00,0.1942,ALL_PURPOSE,123456789,"{""run_as"": {""email"": ""user07@example.com""}, ""actor_type"": ""user""}"
2026-02-16T11:00:00,2026-02-16T12:00:00,0.015,ALL_PURPOSE,123456789,"{""run_as"": {""email"": ""user07@example.com""}, ""actor_type"": ""user""}"
2026-02-16T12:00:00,2026-02-16T13:00:00,0.0575,ALL_PURPOSE,123456789,"{""run_as"": {""email"": ""user07@example.com""}, ""actor_type"": ""user""}"
2026-02-16T13:00:00,2026-02-16T14:00:00,0.0,ALL_PURPOSE,123456789,"{""run_as"": {""email"": ""user07@example.com""}, ""actor_type"": ""user""}"
2026-02-16T14:00:00,2026-02-16T15:00:00,0.3558,ALL_PURPOSE,123456789,"{""run_as"": {""email"": ""user07@example.com""}, ""actor_type"": ""user""}"
2026-02-16T15:00:00,2026-02-16T16:00:00,0.095,ALL_PURPOSE,123456789,"{""run_as"": {""email"": ""user07@example.com""}, ""actor_type"": ""user""}"
2026-02-16T16:00:00,2026-02-16T17:00:00,0.3683,ALL_PURPOSE,123456789,"{""run_as"": {""email"": ""user07@example.com""}, ""actor_type"": ""user""}"
2026-02-16T17:00:00,2026-02-16T18:00:00,0.0081,ALL_PURPOSE,123456789,"{""run_as"": {""email"": ""user07@example.com""}, ""actor_type"": ""user""}"
2026-02-16T18:00:00,2026-02-16T19:00:00,0.1212,ALL_PURPOSE,123456789,"{""run_as"": {""email"": ""user07@example.com""}, ""actor_type"": ""user""}"
2026-02-16T19:00:00,2026-02-16T20:00:00,0.1966,ALL_PURPOSE,123456789,"{""run_as"": {""email"": ""user07@example.com""}, ""actor_type"": ""user""}"
2026-02-16T20:00:00,2026-02-16T21:00:00,0.0393,ALL_PURPOSE,123456789,"{""run_as"": {""email"": ""user07@example.com""}, ""actor_type"": ""user""}"
2026-02-16T21:00:00,2026-02-16T22:00:00,0.0538,ALL_PURPOSE,123456789,"{""run_as"": {""email"": ""user07@example.com""}, ""actor_type"": ""user""}"
2026-02-16T22:00:00,2026-02-16T23:00:00,0.1772,ALL_PURPOSE,123456789,"{""run_as"": {""email"": ""user07@example.com""}, ""actor_type"": ""user""}"
2026-02-16T23:00:00,2026-02-17T00:00:00,0.1667,ALL_PURPOSE,123456789,"{""run_as"": {""email"": ""user07@example.com""}, ""actor_type"": ""user""}"
2026-02-17T00:00:00,2026-02-17T01:00:00,0.0846,ALL_PURPOSE,123456789,"{""run_as"": {""email"": ""user07@example.com""}, ""actor_type"": ""user""}"
2026-02-17T01:00:00,2026-02-17T02:00:00,0.3038,ALL_PURPOSE,123456789,"{""run_as"": {""email"": ""user07@example.com""}, ""actor_type"": ""user""}"
2026-02-17T02:00:00,2026-02-17T03:00:00,0.5239,ALL_PURPOSE,123456789,"{""run_as"": {""email"": ""user07@example.com""}, ""actor_type"": ""user""}"
2026-02-17T03:00:00,2026-02-17T04:00:00,0.0543,ALL_PURPOSE,123456789,"{""run_as"": {""email"": ""user07@example.com""}, ""actor_type"": ""user""}"
2026-02-17T04:00:00,2026-02-17T05:00:00,0.6946,ALL_PURPOSE,123456789,"{""run_as"": {""email"": ""user07@example.com""}, ""actor_type"": ""user""}"
2026-02-17T05:00:00,2026-02-17T06:00:00,0.0998,ALL_PURPOSE,123456789,"{""run_as"": {""email"": ""user07@example.com""}, ""actor_type"": ""user""}"
2026-02-17T06:00:00,2026-02-17T07:00:00,0.2819,ALL_PURPOSE,123456789,"{""run_as"": {""email"": ""user07@example.com""}, ""actor_type"": ""user""}"
2026-02-17T07:00:00,2026-02-17T08:00:00,0.3294,ALL_PURPOSE,123456789,"{""run_as"": {""email"": ""user07@example.com""}, ""actor_type"": ""user""}"
2026-02-17T08:00:00,2026-02-17T09:00:00,0.0,ALL_PURPOSE,123456789,"{""run_as"": {""email"": ""user07@example.com""}, ""actor_type"": ""user""}"
2026-02-17T09:00:00,2026-02-17T10:00:00,0.0122,ALL_PURPOSE,123456789,"{""run_as"": {""email"": ""user07@example.com""}, ""actor_type"": ""user""}"
2026-02-17T10:00:00,2026-02-17T11:00:00,0.2376,ALL_PURPOSE,123456789,"{""run_as"": {""email"": ""user07@example.com""}, ""actor_type"": ""user""}"
2026-02-17T11:00:00,2026-02-17T12:00:00,0.3482,ALL_PURPOSE,123456789,"{""run_as"": {""email"": ""user07@example.com""}, ""actor_type"": ""user""}"
2026-02-17T12:00:00,2026-02-17T13:00:00,0.1399,ALL_PURPOSE,123456789,"{""run_as"": {""email"": ""user07@example.com""}, ""actor_type"": ""user""}"
2026-02-17T13:00:00,2026-02-17T14:00:00,0.3578,ALL_PURPOSE,123456789,"{""run_as"": {""email"": ""user07@example.com""}, ""actor_type"": ""user""}"
2026-02-17T14:00:00,2026-02-17T15:00:00,0.2755,ALL_PURPOSE,123456789,"{""run_as"": {""email"": ""user07@example.com""}, ""actor_type"": ""user""}"
2026-02-17T15:00:00,2026-02-17T16:00:00,0.1546,ALL_PURPOSE,123456789,"{""run_as"": {""email"": ""user07@example.com""}, ""actor_type"": ""user""}"
2026-02-17T16:00:00,2026-02-17T17:00:00,0.2289,ALL_PURPOSE,123456789,"{""run_as"": {""email"": ""user07@example.com""}, ""actor_type"": ""user""}"
2026-02-17T17:00:00,2026-02-17T18:00:00,0.3428,ALL_PURPOSE,123456789,"{""run_as"": {""email"": ""user07@example.com""}, ""actor_type"": ""user""}"
2026-02-17T18:00:00,2026-02-17T19:00:00,0.2711,ALL_PURPOSE,123456789,"{""run_as"": {""email"": ""user07@example.com""}, ""actor_type"": ""user""}"
2026-02-17T19:00:00,2026-02-17T20:00:00,0.0,ALL_PURPOSE,123456789,"{""run_as"": {""email"": ""user07@example.com""}, ""actor_type"": ""user""}"
2026-02-17T20:00:00,2026-02-17T21:00:00,0.3121,ALL_PURPOSE,123456789,"{""run_as"": {""email"": ""user07@example.com""}, ""actor_type"": ""user""}"
2026-02-17T21:00:00,2026-02-17T22:00:00,0.0036,ALL_PURPOSE,123456789,"{""run_as"": {""email"": ""user07@example.com""}, ""actor_type"": ""user""}"
2026-02-17T22:00:00,2026-02-17T23:00:00,0.0,ALL_PURPOSE,123456789,"{""run_as"": {""email"": ""user07@example.com""}, ""actor_type"": ""user""}"
2026-02-17T23:00:00,2026-02-18T00:00:00,0.101,ALL_PURPOSE,123456789,"{""run_as"": {""email"": ""user07@example.com""}, ""actor_type"": ""user""}"
2026-02-18T00:00:00,2026-02-18T01:00:00,0.3868,ALL_PURPOSE,123456789,"{""run_as"": {""email"": ""user07@example.com""}, ""actor_type"": ""user""}"
2026-02-18T01:00:00,2026-02-18T02:00:00,0.427,ALL_PURPOSE,123456789,"{""run_as"": {""email"": ""user07@example.com""}, ""actor_type"": ""user""}"
2026-02-18T02:00:00,2026-02-18T03:00:00,0.2709,ALL_PURPOSE,123456789,"{""run_as"": {""email"": ""user07@example.com""}, ""actor_type"": ""user""}"
2026-02-18T03:00:00,2026-02-18T04:00:00,0.0409,ALL_PURPOSE,123456789,"{""run_as"": {""email"": ""user07@example.com""}, ""actor_type"": ""user""}"
2026-02-18T04:00:00,2026-02-18T05:00:00,0.3373,ALL_PURPOSE,123456789,"{""run_as"": {""email"": ""user07@example.com""}, ""actor_type"": ""user""}"
2026-02-18T05:00:00,2026-02-18T06:00:00,0.0,ALL_PURPOSE,123456789,"{""run_as"": {""email"": ""user07@example.com""}, ""actor_type"": ""user""}"
2026-02-18T06:00:00,2026-02-18T07:00:00,0.3953,ALL_PURPOSE,123456789,"{""run_as"": {""email"": ""user07@example.com""}, ""actor_type"": ""user""}"
2026-02-18T07:00:00,2026-02-18T08:00:00,0.3446,ALL_PURPOSE,123456789,"{""run_as"": {""email"": ""user07@example.com""}, ""actor_type"": ""user""}"
2026-02-18T08:00:00,2026-02-18T09:00:00,0.2844,ALL_PURPOSE,123456789,"{""run_as"": {""email"": ""user07@example.com""}, ""actor_type"": ""user""}"
2026-02-18T09:00:00,2026-02-18T10:00:00,0.0,ALL_PURPOSE,123456789,"{""run_as"": {""email"": ""user07@example.com""}, ""actor_type"": ""user""}"
2026-02-18T10:00:00,2026-02-18T11:00:00,0.3062,ALL_PURPOSE,123456789,"{""run_as"": {""email"": ""user07@example.com""}, ""actor_type"": ""user""}"
2026-02-18T11:00:00,2026-02-18T12:00:00,0.3222,ALL_PURPOSE,123456789,"{""run_as"": {""email"": ""user07@example.com""}, ""actor_type"": ""user""}"
2026-02-18T12:00:00,2026-02-18T13:00:00,0.24,ALL_PURPOSE,123456789,"{""run_as"": {""email"": ""user07@example.com""}, ""actor_type"": ""user""}"
2026-02-18T13:00:00,2026-02-18T14:00:00,0.2723,ALL_PURPOSE,123456789,"{""run_as"": {""email"": ""user07@example.com""}, ""actor_type"": ""user""}"
2026-02-18T14:00:00,2026-02-18T15:00:00,0.2622,ALL_PURPOSE,123456789,"{""run_as"": {""email"": ""user07@example.com""}, ""actor_type"": ""user""}"
2026-02-18T15:00:00,2026-02-18T16:00:00,0.1038,ALL_PURPOSE,123456789,"{""run_as"": {""email"": ""user07@example.com""}, ""actor_type"": ""user""}"
2026-02-18T16:00:00,2026-02-18T17:00:00,0.0,ALL_PURPOSE,123456789,"{""run_as"": {""email"": ""user07@example.com""}, ""actor_type"": ""user""}"
2026-02-18T17:00:00,2026-02-18T18:00:00,0.2832,ALL_PURPOSE,123456789,"{""run_as"": {""email"": ""user07@example.com""}, ""actor_type"": ""user""}"
2026-02-18T18:00:00,2026-02-18T19:00:00,0.076,ALL_PURPOSE,123456789,"{""run_as"": {""email"": ""user07@example.com""}, ""actor_type"": ""user""}"
2026-02-18T19:00:00,2026-02-18T20:00:00,0.0889,ALL_PURPOSE,123456789,"{""run_as"": {""email"": ""user07@example.com""}, ""actor_type"": ""user""}"
2026-02-18T20:00:00,2026-02-18T21:00:00,0.314,ALL_PURPOSE,123456789,"{""run_as"": {""email"": ""user07@example.com""}, ""actor_type"": ""user""}"
2026-02-18T21:00:00,2026-02-18T22:00:00,0.2687,ALL_PURPOSE,123456789,"{""run_as"": {""email"": ""user07@example.com""}, ""actor_type"": ""user""}"
2026-02-18T22:00:00,2026-02-18T23:00:00,0.3382,ALL_PURPOSE,123456789,"{""run_as"": {""email"": ""user07@example.com""}, ""actor_type"": ""user""}"
2026-02-18T23:00:00,2026-02-19T00:00:00,0.262,ALL_PURPOSE,123456789,"{""run_as"": {""email"": ""user07@example.com""}, ""actor_type"": ""user""}"
2026-02-19T00:00:00,2026-02-19T01:00:00,0.3233,ALL_PURPOSE,123456789,"{""run_as"": {""email"": ""user07@example.com""}, ""actor_type"": ""user""}"
2026-02-19T01:00:00,2026-02-19T02:00:00,0.4344,ALL_PURPOSE,123456789,"{""run_as"": {""email"": ""user07@example.com""}, ""actor_type"": ""user""}"
2026-02-19T02:00:00,2026-02-19T03:00:00,0.9493,ALL_PURPOSE,123456789,"{""run_as"": {""email"": ""user07@example.com""}, ""actor_type"": ""user""}"
2026-02-19T03:00:00,2026-02-19T04:00:00,0.8001,ALL_PURPOSE,123456789,"{""run_as"": {""email"": ""user07@example.com""}, ""actor_type"": ""user""}"
2026-02-19T04:00:00,2026-02-19T05:00:00,0.3466,ALL_PURPOSE,123456789,"{""run_as"": {""email"": ""user07@example.com""}, ""actor_type"": ""user""}"
2026-02-19T05:00:00,2026-02-19T06:00:00,0.0285,ALL_PURPOSE,123456789,"{""run_as"": {""email"": ""user07@example.com""}, ""actor_type"": ""user""}"
2026-02-19T06:00:00,2026-02-19T07:00:00,0.347,ALL_PURPOSE,123456789,"{""run_as"": {""email"": ""user07@example.com""}, ""actor_type"": ""user""}"
2026-02-19T07:00:00,2026-02-19T08:00:00,0.0,ALL_PURPOSE,123456789,"{""run_as"": {""email"": ""user07@example.com""}, ""actor_type"": ""user""}"
2026-02-19T08:00:00,2026-02-19T09:00:00,0.0,ALL_PURPOSE,123456789,"{""run_as"": {""email"": ""user07@example.com""}, ""actor_type"": ""user""}"
2026-02-19T09:00:00,2026-02-19T10:00:00,0.0801,ALL_PURPOSE,123456789,"{""run_as"": {""email"": ""user07@example.com""}, ""actor_type"": ""user""}"
2026-02-19T10:00:00,2026-02-19T11:00:00,0.2278,ALL_PURPOSE,123456789,"{""run_as"": {""email"": ""user07@example.com""}, ""actor_type"": ""user""}"
2026-02-19T11:00:00,2026-02-19T12:00:00,0.183,ALL_PURPOSE,123456789,"{""run_as"": {""email"": ""user07@example.com""}, ""actor_type"": ""user""}"
2026-02-19T12:00:00,2026-02-19T13:00:00,0.2863,ALL_PURPOSE,123456789,"{""run_as"": {""email"": ""user07@example.com""}, ""actor_type"": ""user""}"
2026-02-19T13:00:00,2026-02-19T14:00:00,0.195,ALL_PURPOSE,123456789,"{""run_as"": {""email"": ""user07@example.com""}, ""actor_type"": ""user""}"
2026-02-19T14:00:00,2026-02-19T15:00:00,0.0707,ALL_PURPOSE,123456789,"{""run_as"": {""email"": ""user07@example.com""}, ""actor_type"": ""user""}"
2026-02-19T15:00:00,2026-02-19T16:00:00,0.0019,ALL_PURPOSE,123456789,"{""run_as"": {""email"": ""user07@example.com""}, ""actor_type"": ""user""}"
2026-02-19T16:00:00,2026-02-19T17:00:00,0.3045,ALL_PURPOSE,123456789,"{""run_as"": {""email"": ""user07@example.com""}, ""actor_type"": ""user""}"
2026-02-19T17:00:00,2026-02-19T18:00:00,0.3058,ALL_PURPOSE,123456789,"{""run_as"": {""email"": ""user07@example.com""}, ""actor_type"": ""user""}"
2026-02-19T18:00:00,2026-02-19T19:00:00,0.0,ALL_PURPOSE,123456789,"{""run_as"": {""email"": ""user07@example.com""}, ""actor_type"": ""user""}"
2026-02-19T19:00:00,2026-02-19T20:00:00,0.2458,ALL_PURPOSE,123456789,"{""run_as"": {""email"": ""user07@example.com""}, ""actor_type"": ""user""}"
2026-02-19T20:00:00,2026-02-19T21:00:00,0.1614,ALL_PURPOSE,123456789,"{""run_as"": {""email"": ""user07@example.com""}, ""actor_type"": ""user""}"
2026-02-19T21:00:00,2026-02-19T22:00:00,0.0,ALL_PURPOSE,123456789,"{""run_as"": {""email"": ""user07@example.com""}, ""actor_type"": ""user""}"
2026-02-19T22:00:00,2026-02-19T23:00:00,0.0,ALL_PURPOSE,123456789,"{""run_as"": {""email"": ""user07@example.com""}, ""actor_type"": ""user""}"
2026-02-19T23:00:00,2026-02-20T00:00:00,0.1289,ALL_PURPOSE,123456789,"{""run_as"": {""email"": ""user07@example.com""}, ""actor_type"": ""user""}"
2026-02-20T00:00:00,2026-02-20T01:00:00,0.2707,ALL_PURPOSE,123456789,"{""run_as"": {""email"": ""user07@example.com""}, ""actor_type"": ""user""}"
2026-02-20T01:00:00,2026-02-20T02:00:00,0.4677,ALL_PURPOSE,123456789,"{""run_as"": {""email"": ""user07@example.com""}, ""actor_type"": ""user""}"
2026-02-20T02:00:00,2026-02-20T03:00:00,0.9122,ALL_PURPOSE,123456789,"{""run_as"": {""email"": ""user07@example.com""}, ""actor_type"": ""user""}"
2026-02-20T03:00:00,2026-02-20T04:00:00,0.1163,ALL_PURPOSE,123456789,"{""run_as"": {""email"": ""user07@example.com""}, ""actor_type"": ""user""}"
2026-02-20T04:00:00,2026-02-20T05:00:00,0.1351,ALL_PURPOSE,123456789,"{""run_as"": {""email"": ""user07@example.com""}, ""actor_type"": ""user""}"
2026-02-20T05:00:00,2026-02-20T06:00:00,0.1371,ALL_PURPOSE,123456789,"{""run_as"": {""email"": ""user07@example.com""}, ""actor_type"": ""user""}"
2026-02-20T06:00:00,2026-02-20T07:00:00,0.0754,ALL_PURPOSE,123456789,"{""run_as"": {""email"": ""user07@example.com""}, ""actor_type"": ""user""}"
2026-02-20T07:00:00,2026-02-20T08:00:00,0.3673,ALL_PURPOSE,123456789,"{""run_as"": {""email"": ""user07@example.com""}, ""actor_type"": ""user""}"
2026-02-20T08:00:00,2026-02-20T09:00:00,0.0914,ALL_PURPOSE,123456789,"{""run_as"": {""email"": ""user07@example.com""}, ""actor_type"": ""user""}"
2026-02-20T09:00:00,2026-02-20T10:00:00,0.0525,ALL_PURPOSE,123456789,"{""run_as"": {""email"": ""user07@example.com""}, ""actor_type"": ""user""}"
2026-02-20T10:00:00,2026-02-20T11:00:00,0.2359,ALL_PURPOSE,123456789,"{""run_as"": {""email"": ""user07@example.com""}, ""actor_type"": ""user""}"
2026-02-20T11:00:00,2026-02-20T12:00:00,0.1466,ALL_PURPOSE,123456789,"{""run_as"": {""email"": ""user07@example.com""}, ""actor_type"": ""user""}"
2026-02-20T12:00:00,2026-02-20T13:00:00,0.0149,ALL_PURPOSE,123456789,"{""run_as"": {""email"": ""user07@example.com""}, ""actor_type"": ""user""}"
2026-02-20T13:00:00,2026-02-20T14:00:00,0.1023,ALL_PURPOSE,123456789,"{""run_as"": {""email"": ""user07@example.com""}, ""actor_type"": ""user""}"
2026-02-20T14:00:00,2026-02-20T15:00:00,0.0194,ALL_PURPOSE,123456789,"{""run_as"": {""email"": ""user07@example.com""}, ""actor_type"": ""user""}"
2026-02-20T15:00:00,2026-02-20T16:00:00,0.2648,ALL_PURPOSE,123456789,"{""run_as"": {""email"": ""user07@example.com""}, ""actor_type"": ""user""}"
2026-02-20T16:00:00,2026-02-20T17:00:00,0.0079,ALL_PURPOSE,123456789,"{""run_as"": {""email"": ""user07@example.com""}, ""actor_type"": ""user""}"
2026-02-13T17:00:00,2026-02-13T18:00:00,0.1667,ALL_PURPOSE,123456789,"{""run_as"": {""email"": ""user08@example.com""}, ""actor_type"": ""user""}"
2026-02-13T18:00:00,2026-02-13T19:00:00,0.2189,ALL_PURPOSE,123456789,"{""run_as"": {""email"": ""user08@example.com""}, ""actor_type"": ""user""}"
2026-02-13T19:00:00,2026-02-13T20:00:00,0.0613,ALL_PURPOSE,123456789,"{""run_as"": {""email"": ""user08@example.com""}, ""actor_type"": ""user""}"
2026-02-13T20:00:00,2026-02-13T21:00:00,0.2521,ALL_PURPOSE,123456789,"{""run_as"": {""email"": ""user08@example.com""}, ""actor_type"": ""user""}"
2026-02-13T21:00:00,2026-02-13T22:00:00,0.2647,ALL_PURPOSE,123456789,"{""run_as"": {""email"": ""user08@example.com""}, ""actor_type"": ""user""}"
2026-02-13T22:00:00,2026-02-13T23:00:00,0.0,ALL_PURPOSE,123456789,"{""run_as"": {""email"": ""user08@example.com""}, ""actor_type"": ""user""}"
2026-02-13T23:00:00,2026-02-14T00:00:00,0.0,ALL_PURPOSE,123456789,"{""run_as"": {""email"": ""user08@example.com""}, ""actor_type"": ""user""}"
2026-02-14T00:00:00,2026-02-14T01:00:00,0.2847,ALL_PURPOSE,123456789,"{""run_as"": {""email"": ""user08@example.com""}, ""actor_type"": ""user""}"
2026-02-14T01:00:00,2026-02-14T02:00:00,0.1052,ALL_PURPOSE,123456789,"{""run_as"": {""email"": ""user08@example.com""}, ""actor_type"": ""user""}"
2026-02-14T02:00:00,2026-02-14T03:00:00,0.409,ALL_PURPOSE,123456789,"{""run_as"": {""email"": ""user08@example.com""}, ""actor_type"": ""user""}"
2026-02-14T03:00:00,2026-02-14T04:00:00,0.0831,ALL_PURPOSE,123456789,"{""run_as"": {""email"": ""user08@example.com""}, ""actor_type"": ""user""}"
2026-02-14T04:00:00,2026-02-14T05:00:00,0.0011,ALL_PURPOSE,123456789,"{""run_as"": {""email"": ""user08@example.com""}, ""actor_type"": ""user""}"
2026-02-14T05:00:00,2026-02-14T06:00:00,0.0,ALL_PURPOSE,123456789,"{""run_as"": {""email"": ""user08@example.com""}, ""actor_type"": ""user""}"
2026-02-14T06:00:00,2026-02-14T07:00:00,0.036,ALL_PURPOSE,123456789,"{""run_as"": {""email"": ""user08@example.com""}, ""actor_type"": ""user""}"
2026-02-14T07:00:00,2026-02-14T08:00:00,0.0,ALL_PURPOSE,123456789,"{""run_as"": {""email"": ""user08@example.com""}, ""actor_type"": ""user""}"
2026-02-14T08:00:00,2026-02-14T09:00:00,0.1024,ALL_PURPOSE,123456789,"{""run_as"": {""email"": ""user08@example.com""}, ""actor_type"": ""user""}"
2026-02-14T09:00:00,2026-02-14T10:00:00,0.3955,ALL_PURPOSE,123456789,"{""run_as"": {""email"": ""user08@example.com""}, ""actor_type"": ""user""}"
2026-02-14T10:00:00,2026-02-14T11:00:00,0.0,ALL_PURPOSE,123456789,"{""run_as"": {""email"": ""user08@example.com""}, ""actor_type"": ""user""}"
2026-02-14T11:00:00,2026-02-14T12:00:00,0.0,ALL_PURPOSE,123456789,"{""run_as"": {""email"": ""user08@example.com""}, ""actor_type"": ""user""}"
2026-02-14T12:00:00,2026-02-14T13:00:00,0.1162,ALL_PURPOSE,123456789,"{""run_as"": {""email"": ""user08@example.com""}, ""actor_type"": ""user""}"
2026-02-14T13:00:00,2026-02-14T14:00:00,0.1251,ALL_PURPOSE,123456789,"{""run_as"": {""email"": ""user08@example.com""}, ""actor_type"": ""user""}"
2026-02-14T14:00:00,2026-02-14T15:00:00,0.038,ALL_PURPOSE,123456789,"{""run_as"": {""email"": ""user08@example.com""}, ""actor_type"": ""user""}"
2026-02-14T15:00:00,2026-02-14T16:00:00,0.0184,ALL_PURPOSE,123456789,"{""run_as"": {""email"": ""user08@example.com""}, ""actor_type"": ""user""}"
2026-02-14T16:00:00,2026-02-14T17:00:00,0.2653,ALL_PURPOSE,123456789,"{""run_as"": {""email"": ""user08@example.com""}, ""actor_type"": ""user""}"
2026-02-14T17:00:00,2026-02-14T18:00:00,0.143,ALL_PURPOSE,123456789,"{""run_as"": {""email"": ""user08@example.com""}, ""actor_type"": ""user""}"
2026-02-14T18:00:00,2026-02-14T19:00:00,0.2487,ALL_PURPOSE,123456789,"{""run_as"": {""email"": ""user08@example.com""}, ""actor_type"": ""user""}"
2026-02-14T19:00:00,2026-02-14T20:00:00,0.0372,ALL_PURPOSE,123456789,"{""run_as"": {""email"": ""user08@example.com""}, ""actor_type"": ""user""}"
2026-02-14T20:00:00,2026-02-14T21:00:00,0.0731,ALL_PURPOSE,123456789,"{""run_as"": {""email"": ""user08@example.com""}, ""actor_type"": ""user""}"
2026-02-14T21:00:00,2026-02-14T22:00:00,0.3849,ALL_PURPOSE,123456789,"{""run_as"": {""email"": ""user08@example.com""}, ""actor_type"": ""user""}"
2026-02-14T22:00:00,2026-02-14T23:00:00,0.1543,ALL_PURPOSE,123456789,"{""run_as"": {""email"": ""user08@example.com""}, ""actor_type"": ""user""}"
2026-02-14T23:00:00,2026-02-15T00:00:00,0.0,ALL_PURPOSE,123456789,"{""run_as"": {""email"": ""user08@example.com""}, ""actor_type"": ""user""}"
2026-02-15T00:00:00,2026-02-15T01:00:00,1.0382,ALL_PURPOSE,123456789,"{""run_as"": {""email"": ""user08@example.com""}, ""actor_type"": ""user""}"
2026-02-15T01:00:00,2026-02-15T02:00:00,0.1664,ALL_PURPOSE,123456789,"{""run_as"": {""email"": ""user08@example.com""}, ""actor_type"": ""user""}"
2026-02-15T02:00:00,2026-02-15T03:00:00,0.6372,ALL_PURPOSE,123456789,"{""run_as"": {""email"": ""user08@example.com""}, ""actor_type"": ""user""}"
2026-02-15T03:00:00,2026-02-15T04:00:00,0.0115,ALL_PURPOSE,123456789,"{""run_as"": {""email"": ""user08@example.com""}, ""actor_type"": ""user""}"
2026-02-15T04:00:00,2026-02-15T05:00:00,0.0,ALL_PURPOSE,123456789,"{""run_as"": {""email"": ""user08@example.com""}, ""actor_type"": ""user""}"
2026-02-15T05:00:00,2026-02-15T06:00:00,0.4476,ALL_PURPOSE,123456789,"{""run_as"": {""email"": ""user08@example.com""}, ""actor_type"": ""user""}"
2026-02-15T06:00:00,2026-02-15T07:00:00,0.2818,ALL_PURPOSE,123456789,"{""run_as"": {""email"": ""user08@example.com""}, ""actor_type"": ""user""}"
2026-02-15T07:00:00,2026-02-15T08:00:00,0.307,ALL_PURPOSE,123456789,"{""run_as"": {""email"": ""user08@example.com""}, ""actor_type"": ""user""}"
2026-02-15T08:00:00,2026-02-15T09:00:00,0.226,ALL_PURPOSE,123456789,"{""run_as"": {""email"": ""user08@example.com""}, ""actor_type"": ""user""}"
2026-02-15T09:00:00,2026-02-15T10:00:00,0.2679,ALL_PURPOSE,123456789,"{""run_as"": {""email"": ""user08@example.com""}, ""actor_type"": ""user""}"
2026-02-15T10:00:00,2026-02-15T11:00:00,0.2092,ALL_PURPOSE,123456789,"{""run_as"": {""email"": ""user08@example.com""}, ""actor_type"": ""user""}"
2026-02-15T11:00:00,2026-02-15T12:00:00,0.0381,ALL_PURPOSE,123456789,"{""run_as"": {""email"": ""user08@example.com""}, ""actor_type"": ""user""}"
2026-02-15T12:00:00,2026-02-15T13:00:00,0.0994,ALL_PURPOSE,123456789,"{""run_as"": {""email"": ""user08@example.com""}, ""actor_type"": ""user""}"
2026-02-15T13:00:00,2026-02-15T14:00:00,0.2705,ALL_PURPOSE,123456789,"{""run_as"": {""email"": ""user08@example.com""}, ""actor_type"": ""user""}"
2026-02-15T14:00:00,2026-02-15T15:00:00,0.3356,ALL_PURPOSE,123456789,"{""run_as"": {""email"": ""user08@example.com""}, ""actor_type"": ""user""}"
2026-02-15T15:00:00,2026-02-15T16:00:00,0.0,ALL_PURPOSE,123456789,"{""run_as"": {""email"": ""user08@example.com""}, ""actor_type"": ""user""}"
2026-02-15T16:00:00,2026-02-15T17:00:00,0.2574,ALL_PURPOSE,123456789,"{""run_as"": {""email"": ""user08@example.com""}, ""actor_type"": ""user""}"
2026-02-15T17:00:00,2026-02-15T18:00:00,0.3395,ALL_PURPOSE,123456789,"{""run_as"": {""email"": ""user08@example.com""}, ""actor_type"": ""user""}"
2026-02-15T18:00:00,2026-02-15T19:00:00,0.0,ALL_PURPOSE,123456789,"{""run_as"": {""email"": ""user08@example.com""}, ""actor_type"": ""user""}"
2026-02-15T19:00:00,2026-02-15T20:00:00,0.1967,ALL_PURPOSE,123456789,"{""run_as"": {""email"": ""user08@example.com""}, ""actor_type"": ""user""}"
2026-02-15T20:00:00,2026-02-15T21:00:00,0.0,ALL_PURPOSE,123456789,"{""run_as"": {""email"": ""user08@example.com""}, ""actor_type"": ""user""}"
2026-02-15T21:00:00,2026-02-15T22:00:00,0.0891,ALL_PURPOSE,123456789,"{""run_as"": {""email"": ""user08@example.com""}, ""actor_type"": ""user""}"
2026-02-15T22:00:00,2026-02-15T23:00:00,0.5827,ALL_PURPOSE,123456789,"{""run_as"": {""email"": ""user08@example.com""}, ""actor_type"": ""user""}"
2026-02-15T23:00:00,2026-02-16T00:00:00,0.1792,ALL_PURPOSE,123456789,"{""run_as"": {""email"": ""user08@example.com""}, ""actor_type"": ""user""}"
2026-02-16T00:00:00,2026-02-16T01:00:00,0.0475,ALL_PURPOSE,123456789,"{""run_as"": {""email"": ""user08@example.com""}, ""actor_type"": ""user""}"
2026-02-16T01:00:00,2026-02-16T02:00:00,0.0411,ALL_PURPOSE,123456789,"{""run_as"": {""email"": ""user08@example.com""}, ""actor_type"": ""user""}"
2026-02-16T02:00:00,2026-02-16T03:00:00,0.523,ALL_PURPOSE,123456789,"{""run_as"": {""email"": ""user08@example.com""}, ""actor_type"": ""user""}"
2026-02-16T03:00:00,2026-02-16T04:00:00,0.1218,ALL_PURPOSE,123456789,"{""run_as"": {""email"": ""user08@example.com""}, ""actor_type"": ""user""}"
2026-02-16T04:00:00,2026-02-16T05:00:00,0.2686,ALL_PURPOSE,123456789,"{""run_as"": {""email"": ""user08@example.com""}, ""actor_type"": ""user""}"
2026-02-16T05:00:00,2026-02-16T06:00:00,0.4398,ALL_PURPOSE,123456789,"{""run_as"": {""email"": ""user08@example.com""}, ""actor_type"": ""user""}"
2026-02-16T06:00:00,2026-02-16T07:00:00,0.2479,ALL_PURPOSE,123456789,"{""run_as"": {""email"": ""user08@example.com""}, ""actor_type"": ""user""}"
2026-02-16T07:00:00,2026-02-16T08:00:00,0.2629,ALL_PURPOSE,123456789,"{""run_as"": {""email"": ""user08@example.com""}, ""actor_type"": ""user""}"
2026-02-16T08:00:00,2026-02-16T09:00:00,0.0456,ALL_PURPOSE,123456789,"{""run_as"": {""email"": ""user08@example.com""}, ""actor_type"": ""user""}"
2026-02-16T09:00:00,2026-02-16T10:00:00,0.0887,ALL_PURPOSE,123456789,"{""run_as"": {""email"": ""user08@example.com""}, ""actor_type"": ""user""}"
2026-02-16T10:00:00,2026-02-16T11:00:00,0.332,ALL_PURPOSE,123456789,"{""run_as"": {""email"": ""user08@example.com""}, ""actor_type"": ""user""}"
2026-02-16T11:00:00,2026-02-16T12:00:00,0.1168,ALL_PURPOSE,123456789,"{""run_as"": {""email"": ""user08@example.com""}, ""actor_type"": ""user""}"
2026-02-16T12:00:00,2026-02-16T13:00:00,0.0,ALL_PURPOSE,123456789,"{""run_as"": {""email"": ""user08@example.com""}, ""actor_type"": ""user""}"
2026-02-16T13:00:00,2026-02-16T14:00:00,0.0,ALL_PURPOSE,123456789,"{""run_as"": {""email"": ""user08@example.com""}, ""actor_type"": ""user""}"
2026-02-16T14:00:00,2026-02-16T15:00:00,0.2867,ALL_PURPOSE,123456789,"{""run_as"": {""email"": ""user08@example.com""}, ""actor_type"": ""user""}"
2026-02-16T15:00:00,2026-02-16T16:00:00,0.0428,ALL_PURPOSE,123456789,"{""run_as"": {""email"": ""user08@example.com""}, ""actor_type"": ""user""}"
2026-02-16T16:00:00,2026-02-16T17:00:00,0.075,ALL_PURPOSE,123456789,"{""run_as"": {""email"": ""user08@example.com""}, ""actor_type"": ""user""}"
2026-02-16T17:00:00,2026-02-16T18:00:00,0.1572,ALL_PURPOSE,123456789,"{""run_as"": {""email"": ""user08@example.com""}, ""actor_type"": ""user""}"
2026-02-16T18:00:00,2026-02-16T19:00:00,0.3126,ALL_PURPOSE,123456789,"{""run_as"": {""email"": ""user08@example.com""}, ""actor_type"": ""user""}"
2026-02-16T19:00:00,2026-02-16T20:00:00,0.0431,ALL_PURPOSE,123456789,"{""run_as"": {""email"": ""user08@example.com""}, ""actor_type"": ""user""}"
2026-02-16T20:00:00,2026-02-16T21:00:00,0.3707,ALL_PURPOSE,123456789,"{""run_as"": {""email"": ""user08@example.com""}, ""actor_type"": ""user""}"
2026-02-16T21:00:00,2026-02-16T22:00:00,0.2355,ALL_PURPOSE,123456789,"{""run_as"": {""email"": ""user08@example.com""}, ""actor_type"": ""user""}"
2026-02-16T22:00:00,2026-02-16T23:00:00,0.1802,ALL_PURPOSE,123456789,"{""run_as"": {""email"": ""user08@example.com""}, ""actor_type"": ""user""}"
2026-02-16T23:00:00,2026-02-17T00:00:00,0.0539,ALL_PURPOSE,123456789,"{""run_as"": {""email"": ""user08@example.com""}, ""actor_type"": ""user""}"
2026-02-17T00:00:00,2026-02-17T01:00:00,0.0194,ALL_PURPOSE,123456789,"{""run_as"": {""email"": ""user08@example.com""}, ""actor_type"": ""user""}"
2026-02-17T01:00:00,2026-02-17T02:00:00,0.1932,ALL_PURPOSE,123456789,"{""run_as"": {""email"": ""user08@example.com""}, ""actor_type"": ""user""}"
2026-02-17T02:00:00,2026-02-17T03:00:00,0.0709,ALL_PURPOSE,123456789,"{""run_as"": {""email"": ""user08@example.com""}, ""actor_type"": ""user""}"
2026-02-17T03:00:00,2026-02-17T04:00:00,0.0514,ALL_PURPOSE,123456789,"{""run_as"": {""email"": ""user08@example.com""}, ""actor_type"": ""user""}"
2026-02-17T04:00:00,2026-02-17T05:00:00,0.3531,ALL_PURPOSE,123456789,"{""run_as"": {""email"": ""user08@example.com""}, ""actor_type"": ""user""}"
2026-02-17T05:00:00,2026-02-17T06:00:00,0.3918,ALL_PURPOSE,123456789,"{""run_as"": {""email"": ""user08@example.com""}, ""actor_type"": ""user""}"
2026-02-17T06:00:00,2026-02-17T07:00:00,0.1094,ALL_PURPOSE,123456789,"{""run_as"": {""email"": ""user08@example.com""}, ""actor_type"": ""user""}"
2026-02-17T07:00:00,2026-02-17T08:00:00,0.3882,ALL_PURPOSE,123456789,"{""run_as"": {""email"": ""user08@example.com""}, ""actor_type"": ""user""}"
2026-02-17T08:00:00,2026-02-17T09:00:00,0.0533,ALL_PURPOSE,123456789,"{""run_as"": {""email"": ""user08@example.com""}, ""actor_type"": ""user""}"
2026-02-17T09:00:00,2026-02-17T10:00:00,0.28,ALL_PURPOSE,123456789,"{""run_as"": {""email"": ""user08@example.com""}, ""actor_type"": ""user""}"
2026-02-17T10:00:00,2026-02-17T11:00:00,0.1196,ALL_PURPOSE,123456789,"{""run_as"": {""email"": ""user08@example.com""}, ""actor_type"": ""user""}"
2026-02-17T11:00:00,2026-02-17T12:00:00,0.3443,ALL_PURPOSE,123456789,"{""run_as"": {""email"": ""user08@example.com""}, ""actor_type"": ""user""}"
2026-02-17T12:00:00,2026-02-17T13:00:00,0.3742,ALL_PURPOSE,123456789,"{""run_as"": {""email"": ""user08@example.com""}, ""actor_type"": ""user""}"
2026-02-17T13:00:00,2026-02-17T14:00:00,0.0804,ALL_PURPOSE,123456789,"{""run_as"": {""email"": ""user08@example.com""}, ""actor_type"": ""user""}"
2026-02-17T14:00:00,2026-02-17T15:00:00,0.1162,ALL_PURPOSE,123456789,"{""run_as"": {""email"": ""user08@example.com""}, ""actor_type"": ""user""}"
2026-02-17T15:00:00,2026-02-17T16:00:00,0.2689,ALL_PURPOSE,123456789,"{""run_as"": {""email"": ""user08@example.com""}, ""actor_type"": ""user""}"
2026-02-17T16:00:00,2026-02-17T17:00:00,0.26,ALL_PURPOSE,123456789,"{""run_as"": {""email"": ""user08@example.com""}, ""actor_type"": ""user""}"
2026-02-17T17:00:00,2026-02-17T18:00:00,0.2016,ALL_PURPOSE,123456789,"{""run_as"": {""email"": ""user08@example.com""}, ""actor_type"": ""user""}"
2026-02-17T18:00:00,2026-02-17T19:00:00,0.0,ALL_PURPOSE,123456789,"{""run_as"": {""email"": ""user08@example.com""}, ""actor_type"": ""user""}"
2026-02-17T19:00:00,2026-02-17T20:00:00,0.1409,ALL_PURPOSE,123456789,"{""run_as"": {""email"": ""user08@example.com""}, ""actor_type"": ""user""}"
2026-02-17T20:00:00,2026-02-17T21:00:00,0.2283,ALL_PURPOSE,123456789,"{""run_as"": {""email"": ""user08@example.com""}, ""actor_type"": ""user""}"
2026-02-17T21:00:00,2026-02-17T22:00:00,0.167,ALL_PURPOSE,123456789,"{""run_as"": {""email"": ""user08@example.com""}, ""actor_type"": ""user""}"
2026-02-17T22:00:00,2026-02-17T23:00:00,1.0297,ALL_PURPOSE,123456789,"{""run_as"": {""email"": ""user08@example.com""}, ""actor_type"": ""user""}"
2026-02-17T23:00:00,2026-02-18T00:00:00,0.4108,ALL_PURPOSE,123456789,"{""run_as"": {""email"": ""user08@example.com""}, ""actor_type"": ""user""}"
2026-02-18T00:00:00,2026-02-18T01:00:00,0.08,ALL_PURPOSE,123456789,"{""run_as"": {""email"": ""user08@example.com""}, ""actor_type"": ""user""}"
2026-02-18T01:00:00,2026-02-18T02:00:00,0.8022,ALL_PURPOSE,123456789,"{""run_as"": {""email"": ""user08@example.com""}, ""actor_type"": ""user""}"
2026-02-18T02:00:00,2026-02-18T03:00:00,0.0,ALL_PURPOSE,123456789,"{""run_as"": {""email"": ""user08@example.com""}, ""actor_type"": ""user""}"
2026-02-18T03:00:00,2026-02-18T04:00:00,1.0332,ALL_PURPOSE,123456789,"{""run_as"": {""email"": ""user08@example.com""}, ""actor_type"": ""user""}"
2026-02-18T04:00:00,2026-02-18T05:00:00,0.3459,ALL_PURPOSE,123456789,"{""run_as"": {""email"": ""user08@example.com""}, ""actor_type"": ""user""}"
2026-02-18T05:00:00,2026-02-18T06:00:00,0.095,ALL_PURPOSE,123456789,"{""run_as"": {""email"": ""user08@example.com""}, ""actor_type"": ""user""}"
2026-02-18T06:00:00,2026-02-18T07:00:00,0.1151,ALL_PURPOSE,123456789,"{""run_as"": {""email"": ""user08@example.com""}, ""actor_type"": ""user""}"
2026-02-18T07:00:00,2026-02-18T08:00:00,0.3706,ALL_PURPOSE,123456789,"{""run_as"": {""email"": ""user08@example.com""}, ""actor_type"": ""user""}"
2026-02-18T08:00:00,2026-02-18T09:00:00,0.3827,ALL_PURPOSE,123456789,"{""run_as"": {""email"": ""user08@example.com""}, ""actor_type"": ""user""}"
2026-02-18T09:00:00,2026-02-18T10:00:00,0.1251,ALL_PURPOSE,123456789,"{""run_as"": {""email"": ""user08@example.com""}, ""actor_type"": ""user""}"
2026-02-18T10:00:00,2026-02-18T11:00:00,0.0052,ALL_PURPOSE,123456789,"{""run_as"": {""email"": ""user08@example.com""}, ""actor_type"": ""user""}"
2026-02-18T11:00:00,2026-02-18T12:00:00,0.2482,ALL_PURPOSE,123456789,"{""run_as"": {""email"": ""user08@example.com""}, ""actor_type"": ""user""}"
2026-02-18T12:00:00,2026-02-18T13:00:00,0.348,ALL_PURPOSE,123456789,"{""run_as"": {""email"": ""user08@example.com""}, ""actor_type"": ""user""}"
2026-02-18T13:00:00,2026-02-18T14:00:00,0.3646,ALL_PURPOSE,123456789,"{""run_as"": {""email"": ""user08@example.com""}, ""actor_type"": ""user""}"
2026-02-18T14:00:00,2026-02-18T15:00:00,0.2591,ALL_PURPOSE,123456789,"{""run_as"": {""email"": ""user08@example.com""}, ""actor_type"": ""user""}"
2026-02-18T15:00:00,2026-02-18T16:00:00,0.2186,ALL_PURPOSE,123456789,"{""run_as"": {""email"": ""user08@example.com""}, ""actor_type"": ""user""}"
2026-02-18T16:00:00,2026-02-18T17:00:00,0.3105,ALL_PURPOSE,123456789,"{""run_as"": {""email"": ""user08@example.com""}, ""actor_type"": ""user""}"
2026-02-18T17:00:00,2026-02-18T18:00:00,0.1177,ALL_PURPOSE,123456789,"{""run_as"": {""email"": ""user08@example.com""}, ""actor_type"": ""user""}"
2026-02-18T18:00:00,2026-02-18T19:00:00,0.2731,ALL_PURPOSE,123456789,"{""run_as"": {""email"": ""user08@example.com""}, ""actor_type"": ""user""}"
2026-02-18T19:00:00,2026-02-18T20:00:00,0.0695,ALL_PURPOSE,123456789,"{""run_as"": {""email"": ""user08@example.com""}, ""actor_type"": ""user""}"
2026-02-18T20:00:00,2026-02-18T21:00:00,0.1509,ALL_PURPOSE,123456789,"{""run_as"": {""email"": ""user08@example.com""}, ""actor_type"": ""user""}"
2026-02-18T21:00:00,2026-02-18T22:00:00,0.0,ALL_PURPOSE,123456789,"{""run_as"": {""email"": ""user08@example.com""}, ""actor_type"": ""user""}"
2026-02-18T22:00:00,2026-02-18T23:00:00,0.565,ALL_PURPOSE,123456789,"{""run_as"": {""email"": ""user08@example.com""}, ""actor_type"": ""user""}"
2026-02-18T23:00:00,2026-02-19T00:00:00,0.0,ALL_PURPOSE,123456789,"{""run_as"": {""email"": ""user08@example.com""}, ""actor_type"": ""user""}"
2026-02-19T00:00:00,2026-02-19T01:00:00,0.373,ALL_PURPOSE,123456789,"{""run_as"": {""email"": ""user08@example.com""}, ""actor_type"": ""user""}"
2026-02-19T01:00:00,2026-02-19T02:00:00,0.1962,ALL_PURPOSE,123456789,"{""run_as"": {""email"": ""user08@example.com""}, ""actor_type"": ""user""}"
2026-02-19T02:00:00,2026-02-19T03:00:00,0.5676,ALL_PURPOSE,123456789,"{""run_as"": {""email"": ""user08@example.com""}, ""actor_type"": ""user""}"
2026-02-19T03:00:00,2026-02-19T04:00:00,0.0273,ALL_PURPOSE,123456789,"{""run_as"": {""email"": ""user08@example.com""}, ""actor_type"": ""user""}"
2026-02-19T04:00:00,2026-02-19T05:00:00,0.4697,ALL_PURPOSE,123456789,"{""run_as"": {""email"": ""user08@example.com""}, ""actor_type"": ""user""}"
2026-02-19T05:00:00,2026-02-19T06:00:00,0.1328,ALL_PURPOSE,123456789,"{""run_as"": {""email"": ""user08@example.com""}, ""actor_type"": ""user""}"
2026-02-19T06:00:00,2026-02-19T07:00:00,0.3011,ALL_PURPOSE,123456789,"{""run_as"": {""email"": ""user08@example.com""}, ""actor_type"": ""user""}"
2026-02-19T07:00:00,2026-02-19T08:00:00,0.3987,ALL_PURPOSE,123456789,"{""run_as"": {""email"": ""user08@example.com""}, ""actor_type"": ""user""}"
2026-02-19T08:00:00,2026-02-19T09:00:00,0.0,ALL_PURPOSE,123456789,"{""run_as"": {""email"": ""user08@example.com""}, ""actor_type"": ""user""}"
2026-02-19T09:00:00,2026-02-19T10:00:00,0.2676,ALL_PURPOSE,123456789,"{""run_as"": {""email"": ""user08@example.com""}, ""actor_type"": ""user""}"
2026-02-19T10:00:00,2026-02-19T11:00:00,0.3618,ALL_PURPOSE,123456789,"{""run_as"": {""email"": ""user08@example.com""}, ""actor_type"": ""user""}"
2026-02-19T11:00:00,2026-02-19T12:00:00,0.2485,ALL_PURPOSE,123456789,"{""run_as"": {""email"": ""user08@example.com""}, ""actor_type"": ""user""}"
2026-02-19T12:00:00,2026-02-19T13:00:00,0.273,ALL_PURPOSE,123456789,"{""run_as"": {""email"": ""user08@example.com""}, ""actor_type"": ""user""}"
2026-02-19T13:00:00,2026-02-19T14:00:00,0.3664,ALL_PURPOSE,123456789,"{""run_as"": {""email"": ""user08@example.com""}, ""actor_type"": ""user""}"
2026-02-19T14:00:00,2026-02-19T15:00:00,0.1544,ALL_PURPOSE,123456789,"{""run_as"": {""email"": ""user08@example.com""}, ""actor_type"": ""user""}"
2026-02-19T15:00:00,2026-02-19T16:00:00,0.1131,ALL_PURPOSE,123456789,"{""run_as"": {""email"": ""user08@example.com""}, ""actor_type"": ""user""}"
2026-02-19T16:00:00,2026-02-19T17:00:00,0.3288,ALL_PURPOSE,123456789,"{""run_as"": {""email"": ""user08@example.com""}, ""actor_type"": ""user""}"
2026-02-19T17:00:00,2026-02-19T18:00:00,0.3211,ALL_PURPOSE,123456789,"{""run_as"": {""email"": ""user08@example.com""}, ""actor_type"": ""user""}"
2026-02-19T18:00:00,2026-02-19T19:00:00,0.0175,ALL_PURPOSE,123456789,"{""run_as"": {""email"": ""user08@example.com""}, ""actor_type"": ""user""}"
2026-02-19T19:00:00,2026-02-19T20:00:00,0.077,ALL_PURPOSE,123456789,"{""run_as"": {""email"": ""user08@example.com""}, ""actor_type"": ""user""}"
2026-02-19T20:00:00,2026-02-19T21:00:00,0.3793,ALL_PURPOSE,123456789,"{""run_as"": {""email"": ""user08@example.com""}, ""actor_type"": ""user""}"
2026-02-19T21:00:00,2026-02-19T22:00:00,0.3825,ALL_PURPOSE,123456789,"{""run_as"": {""email"": ""user08@example.com""}, ""actor_type"": ""user""}"
2026-02-19T22:00:00,2026-02-19T23:00:00,0.5722,ALL_PURPOSE,123456789,"{""run_as"": {""email"": ""user08@example.com""}, ""actor_type"": ""user""}"
2026-02-19T23:00:00,2026-02-20T00:00:00,0.0,ALL_PURPOSE,123456789,"{""run_as"": {""email"": ""user08@example.com""}, ""actor_type"": ""user""}"
2026-02-20T00:00:00,2026-02-20T01:00:00,0.2151,ALL_PURPOSE,123456789,"{""run_as"": {""email"": ""user08@example.com""}, ""actor_type"": ""user""}"
2026-02-20T01:00:00,2026-02-20T02:00:00,0.3101,ALL_PURPOSE,123456789,"{""run_as"": {""email"": ""user08@example.com""}, ""actor_type"": ""user""}"
2026-02-20T02:00:00,2026-02-20T03:00:00,0.7202,ALL_PURPOSE,123456789,"{""run_as"": {""email"": ""user08@example.com""}, ""actor_type"": ""user""}"
2026-02-20T03:00:00,2026-02-20T04:00:00,0.691,ALL_PURPOSE,123456789,"{""run_as"": {""email"": ""user08@example.com""}, ""actor_type"": ""user""}"
2026-02-20T04:00:00,2026-02-20T05:00:00,0.511,ALL_PURPOSE,123456789,"{""run_as"": {""email"": ""user08@example.com""}, ""actor_type"": ""user""}"
2026-02-20T05:00:00,2026-02-20T06:00:00,0.0,ALL_PURPOSE,123456789,"{""run_as"": {""email"": ""user08@example.com""}, ""actor_type"": ""user""}"
2026-02-20T06:00:00,2026-02-20T07:00:00,0.2693,ALL_PURPOSE,123456789,"{""run_as"": {""email"": ""user08@example.com""}, ""actor_type"": ""user""}"
2026-02-20T07:00:00,2026-02-20T08:00:00,0.2566,ALL_PURPOSE,123456789,"{""run_as"": {""email"": ""user08@example.com""}, ""actor_type"": ""user""}"
2026-02-20T08:00:00,2026-02-20T09:00:00,0.3024,ALL_PURPOSE,123456789,"{""run_as"": {""email"": ""user08@example.com""}, ""actor_type"": ""user""}"
2026-02-20T09:00:00,2026-02-20T10:00:00,0.0,ALL_PURPOSE,123456789,"{""run_as"": {""email"": ""user08@example.com""}, ""actor_type"": ""user""}"
2026-02-20T10:00:00,2026-02-20T11:00:00,0.0,ALL_PURPOSE,123456789,"{""run_as"": {""email"": ""user08@example.com""}, ""actor_type"": ""user""}"
2026-02-20T11:00:00,2026-02-20T12:00:00,0.3148,ALL_PURPOSE,123456789,"{""run_as"": {""email"": ""user08@example.com""}, ""actor_type"": ""user""}"
2026-02-20T12:00:00,2026-02-20T13:00:00,0.0346,ALL_PURPOSE,123456789,"{""run_as"": {""email"": ""user08@example.com""}, ""actor_type"": ""user""}"
2026-02-20T13:00:00,2026-02-20T14:00:00,0.1751,ALL_PURPOSE,123456789,"{""run_as"": {""email"": ""user08@example.com""}, ""actor_type"": ""user""}"
2026-02-20T14:00:00,2026-02-20T15:00:00,0.2643,ALL_PURPOSE,123456789,"{""run_as"": {""email"": ""user08@example.com""}, ""actor_type"": ""user""}"
2026-02-20T15:00:00,2026-02-20T16:00:00,0.0,ALL_PURPOSE,123456789,"{""run_as"": {""email"": ""user08@example.com""}, ""actor_type"": ""user""}"
2026-02-20T16:00:00,2026-02-20T17:00:00,0.1564,ALL_PURPOSE,123456789,"{""run_as"": {""email"": ""user08@example.com""}, ""actor_type"": ""user""}"
2026-02-13T17:00:00,2026-02-13T18:00:00,0.2183,ALL_PURPOSE,123456789,"{""run_as"": {""email"": ""user09@example.com""}, ""actor_type"": ""user""}"
2026-02-13T18:00:00,2026-02-13T19:00:00,0.0576,ALL_PURPOSE,123456789,"{""run_as"": {""email"": ""user09@example.com""}, ""actor_type"": ""user""}"
2026-02-13T19:00:00,2026-02-13T20:00:00,0.3657,ALL_PURPOSE,123456789,"{""run_as"": {""email"": ""user09@example.com""}, ""actor_type"": ""user""}"
2026-02-13T20:00:00,2026-02-13T21:00:00,0.2917,ALL_PURPOSE,123456789,"{""run_as"": {""email"": ""user09@example.com""}, ""actor_type"": ""user""}"
2026-02-13T21:00:00,2026-02-13T22:00:00,0.3798,ALL_PURPOSE,123456789,"{""run_as"": {""email"": ""user09@example.com""}, ""actor_type"": ""user""}"
2026-02-13T22:00:00,2026-02-13T23:00:00,0.3255,ALL_PURPOSE,123456789,"{""run_as"": {""email"": ""user09@example.com""}, ""actor_type"": ""user""}"
2026-02-13T23:00:00,2026-02-14T00:00:00,0.2149,ALL_PURPOSE,123456789,"{""run_as"": {""email"": ""user09@example.com""}, ""actor_type"": ""user""}"
2026-02-14T00:00:00,2026-02-14T01:00:00,0.2993,ALL_PURPOSE,123456789,"{""run_as"": {""email"": ""user09@example.com""}, ""actor_type"": ""user""}"
2026-02-14T01:00:00,2026-02-14T02:00:00,0.1651,ALL_PURPOSE,123456789,"{""run_as"": {""email"": ""user09@example.com""}, ""actor_type"": ""user""}"
2026-02-14T02:00:00,2026-02-14T03:00:00,0.7487,ALL_PURPOSE,123456789,"{""run_as"": {""email"": ""user09@example.com""}, ""actor_type"": ""user""}"
2026-02-14T03:00:00,2026-02-14T04:00:00,0.0725,ALL_PURPOSE,123456789,"{""run_as"": {""email"": ""user09@example.com""}, ""actor_type"": ""user""}"
2026-02-14T04:00:00,2026-02-14T05:00:00,0.3406,ALL_PURPOSE,123456789,"{""run_as"": {""email"": ""user09@example.com""}, ""actor_type"": ""user""}"
2026-02-14T05:00:00,2026-02-14T06:00:00,0.1845,ALL_PURPOSE,123456789,"{""run_as"": {""email"": ""user09@example.com""}, ""actor_type"": ""user""}"
2026-02-14T06:00:00,2026-02-14T07:00:00,0.0,ALL_PURPOSE,123456789,"{""run_as"": {""email"": ""user09@example.com""}, ""actor_type"": ""user""}"
2026-02-14T07:00:00,2026-02-14T08:00:00,0.2902,ALL_PURPOSE,123456789,"{""run_as"": {""email"": ""user09@example.com""}, ""actor_type"": ""user""}"
2026-02-14T08:00:00,2026-02-14T09:00:00,0.0,ALL_PURPOSE,123456789,"{""run_as"": {""email"": ""user09@example.com""}, ""actor_type"": ""user""}"
2026-02-14T09:00:00,2026-02-14T10:00:00,0.0,ALL_PURPOSE,123456789,"{""run_as"": {""email"": ""user09@example.com""}, ""actor_type"": ""user""}"
2026-02-14T10:00:00,2026-02-14T11:00:00,0.2478,ALL_PURPOSE,123456789,"{""run_as"": {""email"": ""user09@example.com""}, ""actor_type"": ""user""}"
2026-02-14T11:00:00,2026-02-14T12:00:00,0.1271,ALL_PURPOSE,123456789,"{""run_as"": {""email"": ""user09@example.com""}, ""actor_type"": ""user""}"
2026-02-14T12:00:00,2026-02-14T13:00:00,0.2465,ALL_PURPOSE,123456789,"{""run_as"": {""email"": ""user09@example.com""}, ""actor_type"": ""user""}"
2026-02-14T13:00:00,2026-02-14T14:00:00,0.2337,ALL_PURPOSE,123456789,"{""run_as"": {""email"": ""user09@example.com""}, ""actor_type"": ""user""}"
2026-02-14T14:00:00,2026-02-14T15:00:00,0.1458,ALL_PURPOSE,123456789,"{""run_as"": {""email"": ""user09@example.com""}, ""actor_type"": ""user""}"
2026-02-14T15:00:00,2026-02-14T16:00:00,0.0,ALL_PURPOSE,123456789,"{""run_as"": {""email"": ""user09@example.com""}, ""actor_type"": ""user""}"
2026-02-14T16:00:00,2026-02-14T17:00:00,0.0985,ALL_PURPOSE,123456789,"{""run_as"": {""email"": ""user09@example.com""}, ""actor_type"": ""user""}"
2026-02-14T17:00:00,2026-02-14T18:00:00,0.2959,ALL_PURPOSE,123456789,"{""run_as"": {""email"": ""user09@example.com""}, ""actor_type"": ""user""}"
2026-02-14T18:00:00,2026-02-14T19:00:00,0.0,ALL_PURPOSE,123456789,"{""run_as"": {""email"": ""user09@example.com""}, ""actor_type"": ""user""}"
2026-02-14T19:00:00,2026-02-14T20:00:00,0.2932,ALL_PURPOSE,123456789,"{""run_as"": {""email"": ""user09@example.com""}, ""actor_type"": ""user""}"
2026-02-14T20:00:00,2026-02-14T21:00:00,0.1851,ALL_PURPOSE,123456789,"{""run_as"": {""email"": ""user09@example.com""}, ""actor_type"": ""user""}"
2026-02-14T21:00:00,2026-02-14T22:00:00,0.1222,ALL_PURPOSE,123456789,"{""run_as"": {""email"": ""user09@example.com""}, ""actor_type"": ""user""}"
2026-02-14T22:00:00,2026-02-14T23:00:00,0.0703,ALL_PURPOSE,123456789,"{""run_as"": {""email"": ""user09@example.com""}, ""actor_type"": ""user""}"
2026-02-14T23:00:00,2026-02-15T00:00:00,0.8205,ALL_PURPOSE,123456789,"{""run_as"": {""email"": ""user09@example.com""}, ""actor_type"": ""user""}"
2026-02-15T00:00:00,2026-02-15T01:00:00,0.0,ALL_PURPOSE,123456789,"{""run_as"": {""email"": ""user09@example.com""}, ""actor_type"": ""user""}"
2026-02-15T01:00:00,2026-02-15T02:00:00,0.7102,ALL_PURPOSE,123456789,"{""run_as"": {""email"": ""user09@example.com""}, ""actor_type"": ""user""}"
2026-02-15T02:00:00,2026-02-15T03:00:00,0.236,ALL_PURPOSE,123456789,"{""run_as"": {""email"": ""user09@example.com""}, ""actor_type"": ""user""}"
2026-02-15T03:00:00,2026-02-15T04:00:00,0.2174,ALL_PURPOSE,123456789,"{""run_as"": {""email"": ""user09@example.com""}, ""actor_type"": ""user""}"
2026-02-15T04:00:00,2026-02-15T05:00:00,0.3101,ALL_PURPOSE,123456789,"{""run_as"": {""email"": ""user09@example.com""}, ""actor_type"": ""user""}"
2026-02-15T05:00:00,2026-02-15T06:00:00,0.3089,ALL_PURPOSE,123456789,"{""run_as"": {""email"": ""user09@example.com""}, ""actor_type"": ""user""}"
2026-02-15T06:00:00,2026-02-15T07:00:00,0.1859,ALL_PURPOSE,123456789,"{""run_as"": {""email"": ""user09@example.com""}, ""actor_type"": ""user""}"
2026-02-15T07:00:00,2026-02-15T08:00:00,0.1587,ALL_PURPOSE,123456789,"{""run_as"": {""email"": ""user09@example.com""}, ""actor_type"": ""user""}"
2026-02-15T08:00:00,2026-02-15T09:00:00,0.2651,ALL_PURPOSE,123456789,"{""run_as"": {""email"": ""user09@example.com""}, ""actor_type"": ""user""}"
2026-02-15T09:00:00,2026-02-15T10:00:00,0.3226,ALL_PURPOSE,123456789,"{""run_as"": {""email"": ""user09@example.com""}, ""actor_type"": ""user""}"
2026-02-15T10:00:00,2026-02-15T11:00:00,0.0663,ALL_PURPOSE,123456789,"{""run_as"": {""email"": ""user09@example.com""}, ""actor_type"": ""user""}"
2026-02-15T11:00:00,2026-02-15T12:00:00,0.1785,ALL_PURPOSE,123456789,"{""run_as"": {""email"": ""user09@example.com""}, ""actor_type"": ""user""}"
2026-02-15T12:00:00,2026-02-15T13:00:00,0.3795,ALL_PURPOSE,123456789,"{""run_as"": {""email"": ""user09@example.com""}, ""actor_type"": ""user""}"
2026-02-15T13:00:00,2026-02-15T14:00:00,0.3871,ALL_PURPOSE,123456789,"{""run_as"": {""email"": ""user09@example.com""}, ""actor_type"": ""user""}"
2026-02-15T14:00:00,2026-02-15T15:00:00,0.1934,ALL_PURPOSE,123456789,"{""run_as"": {""email"": ""user09@example.com""}, ""actor_type"": ""user""}"
2026-02-15T15:00:00,2026-02-15T16:00:00,0.0875,ALL_PURPOSE,123456789,"{""run_as"": {""email"": ""user09@example.com""}, ""actor_type"": ""user""}"
2026-02-15T16:00:00,2026-02-15T17:00:00,0.0251,ALL_PURPOSE,123456789,"{""run_as"": {""email"": ""user09@example.com""}, ""actor_type"": ""user""}"
2026-02-15T17:00:00,2026-02-15T18:00:00,0.0171,ALL_PURPOSE,123456789,"{""run_as"": {""email"": ""user09@example.com""}, ""actor_type"": ""user""}"
2026-02-15T18:00:00,2026-02-15T19:00:00,0.3631,ALL_PURPOSE,123456789,"{""run_as"": {""email"": ""user09@example.com""}, ""actor_type"": ""user""}"
2026-02-15T19:00:00,2026-02-15T20:00:00,0.1879,ALL_PURPOSE,123456789,"{""run_as"": {""email"": ""user09@example.com""}, ""actor_type"": ""user""}"
2026-02-15T20:00:00,2026-02-15T21:00:00,0.0186,ALL_PURPOSE,123456789,"{""run_as"": {""email"": ""user09@example.com""}, ""actor_type"": ""user""}"
2026-02-15T21:00:00,2026-02-15T22:00:00,0.1296,ALL_PURPOSE,123456789,"{""run_as"": {""email"": ""user09@example.com""}, ""actor_type"": ""user""}"
2026-02-15T22:00:00,2026-02-15T23:00:00,0.2085,ALL_PURPOSE,123456789,"{""run_as"": {""email"": ""user09@example.com""}, ""actor_type"": ""user""}"
2026-02-15T23:00:00,2026-02-16T00:00:00,0.1053,ALL_PURPOSE,123456789,"{""run_as"": {""email"": ""user09@example.com""}, ""actor_type"": ""user""}"
2026-02-16T00:00:00,2026-02-16T01:00:00,0.2615,ALL_PURPOSE,123456789,"{""run_as"": {""email"": ""user09@example.com""}, ""actor_type"": ""user""}"
2026-02-16T01:00:00,2026-02-16T02:00:00,0.3342,ALL_PURPOSE,123456789,"{""run_as"": {""email"": ""user09@example.com""}, ""actor_type"": ""user""}"
2026-02-16T02:00:00,2026-02-16T03:00:00,0.3629,ALL_PURPOSE,123456789,"{""run_as"": {""email"": ""user09@example.com""}, ""actor_type"": ""user""}"
2026-02-16T03:00:00,2026-02-16T04:00:00,0.3471,ALL_PURPOSE,123456789,"{""run_as"": {""email"": ""user09@example.com""}, ""actor_type"": ""user""}"
2026-02-16T04:00:00,2026-02-16T05:00:00,0.0,ALL_PURPOSE,123456789,"{""run_as"": {""email"": ""user09@example.com""}, ""actor_type"": ""user""}"
2026-02-16T05:00:00,2026-02-16T06:00:00,0.6167,ALL_PURPOSE,123456789,"{""run_as"": {""email"": ""user09@example.com""}, ""actor_type"": ""user""}"
2026-02-16T06:00:00,2026-02-16T07:00:00,0.0748,ALL_PURPOSE,123456789,"{""run_as"": {""email"": ""user09@example.com""}, ""actor_type"": ""user""}"
2026-02-16T07:00:00,2026-02-16T08:00:00,0.0,ALL_PURPOSE,123456789,"{""run_as"": {""email"": ""user09@example.com""}, ""actor_type"": ""user""}"
2026-02-16T08:00:00,2026-02-16T09:00:00,0.0921,ALL_PURPOSE,123456789,"{""run_as"": {""email"": ""user09@example.com""}, ""actor_type"": ""user""}"
2026-02-16T09:00:00,2026-02-16T10:00:00,0.2881,ALL_PURPOSE,123456789,"{""run_as"": {""email"": ""user09@example.com""}, ""actor_type"": ""user""}"
2026-02-16T10:00:00,2026-02-16T11:00:00,0.1915,ALL_PURPOSE,123456789,"{""run_as"": {""email"": ""user09@example.com""}, ""actor_type"": ""user""}"
2026-02-16T11:00:00,2026-02-16T12:00:00,0.0645,ALL_PURPOSE,123456789,"{""run_as"": {""email"": ""user09@example.com""}, ""actor_type"": ""user""}"
2026-02-16T12:00:00,2026-02-16T13:00:00,0.0,ALL_PURPOSE,123456789,"{""run_as"": {""email"": ""user09@example.com""}, ""actor_type"": ""user""}"
2026-02-16T13:00:00,2026-02-16T14:00:00,0.2294,ALL_PURPOSE,123456789,"{""run_as"": {""email"": ""user09@example.com""}, ""actor_type"": ""user""}"
2026-02-16T14:00:00,2026-02-16T15:00:00,0.0,ALL_PURPOSE,123456789,"{""run_as"": {""email"": ""user09@example.com""}, ""actor_type"": ""user""}"
2026-02-16T15:00:00,2026-02-16T16:00:00,0.0,ALL_PURPOSE,123456789,"{""run_as"": {""email"": ""user09@example.com""}, ""actor_type"": ""user""}"
2026-02-16T16:00:00,2026-02-16T17:00:00,0.1033,ALL_PURPOSE,123456789,"{""run_as"": {""email"": ""user09@example.com""}, ""actor_type"": ""user""}"
2026-02-16T17:00:00,2026-02-16T18:00:00,0.3833,ALL_PURPOSE,123456789,"{""run_as"": {""email"": ""user09@example.com""}, ""actor_type"": ""user""}"
2026-02-16T18:00:00,2026-02-16T19:00:00,0.0,ALL_PURPOSE,123456789,"{""run_as"": {""email"": ""user09@example.com""}, ""actor_type"": ""user""}"
2026-02-16T19:00:00,2026-02-16T20:00:00,0.2878,ALL_PURPOSE,123456789,"{""run_as"": {""email"": ""user09@example.com""}, ""actor_type"": ""user""}"
2026-02-16T20:00:00,2026-02-16T21:00:00,0.0,ALL_PURPOSE,123456789,"{""run_as"": {""email"": ""user09@example.com""}, ""actor_type"": ""user""}"
2026-02-16T21:00:00,2026-02-16T22:00:00,0.1797,ALL_PURPOSE,123456789,"{""run_as"": {""email"": ""user09@example.com""}, ""actor_type"": ""user""}"
2026-02-16T22:00:00,2026-02-16T23:00:00,1.0282,ALL_PURPOSE,123456789,"{""run_as"": {""email"": ""user09@example.com""}, ""actor_type"": ""user""}"
2026-02-16T23:00:00,2026-02-17T00:00:00,0.3178,ALL_PURPOSE,123456789,"{""run_as"": {""email"": ""user09@example.com""}, ""actor_type"": ""user""}"
2026-02-17T00:00:00,2026-02-17T01:00:00,0.8708,ALL_PURPOSE,123456789,"{""run_as"": {""email"": ""user09@example.com""}, ""actor_type"": ""user""}"
2026-02-17T01:00:00,2026-02-17T02:00:00,0.1814,ALL_PURPOSE,123456789,"{""run_as"": {""email"": ""user09@example.com""}, ""actor_type"": ""user""}"
2026-02-17T02:00:00,2026-02-17T03:00:00,0.3958,ALL_PURPOSE,123456789,"{""run_as"": {""email"": ""user09@example.com""}, ""actor_type"": ""user""}"
2026-02-17T03:00:00,2026-02-17T04:00:00,0.0,ALL_PURPOSE,123456789,"{""run_as"": {""email"": ""user09@example.com""}, ""actor_type"": ""user""}"
2026-02-17T04:00:00,2026-02-17T05:00:00,0.0385,ALL_PURPOSE,123456789,"{""run_as"": {""email"": ""user09@example.com""}, ""actor_type"": ""user""}"
2026-02-17T05:00:00,2026-02-17T06:00:00,0.0156,ALL_PURPOSE,123456789,"{""run_as"": {""email"": ""user09@example.com""}, ""actor_type"": ""user""}"
2026-02-17T06:00:00,2026-02-17T07:00:00,0.047,ALL_PURPOSE,123456789,"{""run_as"": {""email"": ""user09@example.com""}, ""actor_type"": ""user""}"
2026-02-17T07:00:00,2026-02-17T08:00:00,0.0521,ALL_PURPOSE,123456789,"{""run_as"": {""email"": ""user09@example.com""}, ""actor_type"": ""user""}"
2026-02-17T08:00:00,2026-02-17T09:00:00,0.331,ALL_PURPOSE,123456789,"{""run_as"": {""email"": ""user09@example.com""}, ""actor_type"": ""user""}"
2026-02-17T09:00:00,2026-02-17T10:00:00,0.3099,ALL_PURPOSE,123456789,"{""run_as"": {""email"": ""user09@example.com""}, ""actor_type"": ""user""}"
2026-02-17T10:00:00,2026-02-17T11:00:00,0.2088,ALL_PURPOSE,123456789,"{""run_as"": {""email"": ""user09@example.com""}, ""actor_type"": ""user""}"
2026-02-17T11:00:00,2026-02-17T12:00:00,0.0174,ALL_PURPOSE,123456789,"{""run_as"": {""email"": ""user09@example.com""}, ""actor_type"": ""user""}"
2026-02-17T12:00:00,2026-02-17T13:00:00,0.0918,ALL_PURPOSE,123456789,"{""run_as"": {""email"": ""user09@example.com""}, ""actor_type"": ""user""}"
2026-02-17T13:00:00,2026-02-17T14:00:00,0.3158,ALL_PURPOSE,123456789,"{""run_as"": {""email"": ""user09@example.com""}, ""actor_type"": ""user""}"
2026-02-17T14:00:00,2026-02-17T15:00:00,0.2356,ALL_PURPOSE,123456789,"{""run_as"": {""email"": ""user09@example.com""}, ""actor_type"": ""user""}"
2026-02-17T15:00:00,2026-02-17T16:00:00,0.3046,ALL_PURPOSE,123456789,"{""run_as"": {""email"": ""user09@example.com""}, ""actor_type"": ""user""}"
2026-02-17T16:00:00,2026-02-17T17:00:00,0.0,ALL_PURPOSE,123456789,"{""run_as"": {""email"": ""user09@example.com""}, ""actor_type"": ""user""}"
2026-02-17T17:00:00,2026-02-17T18:00:00,0.1909,ALL_PURPOSE,123456789,"{""run_as"": {""email"": ""user09@example.com""}, ""actor_type"": ""user""}"
2026-02-17T18:00:00,2026-02-17T19:00:00,0.3436,ALL_PURPOSE,123456789,"{""run_as"": {""email"": ""user09@example.com""}, ""actor_type"": ""user""}"
2026-02-17T19:00:00,2026-02-17T20:00:00,0.3507,ALL_PURPOSE,123456789,"{""run_as"": {""email"": ""user09@example.com""}, ""actor_type"": ""user""}"
2026-02-17T20:00:00,2026-02-17T21:00:00,0.0756,ALL_PURPOSE,123456789,"{""run_as"": {""email"": ""user09@example.com""}, ""actor_type"": ""user""}"
2026-02-17T21:00:00,2026-02-17T22:00:00,0.3158,ALL_PURPOSE,123456789,"{""run_as"": {""email"": ""user09@example.com""}, ""actor_type"": ""user""}"
2026-02-17T22:00:00,2026-02-17T23:00:00,0.6053,ALL_PURPOSE,123456789,"{""run_as"": {""email"": ""user09@example.com""}, ""actor_type"": ""user""}"
2026-02-17T23:00:00,2026-02-18T00:00:00,0.1264,ALL_PURPOSE,123456789,"{""run_as"": {""email"": ""user09@example.com""}, ""actor_type"": ""user""}"
2026-02-18T00:00:00,2026-02-18T01:00:00,0.9591,ALL_PURPOSE,123456789,"{""run_as"": {""email"": ""user09@example.com""}, ""actor_type"": ""user""}"
2026-02-18T01:00:00,2026-02-18T02:00:00,0.7227,ALL_PURPOSE,123456789,"{""run_as"": {""email"": ""user09@example.com""}, ""actor_type"": ""user""}"
2026-02-18T02:00:00,2026-02-18T03:00:00,0.1653,ALL_PURPOSE,123456789,"{""run_as"": {""email"": ""user09@example.com""}, ""actor_type"": ""user""}"
2026-02-18T03:00:00,2026-02-18T04:00:00,0.1481,ALL_PURPOSE,123456789,"{""run_as"": {""email"": ""user09@example.com""}, ""actor_type"": ""user""}"
2026-02-18T04:00:00,2026-02-18T05:00:00,0.7165,ALL_PURPOSE,123456789,"{""run_as"": {""email"": ""user09@example.com""}, ""actor_type"": ""user""}"
2026-02-18T05:00:00,2026-02-18T06:00:00,0.342,ALL_PURPOSE,123456789,"{""run_as"": {""email"": ""user09@example.com""}, ""actor_type"": ""user""}"
2026-02-18T06:00:00,2026-02-18T07:00:00,0.1786,ALL_PURPOSE,123456789,"{""run_as"": {""email"": ""user09@example.com""}, ""actor_type"": ""user""}"
2026-02-18T07:00:00,2026-02-18T08:00:00,0.0647,ALL_PURPOSE,123456789,"{""run_as"": {""email"": ""user09@example.com""}, ""actor_type"": ""user""}"
2026-02-18T08:00:00,2026-02-18T09:00:00,0.1602,ALL_PURPOSE,123456789,"{""run_as"": {""email"": ""user09@example.com""}, ""actor_type"": ""user""}"
2026-02-18T09:00:00,2026-02-18T10:00:00,0.2202,ALL_PURPOSE,123456789,"{""run_as"": {""email"": ""user09@example.com""}, ""actor_type"": ""user""}"
2026-02-18T10:00:00,2026-02-18T11:00:00,0.2827,ALL_PURPOSE,123456789,"{""run_as"": {""email"": ""user09@example.com""}, ""actor_type"": ""user""}"
2026-02-18T11:00:00,2026-02-18T12:00:00,0.0,ALL_PURPOSE,123456789,"{""run_as"": {""email"": ""user09@example.com""}, ""actor_type"": ""user""}"
2026-02-18T12:00:00,2026-02-18T13:00:00,0.0,ALL_PURPOSE,123456789,"{""run_as"": {""email"": ""user09@example.com""}, ""actor_type"": ""user""}"
2026-02-18T13:00:00,2026-02-18T14:00:00,0.3703,ALL_PURPOSE,123456789,"{""run_as"": {""email"": ""user09@example.com""}, ""actor_type"": ""user""}"
2026-02-18T14:00:00,2026-02-18T15:00:00,0.0256,ALL_PURPOSE,123456789,"{""run_as"": {""email"": ""user09@example.com""}, ""actor_type"": ""user""}"
2026-02-18T15:00:00,2026-02-18T16:00:00,0.0,ALL_PURPOSE,123456789,"{""run_as"": {""email"": ""user09@example.com""}, ""actor_type"": ""user""}"
2026-02-18T16:00:00,2026-02-18T17:00:00,0.1537,ALL_PURPOSE,123456789,"{""run_as"": {""email"": ""user09@example.com""}, ""actor_type"": ""user""}"
2026-02-18T17:00:00,2026-02-18T18:00:00,0.2456,ALL_PURPOSE,123456789,"{""run_as"": {""email"": ""user09@example.com""}, ""actor_type"": ""user""}"
2026-02-18T18:00:00,2026-02-18T19:00:00,0.2846,ALL_PURPOSE,123456789,"{""run_as"": {""email"": ""user09@example.com""}, ""actor_type"": ""user""}"
2026-02-18T19:00:00,2026-02-18T20:00:00,0.3783,ALL_PURPOSE,123456789,"{""run_as"": {""email"": ""user09@example.com""}, ""actor_type"": ""user""}"
2026-02-18T20:00:00,2026-02-18T21:00:00,0.2561,ALL_PURPOSE,123456789,"{""run_as"": {""email"": ""user09@example.com""}, ""actor_type"": ""user""}"
2026-02-18T21:00:00,2026-02-18T22:00:00,0.0807,ALL_PURPOSE,123456789,"{""run_as"": {""email"": ""user09@example.com""}, ""actor_type"": ""user""}"
2026-02-18T22:00:00,2026-02-18T23:00:00,0.4451,ALL_PURPOSE,123456789,"{""run_as"": {""email"": ""user09@example.com""}, ""actor_type"": ""user""}"
2026-02-18T23:00:00,2026-02-19T00:00:00,0.0,ALL_PURPOSE,123456789,"{""run_as"": {""email"": ""user09@example.com""}, ""actor_type"": ""user""}"
2026-02-19T00:00:00,2026-02-19T01:00:00,0.3059,ALL_PURPOSE,123456789,"{""run_as"": {""email"": ""user09@example.com""}, ""actor_type"": ""user""}"
2026-02-19T01:00:00,2026-02-19T02:00:00,0.3119,ALL_PURPOSE,123456789,"{""run_as"": {""email"": ""user09@example.com""}, ""actor_type"": ""user""}"
2026-02-19T02:00:00,2026-02-19T03:00:00,0.2344,ALL_PURPOSE,123456789,"{""run_as"": {""email"": ""user09@example.com""}, ""actor_type"": ""user""}"
2026-02-19T03:00:00,2026-02-19T04:00:00,0.3266,ALL_PURPOSE,123456789,"{""run_as"": {""email"": ""user09@example.com""}, ""actor_type"": ""user""}"
2026-02-19T04:00:00,2026-02-19T05:00:00,1.1403,ALL_PURPOSE,123456789,"{""run_as"": {""email"": ""user09@example.com""}, ""actor_type"": ""user""}"
2026-02-19T05:00:00,2026-02-19T06:00:00,0.9933,ALL_PURPOSE,123456789,"{""run_as"": {""email"": ""user09@example.com""}, ""actor_type"": ""user""}"
2026-02-19T06:00:00,2026-02-19T07:00:00,0.1044,ALL_PURPOSE,123456789,"{""run_as"": {""email"": ""user09@example.com""}, ""actor_type"": ""user""}"
2026-02-19T07:00:00,2026-02-19T08:00:00,0.0,ALL_PURPOSE,123456789,"{""run_as"": {""email"": ""user09@example.com""}, ""actor_type"": ""user""}"
2026-02-19T08:00:00,2026-02-19T09:00:00,0.1177,ALL_PURPOSE,123456789,"{""run_as"": {""email"": ""user09@example.com""}, ""actor_type"": ""user""}"
2026-02-19T09:00:00,2026-02-19T10:00:00,0.3212,ALL_PURPOSE,123456789,"{""run_as"": {""email"": ""user09@example.com""}, ""actor_type"": ""user""}"
2026-02-19T10:00:00,2026-02-19T11:00:00,0.3504,ALL_PURPOSE,123456789,"{""run_as"": {""email"": ""user09@example.com""}, ""actor_type"": ""user""}"
2026-02-19T11:00:00,2026-02-19T12:00:00,0.23,ALL_PURPOSE,123456789,"{""run_as"": {""email"": ""user09@example.com""}, ""actor_type"": ""user""}"
2026-02-19T12:00:00,2026-02-19T13:00:00,0.3864,ALL_PURPOSE,123456789,"{""run_as"": {""email"": ""user09@example.com""}, ""actor_type"": ""user""}"
2026-02-19T13:00:00,2026-02-19T14:00:00,0.308,ALL_PURPOSE,123456789,"{""run_as"": {""email"": ""user09@example.com""}, ""actor_type"": ""user""}"
2026-02-19T14:00:00,2026-02-19T15:00:00,0.3845,ALL_PURPOSE,123456789,"{""run_as"": {""email"": ""user09@example.com""}, ""actor_type"": ""user""}"
2026-02-19T15:00:00,2026-02-19T16:00:00,0.1843,ALL_PURPOSE,123456789,"{""run_as"": {""email"": ""user09@example.com""}, ""actor_type"": ""user""}"
2026-02-19T16:00:00,2026-02-19T17:00:00,0.0,ALL_PURPOSE,123456789,"{""run_as"": {""email"": ""user09@example.com""}, ""actor_type"": ""user""}"
2026-02-19T17:00:00,2026-02-19T18:00:00,0.027,ALL_PURPOSE,123456789,"{""run_as"": {""email"": ""user09@example.com""}, ""actor_type"": ""user""}"
2026-02-19T18:00:00,2026-02-19T19:00:00,0.3977,ALL_PURPOSE,123456789,"{""run_as"": {""email"": ""user09@example.com""}, ""actor_type"": ""user""}"
2026-02-19T19:00:00,2026-02-19T20:00:00,0.092,ALL_PURPOSE,123456789,"{""run_as"": {""email"": ""user09@example.com""}, ""actor_type"": ""user""}"
2026-02-19T20:00:00,2026-02-19T21:00:00,0.3822,ALL_PURPOSE,123456789,"{""run_as"": {""email"": ""user09@example.com""}, ""actor_type"": ""user""}"
2026-02-19T21:00:00,2026-02-19T22:00:00,0.0039,ALL_PURPOSE,123456789,"{""run_as"": {""email"": ""user09@example.com""}, ""actor_type"": ""user""}"
2026-02-19T22:00:00,2026-02-19T23:00:00,0.6709,ALL_PURPOSE,123456789,"{""run_as"": {""email"": ""user09@example.com""}, ""actor_type"": ""user""}"
2026-02-19T23:00:00,2026-02-20T00:00:00,0.0304,ALL_PURPOSE,123456789,"{""run_as"": {""email"": ""user09@example.com""}, ""actor_type"": ""user""}"
2026-02-20T00:00:00,2026-02-20T01:00:00,0.1414,ALL_PURPOSE,123456789,"{""run_as"": {""email"": ""user09@example.com""}, ""actor_type"": ""user""}"
2026-02-20T01:00:00,2026-02-20T02:00:00,0.3788,ALL_PURPOSE,123456789,"{""run_as"": {""email"": ""user09@example.com""}, ""actor_type"": ""user""}"
2026-02-20T02:00:00,2026-02-20T03:00:00,0.8144,ALL_PURPOSE,123456789,"{""run_as"": {""email"": ""user09@example.com""}, ""actor_type"": ""user""}"
2026-02-20T03:00:00,2026-02-20T04:00:00,0.3575,ALL_PURPOSE,123456789,"{""run_as"": {""email"": ""user09@example.com""}, ""actor_type"": ""user""}"
2026-02-20T04:00:00,2026-02-20T05:00:00,0.8065,ALL_PURPOSE,123456789,"{""run_as"": {""email"": ""user09@example.com""}, ""actor_type"": ""user""}"
2026-02-20T05:00:00,2026-02-20T06:00:00,0.2654,ALL_PURPOSE,123456789,"{""run_as"": {""email"": ""user09@example.com""}, ""actor_type"": ""user""}"
2026-02-20T06:00:00,2026-02-20T07:00:00,0.0,ALL_PURPOSE,123456789,"{""run_as"": {""email"": ""user09@example.com""}, ""actor_type"": ""user""}"
2026-02-20T07:00:00,2026-02-20T08:00:00,0.1929,ALL_PURPOSE,123456789,"{""run_as"": {""email"": ""user09@example.com""}, ""actor_type"": ""user""}"
2026-02-20T08:00:00,2026-02-20T09:00:00,0.1969,ALL_PURPOSE,123456789,"{""run_as"": {""email"": ""user09@example.com""}, ""actor_type"": ""user""}"
2026-02-20T09:00:00,2026-02-20T10:00:00,0.3588,ALL_PURPOSE,123456789,"{""run_as"": {""email"": ""user09@example.com""}, ""actor_type"": ""user""}"
2026-02-20T10:00:00,2026-02-20T11:00:00,0.1963,ALL_PURPOSE,123456789,"{""run_as"": {""email"": ""user09@example.com""}, ""actor_type"": ""user""}"
2026-02-20T11:00:00,2026-02-20T12:00:00,0.3664,ALL_PURPOSE,123456789,"{""run_as"": {""email"": ""user09@example.com""}, ""actor_type"": ""user""}"
2026-02-20T12:00:00,2026-02-20T13:00:00,0.0888,ALL_PURPOSE,123456789,"{""run_as"": {""email"": ""user09@example.com""}, ""actor_type"": ""user""}"
2026-02-20T13:00:00,2026-02-20T14:00:00,0.0217,ALL_PURPOSE,123456789,"{""run_as"": {""email"": ""user09@example.com""}, ""actor_type"": ""user""}"
2026-02-20T14:00:00,2026-02-20T15:00:00,0.1913,ALL_PURPOSE,123456789,"{""run_as"": {""email"": ""user09@example.com""}, ""actor_type"": ""user""}"
2026-02-20T15:00:00,2026-02-20T16:00:00,0.201,ALL_PURPOSE,123456789,"{""run_as"": {""email"": ""user09@example.com""}, ""actor_type"": ""user""}"
2026-02-20T16:00:00,2026-02-20T17:00:00,0.2745,ALL_PURPOSE,123456789,"{""run_as"": {""email"": ""user09@example.com""}, ""actor_type"": ""user""}"
2026-02-13T17:00:00,2026-02-13T18:00:00,0.3906,ALL_PURPOSE,123456789,"{""run_as"": {""email"": ""user10@example.com""}, ""actor_type"": ""user""}"
2026-02-13T18:00:00,2026-02-13T19:00:00,0.184,ALL_PURPOSE,123456789,"{""run_as"": {""email"": ""user10@example.com""}, ""actor_type"": ""user""}"
2026-02-13T19:00:00,2026-02-13T20:00:00,0.0047,ALL_PURPOSE,123456789,"{""run_as"": {""email"": ""user10@example.com""}, ""actor_type"": ""user""}"
2026-02-13T20:00:00,2026-02-13T21:00:00,0.2324,ALL_PURPOSE,123456789,"{""run_as"": {""email"": ""user10@example.com""}, ""actor_type"": ""user""}"
2026-02-13T21:00:00,2026-02-13T22:00:00,0.2451,ALL_PURPOSE,123456789,"{""run_as"": {""email"": ""user10@example.com""}, ""actor_type"": ""user""}"
2026-02-13T22:00:00,2026-02-13T23:00:00,0.6494,ALL_PURPOSE,123456789,"{""run_as"": {""email"": ""user10@example.com""}, ""actor_type"": ""user""}"
2026-02-13T23:00:00,2026-02-14T00:00:00,0.1464,ALL_PURPOSE,123456789,"{""run_as"": {""email"": ""user10@example.com""}, ""actor_type"": ""user""}"
2026-02-14T00:00:00,2026-02-14T01:00:00,0.2803,ALL_PURPOSE,123456789,"{""run_as"": {""email"": ""user10@example.com""}, ""actor_type"": ""user""}"
2026-02-14T01:00:00,2026-02-14T02:00:00,0.3036,ALL_PURPOSE,123456789,"{""run_as"": {""email"": ""user10@example.com""}, ""actor_type"": ""user""}"
2026-02-14T02:00:00,2026-02-14T03:00:00,0.3804,ALL_PURPOSE,123456789,"{""run_as"": {""email"": ""user10@example.com""}, ""actor_type"": ""user""}"
2026-02-14T03:00:00,2026-02-14T04:00:00,0.0,ALL_PURPOSE,123456789,"{""run_as"": {""email"": ""user10@example.com""}, ""actor_type"": ""user""}"
2026-02-14T04:00:00,2026-02-14T05:00:00,1.0476,ALL_PURPOSE,123456789,"{""run_as"": {""email"": ""user10@example.com""}, ""actor_type"": ""user""}"
2026-02-14T05:00:00,2026-02-14T06:00:00,0.1998,ALL_PURPOSE,123456789,"{""run_as"": {""email"": ""user10@example.com""}, ""actor_type"": ""user""}"
2026-02-14T06:00:00,2026-02-14T07:00:00,0.2068,ALL_PURPOSE,123456789,"{""run_as"": {""email"": ""user10@example.com""}, ""actor_type"": ""user""}"
2026-02-14T07:00:00,2026-02-14T08:00:00,0.3141,ALL_PURPOSE,123456789,"{""run_as"": {""email"": ""user10@example.com""}, ""actor_type"": ""user""}"
2026-02-14T08:00:00,2026-02-14T09:00:00,0.2249,ALL_PURPOSE,123456789,"{""run_as"": {""email"": ""user10@example.com""}, ""actor_type"": ""user""}"
2026-02-14T09:00:00,2026-02-14T10:00:00,0.1594,ALL_PURPOSE,123456789,"{""run_as"": {""email"": ""user10@example.com""}, ""actor_type"": ""user""}"
2026-02-14T10:00:00,2026-02-14T11:00:00,0.024,ALL_PURPOSE,123456789,"{""run_as"": {""email"": ""user10@example.com""}, ""actor_type"": ""user""}"
2026-02-14T11:00:00,2026-02-14T12:00:00,0.1906,ALL_PURPOSE,123456789,"{""run_as"": {""email"": ""user10@example.com""}, ""actor_type"": ""user""}"
2026-02-14T12:00:00,2026-02-14T13:00:00,0.1799,ALL_PURPOSE,123456789,"{""run_as"": {""email"": ""user10@example.com""}, ""actor_type"": ""user""}"
2026-02-14T13:00:00,2026-02-14T14:00:00,0.1444,ALL_PURPOSE,123456789,"{""run_as"": {""email"": ""user10@example.com""}, ""actor_type"": ""user""}"
2026-02-14T14:00:00,2026-02-14T15:00:00,0.3727,ALL_PURPOSE,123456789,"{""run_as"": {""email"": ""user10@example.com""}, ""actor_type"": ""user""}"
2026-02-14T15:00:00,2026-02-14T16:00:00,0.0,ALL_PURPOSE,123456789,"{""run_as"": {""email"": ""user10@example.com""}, ""actor_type"": ""user""}"
2026-02-14T16:00:00,2026-02-14T17:00:00,0.3469,ALL_PURPOSE,123456789,"{""run_as"": {""email"": ""user10@example.com""}, ""actor_type"": ""user""}"
2026-02-14T17:00:00,2026-02-14T18:00:00,0.0796,ALL_PURPOSE,123456789,"{""run_as"": {""email"": ""user10@example.com""}, ""actor_type"": ""user""}"
2026-02-14T18:00:00,2026-02-14T19:00:00,0.2597,ALL_PURPOSE,123456789,"{""run_as"": {""email"": ""user10@example.com""}, ""actor_type"": ""user""}"
2026-02-14T19:00:00,2026-02-14T20:00:00,0.3121,ALL_PURPOSE,123456789,"{""run_as"": {""email"": ""user10@example.com""}, ""actor_type"": ""user""}"
2026-02-14T20:00:00,2026-02-14T21:00:00,0.2693,ALL_PURPOSE,123456789,"{""run_as"": {""email"": ""user10@example.com""}, ""actor_type"": ""user""}"
2026-02-14T21:00:00,2026-02-14T22:00:00,0.2946,ALL_PURPOSE,123456789,"{""run_as"": {""email"": ""user10@example.com""}, ""actor_type"": ""user""}"
2026-02-14T22:00:00,2026-02-14T23:00:00,0.0,ALL_PURPOSE,123456789,"{""run_as"": {""email"": ""user10@example.com""}, ""actor_type"": ""user""}"
2026-02-14T23:00:00,2026-02-15T00:00:00,0.067,ALL_PURPOSE,123456789,"{""run_as"": {""email"": ""user10@example.com""}, ""actor_type"": ""user""}"
2026-02-15T00:00:00,2026-02-15T01:00:00,0.2525,ALL_PURPOSE,123456789,"{""run_as"": {""email"": ""user10@example.com""}, ""actor_type"": ""user""}"
2026-02-15T01:00:00,2026-02-15T02:00:00,0.2883,ALL_PURPOSE,123456789,"{""run_as"": {""email"": ""user10@example.com""}, ""actor_type"": ""user""}"
2026-02-15T02:00:00,2026-02-15T03:00:00,0.6678,ALL_PURPOSE,123456789,"{""run_as"": {""email"": ""user10@example.com""}, ""actor_type"": ""user""}"
2026-02-15T03:00:00,2026-02-15T04:00:00,0.178,ALL_PURPOSE,123456789,"{""run_as"": {""email"": ""user10@example.com""}, ""actor_type"": ""user""}"
2026-02-15T04:00:00,2026-02-15T05:00:00,0.2348,ALL_PURPOSE,123456789,"{""run_as"": {""email"": ""user10@example.com""}, ""actor_type"": ""user""}"
2026-02-15T05:00:00,2026-02-15T06:00:00,0.683,ALL_PURPOSE,123456789,"{""run_as"": {""email"": ""user10@example.com""}, ""actor_type"": ""user""}"
2026-02-15T06:00:00,2026-02-15T07:00:00,0.3762,ALL_PURPOSE,123456789,"{""run_as"": {""email"": ""user10@example.com""}, ""actor_type"": ""user""}"
2026-02-15T07:00:00,2026-02-15T08:00:00,0.032,ALL_PURPOSE,123456789,"{""run_as"": {""email"": ""user10@example.com""}, ""actor_type"": ""user""}"
2026-02-15T08:00:00,2026-02-15T09:00:00,0.0,ALL_PURPOSE,123456789,"{""run_as"": {""email"": ""user10@example.com""}, ""actor_type"": ""user""}"
2026-02-15T09:00:00,2026-02-15T10:00:00,0.3515,ALL_PURPOSE,123456789,"{""run_as"": {""email"": ""user10@example.com""}, ""actor_type"": ""user""}"
2026-02-15T10:00:00,2026-02-15T11:00:00,0.0105,ALL_PURPOSE,123456789,"{""run_as"": {""email"": ""user10@example.com""}, ""actor_type"": ""user""}"
2026-02-15T11:00:00,2026-02-15T12:00:00,0.0,ALL_PURPOSE,123456789,"{""run_as"": {""email"": ""user10@example.com""}, ""actor_type"": ""user""}"
2026-02-15T12:00:00,2026-02-15T13:00:00,0.105,ALL_PURPOSE,123456789,"{""run_as"": {""email"": ""user10@example.com""}, ""actor_type"": ""user""}"
2026-02-15T13:00:00,2026-02-15T14:00:00,0.2619,ALL_PURPOSE,123456789,"{""run_as"": {""email"": ""user10@example.com""}, ""actor_type"": ""user""}"
2026-02-15T14:00:00,2026-02-15T15:00:00,0.1237,ALL_PURPOSE,123456789,"{""run_as"": {""email"": ""user10@example.com""}, ""actor_type"": ""user""}"
2026-02-15T15:00:00,2026-02-15T16:00:00,0.1137,ALL_PURPOSE,123456789,"{""run_as"": {""email"": ""user10@example.com""}, ""actor_type"": ""user""}"
2026-02-15T16:00:00,2026-02-15T17:00:00,0.0525,ALL_PURPOSE,123456789,"{""run_as"": {""email"": ""user10@example.com""}, ""actor_type"": ""user""}"
2026-02-15T17:00:00,2026-02-15T18:00:00,0.0114,ALL_PURPOSE,123456789,"{""run_as"": {""email"": ""user10@example.com""}, ""actor_type"": ""user""}"
2026-02-15T18:00:00,2026-02-15T19:00:00,0.3441,ALL_PURPOSE,123456789,"{""run_as"": {""email"": ""user10@example.com""}, ""actor_type"": ""user""}"
2026-02-15T19:00:00,2026-02-15T20:00:00,0.1905,ALL_PURPOSE,123456789,"{""run_as"": {""email"": ""user10@example.com""}, ""actor_type"": ""user""}"
2026-02-15T20:00:00,2026-02-15T21:00:00,0.2162,ALL_PURPOSE,123456789,"{""run_as"": {""email"": ""user10@example.com""}, ""actor_type"": ""user""}"
2026-02-15T21:00:00,2026-02-15T22:00:00,0.1779,ALL_PURPOSE,123456789,"{""run_as"": {""email"": ""user10@example.com""}, ""actor_type"": ""user""}"
2026-02-15T22:00:00,2026-02-15T23:00:00,0.7974,ALL_PURPOSE,123456789,"{""run_as"": {""email"": ""user10@example.com""}, ""actor_type"": ""user""}"
2026-02-15T23:00:00,2026-02-16T00:00:00,0.2543,ALL_PURPOSE,123456789,"{""run_as"": {""email"": ""user10@example.com""}, ""actor_type"": ""user""}"
2026-02-16T00:00:00,2026-02-16T01:00:00,0.5988,ALL_PURPOSE,123456789,"{""run_as"": {""email"": ""user10@example.com""}, ""actor_type"": ""user""}"
2026-02-16T01:00:00,2026-02-16T02:00:00,0.3219,ALL_PURPOSE,123456789,"{""run_as"": {""email"": ""user10@example.com""}, ""actor_type"": ""user""}"
2026-02-16T02:00:00,2026-02-16T03:00:00,0.204,ALL_PURPOSE,123456789,"{""run_as"": {""email"": ""user10@example.com""}, ""actor_type"": ""user""}"
2026-02-16T03:00:00,2026-02-16T04:00:00,0.0,ALL_PURPOSE,123456789,"{""run_as"": {""email"": ""user10@example.com""}, ""actor_type"": ""user""}"
2026-02-16T04:00:00,2026-02-16T05:00:00,0.3688,ALL_PURPOSE,123456789,"{""run_as"": {""email"": ""user10@example.com""}, ""actor_type"": ""user""}"
2026-02-16T05:00:00,2026-02-16T06:00:00,0.0037,ALL_PURPOSE,123456789,"{""run_as"": {""email"": ""user10@example.com""}, ""actor_type"": ""user""}"
2026-02-16T06:00:00,2026-02-16T07:00:00,0.0,ALL_PURPOSE,123456789,"{""run_as"": {""email"": ""user10@example.com""}, ""actor_type"": ""user""}"
2026-02-16T07:00:00,2026-02-16T08:00:00,0.1495,ALL_PURPOSE,123456789,"{""run_as"": {""email"": ""user10@example.com""}, ""actor_type"": ""user""}"
2026-02-16T08:00:00,2026-02-16T09:00:00,0.2242,ALL_PURPOSE,123456789,"{""run_as"": {""email"": ""user10@example.com""}, ""actor_type"": ""user""}"
2026-02-16T09:00:00,2026-02-16T10:00:00,0.0653,ALL_PURPOSE,123456789,"{""run_as"": {""email"": ""user10@example.com""}, ""actor_type"": ""user""}"
2026-02-16T10:00:00,2026-02-16T11:00:00,0.1559,ALL_PURPOSE,123456789,"{""run_as"": {""email"": ""user10@example.com""}, ""actor_type"": ""user""}"
2026-02-16T11:00:00,2026-02-16T12:00:00,0.1052,ALL_PURPOSE,123456789,"{""run_as"": {""email"": ""user10@example.com""}, ""actor_type"": ""user""}"
2026-02-16T12:00:00,2026-02-16T13:00:00,0.0958,ALL_PURPOSE,123456789,"{""run_as"": {""email"": ""user10@example.com""}, ""actor_type"": ""user""}"
2026-02-16T13:00:00,2026-02-16T14:00:00,0.364,ALL_PURPOSE,123456789,"{""run_as"": {""email"": ""user10@example.com""}, ""actor_type"": ""user""}"
2026-02-16T14:00:00,2026-02-16T15:00:00,0.2739,ALL_PURPOSE,123456789,"{""run_as"": {""email"": ""user10@example.com""}, ""actor_type"": ""user""}"
2026-02-16T15:00:00,2026-02-16T16:00:00,0.2972,ALL_PURPOSE,123456789,"{""run_as"": {""email"": ""user10@example.com""}, ""actor_type"": ""user""}"
2026-02-16T16:00:00,2026-02-16T17:00:00,0.1652,ALL_PURPOSE,123456789,"{""run_as"": {""email"": ""user10@example.com""}, ""actor_type"": ""user""}"
2026-02-16T17:00:00,2026-02-16T18:00:00,0.073,ALL_PURPOSE,123456789,"{""run_as"": {""email"": ""user10@example.com""}, ""actor_type"": ""user""}"
2026-02-16T18:00:00,2026-02-16T19:00:00,0.2548,ALL_PURPOSE,123456789,"{""run_as"": {""email"": ""user10@example.com""}, ""actor_type"": ""user""}"
2026-02-16T19:00:00,2026-02-16T20:00:00,0.1089,ALL_PURPOSE,123456789,"{""run_as"": {""email"": ""user10@example.com""}, ""actor_type"": ""user""}"
2026-02-16T20:00:00,2026-02-16T21:00:00,0.0,ALL_PURPOSE,123456789,"{""run_as"": {""email"": ""user10@example.com""}, ""actor_type"": ""user""}"
2026-02-16T21:00:00,2026-02-16T22:00:00,0.0199,ALL_PURPOSE,123456789,"{""run_as"": {""email"": ""user10@example.com""}, ""actor_type"": ""user""}"
2026-02-16T22:00:00,2026-02-16T23:00:00,0.3628,ALL_PURPOSE,123456789,"{""run_as"": {""email"": ""user10@example.com""}, ""actor_type"": ""user""}"
2026-02-16T23:00:00,2026-02-17T00:00:00,0.4963,ALL_PURPOSE,123456789,"{""run_as"": {""email"": ""user10@example.com""}, ""actor_type"": ""user""}"
2026-02-17T00:00:00,2026-02-17T01:00:00,0.7964,ALL_PURPOSE,123456789,"{""run_as"": {""email"": ""user10@example.com""}, ""actor_type"": ""user""}"
2026-02-17T01:00:00,2026-02-17T02:00:00,0.1855,ALL_PURPOSE,123456789,"{""run_as"": {""email"": ""user10@example.com""}, ""actor_type"": ""user""}"
2026-02-17T02:00:00,2026-02-17T03:00:00,0.0,ALL_PURPOSE,123456789,"{""run_as"": {""email"": ""user10@example.com""}, ""actor_type"": ""user""}"
2026-02-17T03:00:00,2026-02-17T04:00:00,0.7394,ALL_PURPOSE,123456789,"{""run_as"": {""email"": ""user10@example.com""}, ""actor_type"": ""user""}"
2026-02-17T04:00:00,2026-02-17T05:00:00,0.3366,ALL_PURPOSE,123456789,"{""run_as"": {""email"": ""user10@example.com""}, ""actor_type"": ""user""}"
2026-02-17T05:00:00,2026-02-17T06:00:00,0.0488,ALL_PURPOSE,123456789,"{""run_as"": {""email"": ""user10@example.com""}, ""actor_type"": ""user""}"
2026-02-17T06:00:00,2026-02-17T07:00:00,0.3085,ALL_PURPOSE,123456789,"{""run_as"": {""email"": ""user10@example.com""}, ""actor_type"": ""user""}"
2026-02-17T07:00:00,2026-02-17T08:00:00,0.0,ALL_PURPOSE,123456789,"{""run_as"": {""email"": ""user10@example.com""}, ""actor_type"": ""user""}"
2026-02-17T08:00:00,2026-02-17T09:00:00,0.1843,ALL_PURPOSE,123456789,"{""run_as"": {""email"": ""user10@example.com""}, ""actor_type"": ""user""}"
2026-02-17T09:00:00,2026-02-17T10:00:00,0.2085,ALL_PURPOSE,123456789,"{""run_as"": {""email"": ""user10@example.com""}, ""actor_type"": ""user""}"
2026-02-17T10:00:00,2026-02-17T11:00:00,0.1891,ALL_PURPOSE,123456789,"{""run_as"": {""email"": ""user10@example.com""}, ""actor_type"": ""user""}"
2026-02-17T11:00:00,2026-02-17T12:00:00,0.1248,ALL_PURPOSE,123456789,"{""run_as"": {""email"": ""user10@example.com""}, ""actor_type"": ""user""}"
2026-02-17T12:00:00,2026-02-17T13:00:00,0.0,ALL_PURPOSE,123456789,"{""run_as"": {""email"": ""user10@example.com""}, ""actor_type"": ""user""}"
2026-02-17T13:00:00,2026-02-17T14:00:00,0.375,ALL_PURPOSE,123456789,"{""run_as"": {""email"": ""user10@example.com""}, ""actor_type"": ""user""}"
2026-02-17T14:00:00,2026-02-17T15:00:00,0.1013,ALL_PURPOSE,123456789,"{""run_as"": {""email"": ""user10@example.com""}, ""actor_type"": ""user""}"
2026-02-17T15:00:00,2026-02-17T16:00:00,0.0795,ALL_PURPOSE,123456789,"{""run_as"": {""email"": ""user10@example.com""}, ""actor_type"": ""user""}"
2026-02-17T16:00:00,2026-02-17T17:00:00,0.3455,ALL_PURPOSE,123456789,"{""run_as"": {""email"": ""user10@example.com""}, ""actor_type"": ""user""}"
2026-02-17T17:00:00,2026-02-17T18:00:00,0.0452,ALL_PURPOSE,123456789,"{""run_as"": {""email"": ""user10@example.com""}, ""actor_type"": ""user""}"
2026-02-17T18:00:00,2026-02-17T19:00:00,0.1298,ALL_PURPOSE,123456789,"{""run_as"": {""email"": ""user10@example.com""}, ""actor_type"": ""user""}"
2026-02-17T19:00:00,2026-02-17T20:00:00,0.0,ALL_PURPOSE,123456789,"{""run_as"": {""email"": ""user10@example.com""}, ""actor_type"": ""user""}"
2026-02-17T20:00:00,2026-02-17T21:00:00,0.0,ALL_PURPOSE,123456789,"{""run_as"": {""email"": ""user10@example.com""}, ""actor_type"": ""user""}"
2026-02-17T21:00:00,2026-02-17T22:00:00,0.0168,ALL_PURPOSE,123456789,"{""run_as"": {""email"": ""user10@example.com""}, ""actor_type"": ""user""}"
2026-02-17T22:00:00,2026-02-17T23:00:00,0.1901,ALL_PURPOSE,123456789,"{""run_as"": {""email"": ""user10@example.com""}, ""actor_type"": ""user""}"
2026-02-17T23:00:00,2026-02-18T00:00:00,0.1998,ALL_PURPOSE,123456789,"{""run_as"": {""email"": ""user10@example.com""}, ""actor_type"": ""user""}"
2026-02-18T00:00:00,2026-02-18T01:00:00,0.3723,ALL_PURPOSE,123456789,"{""run_as"": {""email"": ""user10@example.com""}, ""actor_type"": ""user""}"
2026-02-18T01:00:00,2026-02-18T02:00:00,0.0239,ALL_PURPOSE,123456789,"{""run_as"": {""email"": ""user10@example.com""}, ""actor_type"": ""user""}"
2026-02-18T02:00:00,2026-02-18T03:00:00,0.5795,ALL_PURPOSE,123456789,"{""run_as"": {""email"": ""user10@example.com""}, ""actor_type"": ""user""}"
2026-02-18T03:00:00,2026-02-18T04:00:00,0.3154,ALL_PURPOSE,123456789,"{""run_as"": {""email"": ""user10@example.com""}, ""actor_type"": ""user""}"
2026-02-18T04:00:00,2026-02-18T05:00:00,0.758,ALL_PURPOSE,123456789,"{""run_as"": {""email"": ""user10@example.com""}, ""actor_type"": ""user""}"
2026-02-18T05:00:00,2026-02-18T06:00:00,0.0539,ALL_PURPOSE,123456789,"{""run_as"": {""email"": ""user10@example.com""}, ""actor_type"": ""user""}"
2026-02-18T06:00:00,2026-02-18T07:00:00,0.175,ALL_PURPOSE,123456789,"{""run_as"": {""email"": ""user10@example.com""}, ""actor_type"": ""user""}"
2026-02-18T07:00:00,2026-02-18T08:00:00,0.2788,ALL_PURPOSE,123456789,"{""run_as"": {""email"": ""user10@example.com""}, ""actor_type"": ""user""}"
2026-02-18T08:00:00,2026-02-18T09:00:00,0.0747,ALL_PURPOSE,123456789,"{""run_as"": {""email"": ""user10@example.com""}, ""actor_type"": ""user""}"
2026-02-18T09:00:00,2026-02-18T10:00:00,0.293,ALL_PURPOSE,123456789,"{""run_as"": {""email"": ""user10@example.com""}, ""actor_type"": ""user""}"
2026-02-18T10:00:00,2026-02-18T11:00:00,0.3325,ALL_PURPOSE,123456789,"{""run_as"": {""email"": ""user10@example.com""}, ""actor_type"": ""user""}"
2026-02-18T11:00:00,2026-02-18T12:00:00,0.0,ALL_PURPOSE,123456789,"{""run_as"": {""email"": ""user10@example.com""}, ""actor_type"": ""user""}"
2026-02-18T12:00:00,2026-02-18T13:00:00,0.062,ALL_PURPOSE,123456789,"{""run_as"": {""email"": ""user10@example.com""}, ""actor_type"": ""user""}"
2026-02-18T13:00:00,2026-02-18T14:00:00,0.1053,ALL_PURPOSE,123456789,"{""run_as"": {""email"": ""user10@example.com""}, ""actor_type"": ""user""}"
2026-02-18T14:00:00,2026-02-18T15:00:00,0.0003,ALL_PURPOSE,123456789,"{""run_as"": {""email"": ""user10@example.com""}, ""actor_type"": ""user""}"
2026-02-18T15:00:00,2026-02-18T16:00:00,0.1516,ALL_PURPOSE,123456789,"{""run_as"": {""email"": ""user10@example.com""}, ""actor_type"": ""user""}"
2026-02-18T16:00:00,2026-02-18T17:00:00,0.0075,ALL_PURPOSE,123456789,"{""run_as"": {""email"": ""user10@example.com""}, ""actor_type"": ""user""}"
2026-02-18T17:00:00,2026-02-18T18:00:00,0.3104,ALL_PURPOSE,123456789,"{""run_as"": {""email"": ""user10@example.com""}, ""actor_type"": ""user""}"
2026-02-18T18:00:00,2026-02-18T19:00:00,0.2884,ALL_PURPOSE,123456789,"{""run_as"": {""email"": ""user10@example.com""}, ""actor_type"": ""user""}"
2026-02-18T19:00:00,2026-02-18T20:00:00,0.2156,ALL_PURPOSE,123456789,"{""run_as"": {""email"": ""user10@example.com""}, ""actor_type"": ""user""}"
2026-02-18T20:00:00,2026-02-18T21:00:00,0.2096,ALL_PURPOSE,123456789,"{""run_as"": {""email"": ""user10@example.com""}, ""actor_type"": ""user""}"
2026-02-18T21:00:00,2026-02-18T22:00:00,0.2206,ALL_PURPOSE,123456789,"{""run_as"": {""email"": ""user10@example.com""}, ""actor_type"": ""user""}"
2026-02-18T22:00:00,2026-02-18T23:00:00,0.0,ALL_PURPOSE,123456789,"{""run_as"": {""email"": ""user10@example.com""}, ""actor_type"": ""user""}"
2026-02-18T23:00:00,2026-02-19T00:00:00,0.0,ALL_PURPOSE,123456789,"{""run_as"": {""email"": ""user10@example.com""}, ""actor_type"": ""user""}"
2026-02-19T00:00:00,2026-02-19T01:00:00,0.0,ALL_PURPOSE,123456789,"{""run_as"": {""email"": ""user10@example.com""}, ""actor_type"": ""user""}"
2026-02-19T01:00:00,2026-02-19T02:00:00,0.2284,ALL_PURPOSE,123456789,"{""run_as"": {""email"": ""user10@example.com""}, ""actor_type"": ""user""}"
2026-02-19T02:00:00,2026-02-19T03:00:00,0.2103,ALL_PURPOSE,123456789,"{""run_as"": {""email"": ""user10@example.com""}, ""actor_type"": ""user""}"
2026-02-19T03:00:00,2026-02-19T04:00:00,0.0,ALL_PURPOSE,123456789,"{""run_as"": {""email"": ""user10@example.com""}, ""actor_type"": ""user""}"
2026-02-19T04:00:00,2026-02-19T05:00:00,0.8161,ALL_PURPOSE,123456789,"{""run_as"": {""email"": ""user10@example.com""}, ""actor_type"": ""user""}"
2026-02-19T05:00:00,2026-02-19T06:00:00,0.0,ALL_PURPOSE,123456789,"{""run_as"": {""email"": ""user10@example.com""}, ""actor_type"": ""user""}"
2026-02-19T06:00:00,2026-02-19T07:00:00,0.2232,ALL_PURPOSE,123456789,"{""run_as"": {""email"": ""user10@example.com""}, ""actor_type"": ""user""}"
2026-02-19T07:00:00,2026-02-19T08:00:00,0.1664,ALL_PURPOSE,123456789,"{""run_as"": {""email"": ""user10@example.com""}, ""actor_type"": ""user""}"
2026-02-19T08:00:00,2026-02-19T09:00:00,0.2834,ALL_PURPOSE,123456789,"{""run_as"": {""email"": ""user10@example.com""}, ""actor_type"": ""user""}"
2026-02-19T09:00:00,2026-02-19T10:00:00,0.0,ALL_PURPOSE,123456789,"{""run_as"": {""email"": ""user10@example.com""}, ""actor_type"": ""user""}"
2026-02-19T10:00:00,2026-02-19T11:00:00,0.0282,ALL_PURPOSE,123456789,"{""run_as"": {""email"": ""user10@example.com""}, ""actor_type"": ""user""}"
2026-02-19T11:00:00,2026-02-19T12:00:00,0.3778,ALL_PURPOSE,123456789,"{""run_as"": {""email"": ""user10@example.com""}, ""actor_type"": ""user""}"
2026-02-19T12:00:00,2026-02-19T13:00:00,0.0388,ALL_PURPOSE,123456789,"{""run_as"": {""email"": ""user10@example.com""}, ""actor_type"": ""user""}"
2026-02-19T13:00:00,2026-02-19T14:00:00,0.2127,ALL_PURPOSE,123456789,"{""run_as"": {""email"": ""user10@example.com""}, ""actor_type"": ""user""}"
2026-02-19T14:00:00,2026-02-19T15:00:00,0.2105,ALL_PURPOSE,123456789,"{""run_as"": {""email"": ""user10@example.com""}, ""actor_type"": ""user""}"
2026-02-19T15:00:00,2026-02-19T16:00:00,0.2501,ALL_PURPOSE,123456789,"{""run_as"": {""email"": ""user10@example.com""}, ""actor_type"": ""user""}"
2026-02-19T16:00:00,2026-02-19T17:00:00,0.2997,ALL_PURPOSE,123456789,"{""run_as"": {""email"": ""user10@example.com""}, ""actor_type"": ""user""}"
2026-02-19T17:00:00,2026-02-19T18:00:00,0.0422,ALL_PURPOSE,123456789,"{""run_as"": {""email"": ""user10@example.com""}, ""actor_type"": ""user""}"
2026-02-19T18:00:00,2026-02-19T19:00:00,0.1432,ALL_PURPOSE,123456789,"{""run_as"": {""email"": ""user10@example.com""}, ""actor_type"": ""user""}"
2026-02-19T19:00:00,2026-02-19T20:00:00,0.2661,ALL_PURPOSE,123456789,"{""run_as"": {""email"": ""user10@example.com""}, ""actor_type"": ""user""}"
2026-02-19T20:00:00,2026-02-19T21:00:00,0.0667,ALL_PURPOSE,123456789,"{""run_as"": {""email"": ""user10@example.com""}, ""actor_type"": ""user""}"
2026-02-19T21:00:00,2026-02-19T22:00:00,0.1606,ALL_PURPOSE,123456789,"{""run_as"": {""email"": ""user10@example.com""}, ""actor_type"": ""user""}"
2026-02-19T22:00:00,2026-02-19T23:00:00,0.0633,ALL_PURPOSE,123456789,"{""run_as"": {""email"": ""user10@example.com""}, ""actor_type"": ""user""}"
2026-02-19T23:00:00,2026-02-20T00:00:00,0.935,ALL_PURPOSE,123456789,"{""run_as"": {""email"": ""user10@example.com""}, ""actor_type"": ""user""}"
2026-02-20T00:00:00,2026-02-20T01:00:00,0.1487,ALL_PURPOSE,123456789,"{""run_as"": {""email"": ""user10@example.com""}, ""actor_type"": ""user""}"
2026-02-20T01:00:00,2026-02-20T02:00:00,0.2903,ALL_PURPOSE,123456789,"{""run_as"": {""email"": ""user10@example.com""}, ""actor_type"": ""user""}"
2026-02-20T02:00:00,2026-02-20T03:00:00,0.0856,ALL_PURPOSE,123456789,"{""run_as"": {""email"": ""user10@example.com""}, ""actor_type"": ""user""}"
2026-02-20T03:00:00,2026-02-20T04:00:00,0.1016,ALL_PURPOSE,123456789,"{""run_as"": {""email"": ""user10@example.com""}, ""actor_type"": ""user""}"
2026-02-20T04:00:00,2026-02-20T05:00:00,0.1588,ALL_PURPOSE,123456789,"{""run_as"": {""email"": ""user10@example.com""}, ""actor_type"": ""user""}"
2026-02-20T05:00:00,2026-02-20T06:00:00,0.2383,ALL_PURPOSE,123456789,"{""run_as"": {""email"": ""user10@example.com""}, ""actor_type"": ""user""}"
2026-02-20T06:00:00,2026-02-20T07:00:00,0.1207,ALL_PURPOSE,123456789,"{""run_as"": {""email"": ""user10@example.com""}, ""actor_type"": ""user""}"
2026-02-20T07:00:00,2026-02-20T08:00:00,0.0888,ALL_PURPOSE,123456789,"{""run_as"": {""email"": ""user10@example.com""}, ""actor_type"": ""user""}"
2026-02-20T08:00:00,2026-02-20T09:00:00,0.0087,ALL_PURPOSE,123456789,"{""run_as"": {""email"": ""user10@example.com""}, ""actor_type"": ""user""}"
2026-02-20T09:00:00,2026-02-20T10:00:00,0.2759,ALL_PURPOSE,123456789,"{""run_as"": {""email"": ""user10@example.com""}, ""actor_type"": ""user""}"
2026-02-20T10:00:00,2026-02-20T11:00:00,0.2215,ALL_PURPOSE,123456789,"{""run_as"": {""email"": ""user10@example.com""}, ""actor_type"": ""user""}"
2026-02-20T11:00:00,2026-02-20T12:00:00,0.3704,ALL_PURPOSE,123456789,"{""run_as"": {""email"": ""user10@example.com""}, ""actor_type"": ""user""}"
2026-02-20T12:00:00,2026-02-20T13:00:00,0.0151,ALL_PURPOSE,123456789,"{""run_as"": {""email"": ""user10@example.com""}, ""actor_type"": ""user""}"
2026-02-20T13:00:00,2026-02-20T14:00:00,0.0554,ALL_PURPOSE,123456789,"{""run_as"": {""email"": ""user10@example.com""}, ""actor_type"": ""user""}"
2026-02-20T14:00:00,2026-02-20T15:00:00,0.2329,ALL_PURPOSE,123456789,"{""run_as"": {""email"": ""user10@example.com""}, ""actor_type"": ""user""}"
2026-02-20T15:00:00,2026-02-20T16:00:00,0.0,ALL_PURPOSE,123456789,"{""run_as"": {""email"": ""user10@example.com""}, ""actor_type"": ""user""}"
2026-02-20T16:00:00,2026-02-20T17:00:00,0.1599,ALL_PURPOSE,123456789,"{""run_as"": {""email"": ""user10@example.com""}, ""actor_type"": ""user""}"
2026-02-13T17:00:00,2026-02-13T18:00:00,0.2937,ALL_PURPOSE,123456789,"{""run_as"": {""email"": ""user11@example.com""}, ""actor_type"": ""user""}"
2026-02-13T18:00:00,2026-02-13T19:00:00,0.3172,ALL_PURPOSE,123456789,"{""run_as"": {""email"": ""user11@example.com""}, ""actor_type"": ""user""}"
2026-02-13T19:00:00,2026-02-13T20:00:00,0.3303,ALL_PURPOSE,123456789,"{""run_as"": {""email"": ""user11@example.com""}, ""actor_type"": ""user""}"
2026-02-13T20:00:00,2026-02-13T21:00:00,0.2305,ALL_PURPOSE,123456789,"{""run_as"": {""email"": ""user11@example.com""}, ""actor_type"": ""user""}"
2026-02-13T21:00:00,2026-02-13T22:00:00,0.2381,ALL_PURPOSE,123456789,"{""run_as"": {""email"": ""user11@example.com""}, ""actor_type"": ""user""}"
2026-02-13T22:00:00,2026-02-13T23:00:00,0.0,ALL_PURPOSE,123456789,"{""run_as"": {""email"": ""user11@example.com""}, ""actor_type"": ""user""}"
2026-02-13T23:00:00,2026-02-14T00:00:00,0.0224,ALL_PURPOSE,123456789,"{""run_as"": {""email"": ""user11@example.com""}, ""actor_type"": ""user""}"
2026-02-14T00:00:00,2026-02-14T01:00:00,0.3269,ALL_PURPOSE,123456789,"{""run_as"": {""email"": ""user11@example.com""}, ""actor_type"": ""user""}"
2026-02-14T01:00:00,2026-02-14T02:00:00,0.9049,ALL_PURPOSE,123456789,"{""run_as"": {""email"": ""user11@example.com""}, ""actor_type"": ""user""}"
2026-02-14T02:00:00,2026-02-14T03:00:00,0.0046,ALL_PURPOSE,123456789,"{""run_as"": {""email"": ""user11@example.com""}, ""actor_type"": ""user""}"
2026-02-14T03:00:00,2026-02-14T04:00:00,0.0,ALL_PURPOSE,123456789,"{""run_as"": {""email"": ""user11@example.com""}, ""actor_type"": ""user""}"
2026-02-14T04:00:00,2026-02-14T05:00:00,0.3363,ALL_PURPOSE,123456789,"{""run_as"": {""email"": ""user11@example.com""}, ""actor_type"": ""user""}"
2026-02-14T05:00:00,2026-02-14T06:00:00,0.1572,ALL_PURPOSE,123456789,"{""run_as"": {""email"": ""user11@example.com""}, ""actor_type"": ""user""}"
2026-02-14T06:00:00,2026-02-14T07:00:00,0.2019,ALL_PURPOSE,123456789,"{""run_as"": {""email"": ""user11@example.com""}, ""actor_type"": ""user""}"
2026-02-14T07:00:00,2026-02-14T08:00:00,0.1159,ALL_PURPOSE,123456789,"{""run_as"": {""email"": ""user11@example.com""}, ""actor_type"": ""user""}"
2026-02-14T08:00:00,2026-02-14T09:00:00,0.0,ALL_PURPOSE,123456789,"{""run_as"": {""email"": ""user11@example.com""}, ""actor_type"": ""user""}"
2026-02-14T09:00:00,2026-02-14T10:00:00,0.0,ALL_PURPOSE,123456789,"{""run_as"": {""email"": ""user11@example.com""}, ""actor_type"": ""user""}"
2026-02-14T10:00:00,2026-02-14T11:00:00,0.0,ALL_PURPOSE,123456789,"{""run_as"": {""email"": ""user11@example.com""}, ""actor_type"": ""user""}"
2026-02-14T11:00:00,2026-02-14T12:00:00,0.2007,ALL_PURPOSE,123456789,"{""run_as"": {""email"": ""user11@example.com""}, ""actor_type"": ""user""}"
2026-02-14T12:00:00,2026-02-14T13:00:00,0.0,ALL_PURPOSE,123456789,"{""run_as"": {""email"": ""user11@example.com""}, ""actor_type"": ""user""}"
2026-02-14T13:00:00,2026-02-14T14:00:00,0.2237,ALL_PURPOSE,123456789,"{""run_as"": {""email"": ""user11@example.com""}, ""actor_type"": ""user""}"
2026-02-14T14:00:00,2026-02-14T15:00:00,0.2609,ALL_PURPOSE,123456789,"{""run_as"": {""email"": ""user11@example.com""}, ""actor_type"": ""user""}"
2026-02-14T15:00:00,2026-02-14T16:00:00,0.2464,ALL_PURPOSE,123456789,"{""run_as"": {""email"": ""user11@example.com""}, ""actor_type"": ""user""}"
2026-02-14T16:00:00,2026-02-14T17:00:00,0.0,ALL_PURPOSE,123456789,"{""run_as"": {""email"": ""user11@example.com""}, ""actor_type"": ""user""}"
2026-02-14T17:00:00,2026-02-14T18:00:00,0.3107,ALL_PURPOSE,123456789,"{""run_as"": {""email"": ""user11@example.com""}, ""actor_type"": ""user""}"
2026-02-14T18:00:00,2026-02-14T19:00:00,0.0,ALL_PURPOSE,123456789,"{""run_as"": {""email"": ""user11@example.com""}, ""actor_type"": ""user""}"
2026-02-14T19:00:00,2026-02-14T20:00:00,0.2687,ALL_PURPOSE,123456789,"{""run_as"": {""email"": ""user11@example.com""}, ""actor_type"": ""user""}"
2026-02-14T20:00:00,2026-02-14T21:00:00,0.1393,ALL_PURPOSE,123456789,"{""run_as"": {""email"": ""user11@example.com""}, ""actor_type"": ""user""}"
2026-02-14T21:00:00,2026-02-14T22:00:00,0.0,ALL_PURPOSE,123456789,"{""run_as"": {""email"": ""user11@example.com""}, ""actor_type"": ""user""}"
2026-02-14T22:00:00,2026-02-14T23:00:00,0.1219,ALL_PURPOSE,123456789,"{""run_as"": {""email"": ""user11@example.com""}, ""actor_type"": ""user""}"
2026-02-14T23:00:00,2026-02-15T00:00:00,0.0,ALL_PURPOSE,123456789,"{""run_as"": {""email"": ""user11@example.com""}, ""actor_type"": ""user""}"
2026-02-15T00:00:00,2026-02-15T01:00:00,0.018,ALL_PURPOSE,123456789,"{""run_as"": {""email"": ""user11@example.com""}, ""actor_type"": ""user""}"
2026-02-15T01:00:00,2026-02-15T02:00:00,0.1495,ALL_PURPOSE,123456789,"{""run_as"": {""email"": ""user11@example.com""}, ""actor_type"": ""user""}"
2026-02-15T02:00:00,2026-02-15T03:00:00,0.8092,ALL_PURPOSE,123456789,"{""run_as"": {""email"": ""user11@example.com""}, ""actor_type"": ""user""}"
2026-02-15T03:00:00,2026-02-15T04:00:00,0.0,ALL_PURPOSE,123456789,"{""run_as"": {""email"": ""user11@example.com""}, ""actor_type"": ""user""}"
2026-02-15T04:00:00,2026-02-15T05:00:00,0.0,ALL_PURPOSE,123456789,"{""run_as"": {""email"": ""user11@example.com""}, ""actor_type"": ""user""}"
2026-02-15T05:00:00,2026-02-15T06:00:00,0.0836,ALL_PURPOSE,123456789,"{""run_as"": {""email"": ""user11@example.com""}, ""actor_type"": ""user""}"
2026-02-15T06:00:00,2026-02-15T07:00:00,0.2093,ALL_PURPOSE,123456789,"{""run_as"": {""email"": ""user11@example.com""}, ""actor_type"": ""user""}"
2026-02-15T07:00:00,2026-02-15T08:00:00,0.1932,ALL_PURPOSE,123456789,"{""run_as"": {""email"": ""user11@example.com""}, ""actor_type"": ""user""}"
2026-02-15T08:00:00,2026-02-15T09:00:00,0.0565,ALL_PURPOSE,123456789,"{""run_as"": {""email"": ""user11@example.com""}, ""actor_type"": ""user""}"
2026-02-15T09:00:00,2026-02-15T10:00:00,0.0074,ALL_PURPOSE,123456789,"{""run_as"": {""email"": ""user11@example.com""}, ""actor_type"": ""user""}"
2026-02-15T10:00:00,2026-02-15T11:00:00,0.0,ALL_PURPOSE,123456789,"{""run_as"": {""email"": ""user11@example.com""}, ""actor_type"": ""user""}"
2026-02-15T11:00:00,2026-02-15T12:00:00,0.0681,ALL_PURPOSE,123456789,"{""run_as"": {""email"": ""user11@example.com""}, ""actor_type"": ""user""}"
2026-02-15T12:00:00,2026-02-15T13:00:00,0.3157,ALL_PURPOSE,123456789,"{""run_as"": {""email"": ""user11@example.com""}, ""actor_type"": ""user""}"
2026-02-15T13:00:00,2026-02-15T14:00:00,0.0212,ALL_PURPOSE,123456789,"{""run_as"": {""email"": ""user11@example.com""}, ""actor_type"": ""user""}"
2026-02-15T14:00:00,2026-02-15T15:00:00,0.0033,ALL_PURPOSE,123456789,"{""run_as"": {""email"": ""user11@example.com""}, ""actor_type"": ""user""}"
2026-02-15T15:00:00,2026-02-15T16:00:00,0.1085,ALL_PURPOSE,123456789,"{""run_as"": {""email"": ""user11@example.com""}, ""actor_type"": ""user""}"
2026-02-15T16:00:00,2026-02-15T17:00:00,0.264,ALL_PURPOSE,123456789,"{""run_as"": {""email"": ""user11@example.com""}, ""actor_type"": ""user""}"
2026-02-15T17:00:00,2026-02-15T18:00:00,0.0076,ALL_PURPOSE,123456789,"{""run_as"": {""email"": ""user11@example.com""}, ""actor_type"": ""user""}"
2026-02-15T18:00:00,2026-02-15T19:00:00,0.2598,ALL_PURPOSE,123456789,"{""run_as"": {""email"": ""user11@example.com""}, ""actor_type"": ""user""}"
2026-02-15T19:00:00,2026-02-15T20:00:00,0.1523,ALL_PURPOSE,123456789,"{""run_as"": {""email"": ""user11@example.com""}, ""actor_type"": ""user""}"
2026-02-15T20:00:00,2026-02-15T21:00:00,0.0398,ALL_PURPOSE,123456789,"{""run_as"": {""email"": ""user11@example.com""}, ""actor_type"": ""user""}"
2026-02-15T21:00:00,2026-02-15T22:00:00,0.3467,ALL_PURPOSE,123456789,"{""run_as"": {""email"": ""user11@example.com""}, ""actor_type"": ""user""}"
2026-02-15T22:00:00,2026-02-15T23:00:00,0.0746,ALL_PURPOSE,123456789,"{""run_as"": {""email"": ""user11@example.com""}, ""actor_type"": ""user""}"
2026-02-15T23:00:00,2026-02-16T00:00:00,0.6437,ALL_PURPOSE,123456789,"{""run_as"": {""email"": ""user11@example.com""}, ""actor_type"": ""user""}"
2026-02-16T00:00:00,2026-02-16T01:00:00,0.1334,ALL_PURPOSE,123456789,"{""run_as"": {""email"": ""user11@example.com""}, ""actor_type"": ""user""}"
2026-02-16T01:00:00,2026-02-16T02:00:00,0.1387,ALL_PURPOSE,123456789,"{""run_as"": {""email"": ""user11@example.com""}, ""actor_type"": ""user""}"
2026-02-16T02:00:00,2026-02-16T03:00:00,0.0945,ALL_PURPOSE,123456789,"{""run_as"": {""email"": ""user11@example.com""}, ""actor_type"": ""user""}"
2026-02-16T03:00:00,2026-02-16T04:00:00,0.3248,ALL_PURPOSE,123456789,"{""run_as"": {""email"": ""user11@example.com""}, ""actor_type"": ""user""}"
2026-02-16T04:00:00,2026-02-16T05:00:00,0.0,ALL_PURPOSE,123456789,"{""run_as"": {""email"": ""user11@example.com""}, ""actor_type"": ""user""}"
2026-02-16T05:00:00,2026-02-16T06:00:00,0.4282,ALL_PURPOSE,123456789,"{""run_as"": {""email"": ""user11@example.com""}, ""actor_type"": ""user""}"
2026-02-16T06:00:00,2026-02-16T07:00:00,0.0,ALL_PURPOSE,123456789,"{""run_as"": {""email"": ""user11@example.com""}, ""actor_type"": ""user""}"
2026-02-16T07:00:00,2026-02-16T08:00:00,0.1529,ALL_PURPOSE,123456789,"{""run_as"": {""email"": ""user11@example.com""}, ""actor_type"": ""user""}"
2026-02-16T08:00:00,2026-02-16T09:00:00,0.245,ALL_PURPOSE,123456789,"{""run_as"": {""email"": ""user11@example.com""}, ""actor_type"": ""user""}"
2026-02-16T09:00:00,2026-02-16T10:00:00,0.091,ALL_PURPOSE,123456789,"{""run_as"": {""email"": ""user11@example.com""}, ""actor_type"": ""user""}"
2026-02-16T10:00:00,2026-02-16T11:00:00,0.0611,ALL_PURPOSE,123456789,"{""run_as"": {""email"": ""user11@example.com""}, ""actor_type"": ""user""}"
2026-02-16T11:00:00,2026-02-16T12:00:00,0.3639,ALL_PURPOSE,123456789,"{""run_as"": {""email"": ""user11@example.com""}, ""actor_type"": ""user""}"
2026-02-16T12:00:00,2026-02-16T13:00:00,0.2169,ALL_PURPOSE,123456789,"{""run_as"": {""email"": ""user11@example.com""}, ""actor_type"": ""user""}"
2026-02-16T13:00:00,2026-02-16T14:00:00,0.0554,ALL_PURPOSE,123456789,"{""run_as"": {""email"": ""user11@example.com""}, ""actor_type"": ""user""}"
2026-02-16T14:00:00,2026-02-16T15:00:00,0.32,ALL_PURPOSE,123456789,"{""run_as"": {""email"": ""user11@example.com""}, ""actor_type"": ""user""}"
2026-02-16T15:00:00,2026-02-16T16:00:00,0.1236,ALL_PURPOSE,123456789,"{""run_as"": {""email"": ""user11@example.com""}, ""actor_type"": ""user""}"
2026-02-16T16:00:00,2026-02-16T17:00:00,0.0,ALL_PURPOSE,123456789,"{""run_as"": {""email"": ""user11@example.com""}, ""actor_type"": ""user""}"
2026-02-16T17:00:00,2026-02-16T18:00:00,0.3983,ALL_PURPOSE,123456789,"{""run_as"": {""email"": ""user11@example.com""}, ""actor_type"": ""user""}"
2026-02-16T18:00:00,2026-02-16T19:00:00,0.0581,ALL_PURPOSE,123456789,"{""run_as"": {""email"": ""user11@example.com""}, ""actor_type"": ""user""}"
2026-02-16T19:00:00,2026-02-16T20:00:00,0.3668,ALL_PURPOSE,123456789,"{""run_as"": {""email"": ""user11@example.com""}, ""actor_type"": ""user""}"
2026-02-16T20:00:00,2026-02-16T21:00:00,0.2229,ALL_PURPOSE,123456789,"{""run_as"": {""email"": ""user11@example.com""}, ""actor_type"": ""user""}"
2026-02-16T21:00:00,2026-02-16T22:00:00,0.0474,ALL_PURPOSE,123456789,"{""run_as"": {""email"": ""user11@example.com""}, ""actor_type"": ""user""}"
2026-02-16T22:00:00,2026-02-16T23:00:00,0.3519,ALL_PURPOSE,123456789,"{""run_as"": {""email"": ""user11@example.com""}, ""actor_type"": ""user""}"
2026-02-16T23:00:00,2026-02-17T00:00:00,0.3521,ALL_PURPOSE,123456789,"{""run_as"": {""email"": ""user11@example.com""}, ""actor_type"": ""user""}"
2026-02-17T00:00:00,2026-02-17T01:00:00,0.1772,ALL_PURPOSE,123456789,"{""run_as"": {""email"": ""user11@example.com""}, ""actor_type"": ""user""}"
2026-02-17T01:00:00,2026-02-17T02:00:00,0.0,ALL_PURPOSE,123456789,"{""run_as"": {""email"": ""user11@example.com""}, ""actor_type"": ""user""}"
2026-02-17T02:00:00,2026-02-17T03:00:00,0.0739,ALL_PURPOSE,123456789,"{""run_as"": {""email"": ""user11@example.com""}, ""actor_type"": ""user""}"
2026-02-17T03:00:00,2026-02-17T04:00:00,0.1067,ALL_PURPOSE,123456789,"{""run_as"": {""email"": ""user11@example.com""}, ""actor_type"": ""user""}"
2026-02-17T04:00:00,2026-02-17T05:00:00,0.0929,ALL_PURPOSE,123456789,"{""run_as"": {""email"": ""user11@example.com""}, ""actor_type"": ""user""}"
2026-02-17T05:00:00,2026-02-17T06:00:00,0.2753,ALL_PURPOSE,123456789,"{""run_as"": {""email"": ""user11@example.com""}, ""actor_type"": ""user""}"
2026-02-17T06:00:00,2026-02-17T07:00:00,0.2419,ALL_PURPOSE,123456789,"{""run_as"": {""email"": ""user11@example.com""}, ""actor_type"": ""user""}"
2026-02-17T07:00:00,2026-02-17T08:00:00,0.1496,ALL_PURPOSE,123456789,"{""run_as"": {""email"": ""user11@example.com""}, ""actor_type"": ""user""}"
2026-02-17T08:00:00,2026-02-17T09:00:00,0.0,ALL_PURPOSE,123456789,"{""run_as"": {""email"": ""user11@example.com""}, ""actor_type"": ""user""}"
2026-02-17T09:00:00,2026-02-17T10:00:00,0.0,ALL_PURPOSE,123456789,"{""run_as"": {""email"": ""user11@example.com""}, ""actor_type"": ""user""}"
2026-02-17T10:00:00,2026-02-17T11:00:00,0.0,ALL_PURPOSE,123456789,"{""run_as"": {""email"": ""user11@example.com""}, ""actor_type"": ""user""}"
2026-02-17T11:00:00,2026-02-17T12:00:00,0.1079,ALL_PURPOSE,123456789,"{""run_as"": {""email"": ""user11@example.com""}, ""actor_type"": ""user""}"
2026-02-17T12:00:00,2026-02-17T13:00:00,0.2969,ALL_PURPOSE,123456789,"{""run_as"": {""email"": ""user11@example.com""}, ""actor_type"": ""user""}"
2026-02-17T13:00:00,2026-02-17T14:00:00,0.0,ALL_PURPOSE,123456789,"{""run_as"": {""email"": ""user11@example.com""}, ""actor_type"": ""user""}"
2026-02-17T14:00:00,2026-02-17T15:00:00,0.3708,ALL_PURPOSE,123456789,"{""run_as"": {""email"": ""user11@example.com""}, ""actor_type"": ""user""}"
2026-02-17T15:00:00,2026-02-17T16:00:00,0.3469,ALL_PURPOSE,123456789,"{""run_as"": {""email"": ""user11@example.com""}, ""actor_type"": ""user""}"
2026-02-17T16:00:00,2026-02-17T17:00:00,0.13,ALL_PURPOSE,123456789,"{""run_as"": {""email"": ""user11@example.com""}, ""actor_type"": ""user""}"
2026-02-17T17:00:00,2026-02-17T18:00:00,0.0987,ALL_PURPOSE,123456789,"{""run_as"": {""email"": ""user11@example.com""}, ""actor_type"": ""user""}"
2026-02-17T18:00:00,2026-02-17T19:00:00,0.0167,ALL_PURPOSE,123456789,"{""run_as"": {""email"": ""user11@example.com""}, ""actor_type"": ""user""}"
2026-02-17T19:00:00,2026-02-17T20:00:00,0.1521,ALL_PURPOSE,123456789,"{""run_as"": {""email"": ""user11@example.com""}, ""actor_type"": ""user""}"
2026-02-17T20:00:00,2026-02-17T21:00:00,0.2446,ALL_PURPOSE,123456789,"{""run_as"": {""email"": ""user11@example.com""}, ""actor_type"": ""user""}"
2026-02-17T21:00:00,2026-02-17T22:00:00,0.2375,ALL_PURPOSE,123456789,"{""run_as"": {""email"": ""user11@example.com""}, ""actor_type"": ""user""}"
2026-02-17T22:00:00,2026-02-17T23:00:00,0.3503,ALL_PURPOSE,123456789,"{""run_as"": {""email"": ""user11@example.com""}, ""actor_type"": ""user""}"
2026-02-17T23:00:00,2026-02-18T00:00:00,0.0,ALL_PURPOSE,123456789,"{""run_as"": {""email"": ""user11@example.com""}, ""actor_type"": ""user""}"
2026-02-18T00:00:00,2026-02-18T01:00:00,0.3983,ALL_PURPOSE,123456789,"{""run_as"": {""email"": ""user11@example.com""}, ""actor_type"": ""user""}"
2026-02-18T01:00:00,2026-02-18T02:00:00,0.2941,ALL_PURPOSE,123456789,"{""run_as"": {""email"": ""user11@example.com""}, ""actor_type"": ""user""}"
2026-02-18T02:00:00,2026-02-18T03:00:00,0.5561,ALL_PURPOSE,123456789,"{""run_as"": {""email"": ""user11@example.com""}, ""actor_type"": ""user""}"
2026-02-18T03:00:00,2026-02-18T04:00:00,0.1218,ALL_PURPOSE,123456789,"{""run_as"": {""email"": ""user11@example.com""}, ""actor_type"": ""user""}"
2026-02-18T04:00:00,2026-02-18T05:00:00,0.0,ALL_PURPOSE,123456789,"{""run_as"": {""email"": ""user11@example.com""}, ""actor_type"": ""user""}"
2026-02-18T05:00:00,2026-02-18T06:00:00,0.8877,ALL_PURPOSE,123456789,"{""run_as"": {""email"": ""user11@example.com""}, ""actor_type"": ""user""}"
2026-02-18T06:00:00,2026-02-18T07:00:00,0.0,ALL_PURPOSE,123456789,"{""run_as"": {""email"": ""user11@example.com""}, ""actor_type"": ""user""}"
2026-02-18T07:00:00,2026-02-18T08:00:00,0.3115,ALL_PURPOSE,123456789,"{""run_as"": {""email"": ""user11@example.com""}, ""actor_type"": ""user""}"
2026-02-18T08:00:00,2026-02-18T09:00:00,0.0,ALL_PURPOSE,123456789,"{""run_as"": {""email"": ""user11@example.com""}, ""actor_type"": ""user""}"
2026-02-18T09:00:00,2026-02-18T10:00:00,0.1654,ALL_PURPOSE,123456789,"{""run_as"": {""email"": ""user11@example.com""}, ""actor_type"": ""user""}"
2026-02-18T10:00:00,2026-02-18T11:00:00,0.0716,ALL_PURPOSE,123456789,"{""run_as"": {""email"": ""user11@example.com""}, ""actor_type"": ""user""}"
2026-02-18T11:00:00,2026-02-18T12:00:00,0.2851,ALL_PURPOSE,123456789,"{""run_as"": {""email"": ""user11@example.com""}, ""actor_type"": ""user""}"
2026-02-18T12:00:00,2026-02-18T13:00:00,0.1819,ALL_PURPOSE,123456789,"{""run_as"": {""email"": ""user11@example.com""}, ""actor_type"": ""user""}"
2026-02-18T13:00:00,2026-02-18T14:00:00,0.2767,ALL_PURPOSE,123456789,"{""run_as"": {""email"": ""user11@example.com""}, ""actor_type"": ""user""}"
2026-02-18T14:00:00,2026-02-18T15:00:00,0.3186,ALL_PURPOSE,123456789,"{""run_as"": {""email"": ""user11@example.com""}, ""actor_type"": ""user""}"
2026-02-18T15:00:00,2026-02-18T16:00:00,0.0,ALL_PURPOSE,123456789,"{""run_as"": {""email"": ""user11@example.com""}, ""actor_type"": ""user""}"
2026-02-18T16:00:00,2026-02-18T17:00:00,0.1798,ALL_PURPOSE,123456789,"{""run_as"": {""email"": ""user11@example.com""}, ""actor_type"": ""user""}"
2026-02-18T17:00:00,2026-02-18T18:00:00,0.2095,ALL_PURPOSE,123456789,"{""run_as"": {""email"": ""user11@example.com""}, ""actor_type"": ""user""}"
2026-02-18T18:00:00,2026-02-18T19:00:00,0.3164,ALL_PURPOSE,123456789,"{""run_as"": {""email"": ""user11@example.com""}, ""actor_type"": ""user""}"
2026-02-18T19:00:00,2026-02-18T20:00:00,0.3799,ALL_PURPOSE,123456789,"{""run_as"": {""email"": ""user11@example.com""}, ""actor_type"": ""user""}"
2026-02-18T20:00:00,2026-02-18T21:00:00,0.1522,ALL_PURPOSE,123456789,"{""run_as"": {""email"": ""user11@example.com""}, ""actor_type"": ""user""}"
2026-02-18T21:00:00,2026-02-18T22:00:00,0.3649,ALL_PURPOSE,123456789,"{""run_as"": {""email"": ""user11@example.com""}, ""actor_type"": ""user""}"
2026-02-18T22:00:00,2026-02-18T23:00:00,0.972,ALL_PURPOSE,123456789,"{""run_as"": {""email"": ""user11@example.com""}, ""actor_type"": ""user""}"
2026-02-18T23:00:00,2026-02-19T00:00:00,0.2848,ALL_PURPOSE,123456789,"{""run_as"": {""email"": ""user11@example.com""}, ""actor_type"": ""user""}"
2026-02-19T00:00:00,2026-02-19T01:00:00,0.3075,ALL_PURPOSE,123456789,"{""run_as"": {""email"": ""user11@example.com""}, ""actor_type"": ""user""}"
2026-02-19T01:00:00,2026-02-19T02:00:00,0.289,ALL_PURPOSE,123456789,"{""run_as"": {""email"": ""user11@example.com""}, ""actor_type"": ""user""}"
2026-02-19T02:00:00,2026-02-19T03:00:00,0.1012,ALL_PURPOSE,123456789,"{""run_as"": {""email"": ""user11@example.com""}, ""actor_type"": ""user""}"
2026-02-19T03:00:00,2026-02-19T04:00:00,0.9353,ALL_PURPOSE,123456789,"{""run_as"": {""email"": ""user11@example.com""}, ""actor_type"": ""user""}"
2026-02-19T04:00:00,2026-02-19T05:00:00,0.2355,ALL_PURPOSE,123456789,"{""run_as"": {""email"": ""user11@example.com""}, ""actor_type"": ""user""}"
2026-02-19T05:00:00,2026-02-19T06:00:00,0.0318,ALL_PURPOSE,123456789,"{""run_as"": {""email"": ""user11@example.com""}, ""actor_type"": ""user""}"
2026-02-19T06:00:00,2026-02-19T07:00:00,0.2189,ALL_PURPOSE,123456789,"{""run_as"": {""email"": ""user11@example.com""}, ""actor_type"": ""user""}"
2026-02-19T07:00:00,2026-02-19T08:00:00,0.223,ALL_PURPOSE,123456789,"{""run_as"": {""email"": ""user11@example.com""}, ""actor_type"": ""user""}"
2026-02-19T08:00:00,2026-02-19T09:00:00,0.0,ALL_PURPOSE,123456789,"{""run_as"": {""email"": ""user11@example.com""}, ""actor_type"": ""user""}"
2026-02-19T09:00:00,2026-02-19T10:00:00,0.0,ALL_PURPOSE,123456789,"{""run_as"": {""email"": ""user11@example.com""}, ""actor_type"": ""user""}"
2026-02-19T10:00:00,2026-02-19T11:00:00,0.3415,ALL_PURPOSE,123456789,"{""run_as"": {""email"": ""user11@example.com""}, ""actor_type"": ""user""}"
2026-02-19T11:00:00,2026-02-19T12:00:00,0.3352,ALL_PURPOSE,123456789,"{""run_as"": {""email"": ""user11@example.com""}, ""actor_type"": ""user""}"
2026-02-19T12:00:00,2026-02-19T13:00:00,0.0,ALL_PURPOSE,123456789,"{""run_as"": {""email"": ""user11@example.com""}, ""actor_type"": ""user""}"
2026-02-19T13:00:00,2026-02-19T14:00:00,0.1668,ALL_PURPOSE,123456789,"{""run_as"": {""email"": ""user11@example.com""}, ""actor_type"": ""user""}"
2026-02-19T14:00:00,2026-02-19T15:00:00,0.2688,ALL_PURPOSE,123456789,"{""run_as"": {""email"": ""user11@example.com""}, ""actor_type"": ""user""}"
2026-02-19T15:00:00,2026-02-19T16:00:00,0.2766,ALL_PURPOSE,123456789,"{""run_as"": {""email"": ""user11@example.com""}, ""actor_type"": ""user""}"
2026-02-19T16:00:00,2026-02-19T17:00:00,0.3149,ALL_PURPOSE,123456789,"{""run_as"": {""email"": ""user11@example.com""}, ""actor_type"": ""user""}"
2026-02-19T17:00:00,2026-02-19T18:00:00,0.1821,ALL_PURPOSE,123456789,"{""run_as"": {""email"": ""user11@example.com""}, ""actor_type"": ""user""}"
2026-02-19T18:00:00,2026-02-19T19:00:00,0.0,ALL_PURPOSE,123456789,"{""run_as"": {""email"": ""user11@example.com""}, ""actor_type"": ""user""}"
2026-02-19T19:00:00,2026-02-19T20:00:00,0.1197,ALL_PURPOSE,123456789,"{""run_as"": {""email"": ""user11@example.com""}, ""actor_type"": ""user""}"
2026-02-19T20:00:00,2026-02-19T21:00:00,0.0,ALL_PURPOSE,123456789,"{""run_as"": {""email"": ""user11@example.com""}, ""actor_type"": ""user""}"
2026-02-19T21:00:00,2026-02-19T22:00:00,0.1709,ALL_PURPOSE,123456789,"{""run_as"": {""email"": ""user11@example.com""}, ""actor_type"": ""user""}"
2026-02-19T22:00:00,2026-02-19T23:00:00,0.7034,ALL_PURPOSE,123456789,"{""run_as"": {""email"": ""user11@example.com""}, ""actor_type"": ""user""}"
2026-02-19T23:00:00,2026-02-20T00:00:00,0.2108,ALL_PURPOSE,123456789,"{""run_as"": {""email"": ""user11@example.com""}, ""actor_type"": ""user""}"
2026-02-20T00:00:00,2026-02-20T01:00:00,0.8556,ALL_PURPOSE,123456789,"{""run_as"": {""email"": ""user11@example.com""}, ""actor_type"": ""user""}"
2026-02-20T01:00:00,2026-02-20T02:00:00,0.3949,ALL_PURPOSE,123456789,"{""run_as"": {""email"": ""user11@example.com""}, ""actor_type"": ""user""}"
2026-02-20T02:00:00,2026-02-20T03:00:00,0.3736,ALL_PURPOSE,123456789,"{""run_as"": {""email"": ""user11@example.com""}, ""actor_type"": ""user""}"
2026-02-20T03:00:00,2026-02-20T04:00:00,0.7113,ALL_PURPOSE,123456789,"{""run_as"": {""email"": ""user11@example.com""}, ""actor_type"": ""user""}"
2026-02-20T04:00:00,2026-02-20T05:00:00,0.6354,ALL_PURPOSE,123456789,"{""run_as"": {""email"": ""user11@example.com""}, ""actor_type"": ""user""}"
2026-02-20T05:00:00,2026-02-20T06:00:00,0.2527,ALL_PURPOSE,123456789,"{""run_as"": {""email"": ""user11@example.com""}, ""actor_type"": ""user""}"
2026-02-20T06:00:00,2026-02-20T07:00:00,0.2438,ALL_PURPOSE,123456789,"{""run_as"": {""email"": ""user11@example.com""}, ""actor_type"": ""user""}"
2026-02-20T07:00:00,2026-02-20T08:00:00,0.0,ALL_PURPOSE,123456789,"{""run_as"": {""email"": ""user11@example.com""}, ""actor_type"": ""user""}"
2026-02-20T08:00:00,2026-02-20T09:00:00,0.0096,ALL_PURPOSE,123456789,"{""run_as"": {""email"": ""user11@example.com""}, ""actor_type"": ""user""}"
2026-02-20T09:00:00,2026-02-20T10:00:00,0.0472,ALL_PURPOSE,123456789,"{""run_as"": {""email"": ""user11@example.com""}, ""actor_type"": ""user""}"
2026-02-20T10:00:00,2026-02-20T11:00:00,0.3198,ALL_PURPOSE,123456789,"{""run_as"": {""email"": ""user11@example.com""}, ""actor_type"": ""user""}"
2026-02-20T11:00:00,2026-02-20T12:00:00,0.1656,ALL_PURPOSE,123456789,"{""run_as"": {""email"": ""user11@example.com""}, ""actor_type"": ""user""}"
2026-02-20T12:00:00,2026-02-20T13:00:00,0.2242,ALL_PURPOSE,123456789,"{""run_as"": {""email"": ""user11@example.com""}, ""actor_type"": ""user""}"
2026-02-20T13:00:00,2026-02-20T14:00:00,0.0045,ALL_PURPOSE,123456789,"{""run_as"": {""email"": ""user11@example.com""}, ""actor_type"": ""user""}"
2026-02-20T14:00:00,2026-02-20T15:00:00,0.1127,ALL_PURPOSE,123456789,"{""run_as"": {""email"": ""user11@example.com""}, ""actor_type"": ""user""}"
2026-02-20T15:00:00,2026-02-20T16:00:00,0.1231,ALL_PURPOSE,123456789,"{""run_as"": {""email"": ""user11@example.com""}, ""actor_type"": ""user""}"
2026-02-20T16:00:00,2026-02-20T17:00:00,0.0,ALL_PURPOSE,123456789,"{""run_as"": {""email"": ""user11@example.com""}, ""actor_type"": ""user""}"
2026-02-13T17:00:00,2026-02-13T18:00:00,0.2743,ALL_PURPOSE,123456789,"{""run_as"": {""email"": ""user12@example.com""}, ""actor_type"": ""user""}"
2026-02-13T18:00:00,2026-02-13T19:00:00,0.2898,ALL_PURPOSE,123456789,"{""run_as"": {""email"": ""user12@example.com""}, ""actor_type"": ""user""}"
2026-02-13T19:00:00,2026-02-13T20:00:00,0.0116,ALL_PURPOSE,123456789,"{""run_as"": {""email"": ""user12@example.com""}, ""actor_type"": ""user""}"
2026-02-13T20:00:00,2026-02-13T21:00:00,0.1322,ALL_PURPOSE,123456789,"{""run_as"": {""email"": ""user12@example.com""}, ""actor_type"": ""user""}"
2026-02-13T21:00:00,2026-02-13T22:00:00,0.269,ALL_PURPOSE,123456789,"{""run_as"": {""email"": ""user12@example.com""}, ""actor_type"": ""user""}"
2026-02-13T22:00:00,2026-02-13T23:00:00,0.3189,ALL_PURPOSE,123456789,"{""run_as"": {""email"": ""user12@example.com""}, ""actor_type"": ""user""}"
2026-02-13T23:00:00,2026-02-14T00:00:00,0.2509,ALL_PURPOSE,123456789,"{""run_as"": {""email"": ""user12@example.com""}, ""actor_type"": ""user""}"
2026-02-14T00:00:00,2026-02-14T01:00:00,0.134,ALL_PURPOSE,123456789,"{""run_as"": {""email"": ""user12@example.com""}, ""actor_type"": ""user""}"
2026-02-14T01:00:00,2026-02-14T02:00:00,0.297,ALL_PURPOSE,123456789,"{""run_as"": {""email"": ""user12@example.com""}, ""actor_type"": ""user""}"
2026-02-14T02:00:00,2026-02-14T03:00:00,0.7651,ALL_PURPOSE,123456789,"{""run_as"": {""email"": ""user12@example.com""}, ""actor_type"": ""user""}"
2026-02-14T03:00:00,2026-02-14T04:00:00,0.2742,ALL_PURPOSE,123456789,"{""run_as"": {""email"": ""user12@example.com""}, ""actor_type"": ""user""}"
2026-02-14T04:00:00,2026-02-14T05:00:00,0.1414,ALL_PURPOSE,123456789,"{""run_as"": {""email"": ""user12@example.com""}, ""actor_type"": ""user""}"
2026-02-14T05:00:00,2026-02-14T06:00:00,0.0125,ALL_PURPOSE,123456789,"{""run_as"": {""email"": ""user12@example.com""}, ""actor_type"": ""user""}"
2026-02-14T06:00:00,2026-02-14T07:00:00,0.337,ALL_PURPOSE,123456789,"{""run_as"": {""email"": ""user12@example.com""}, ""actor_type"": ""user""}"
2026-02-14T07:00:00,2026-02-14T08:00:00,0.1558,ALL_PURPOSE,123456789,"{""run_as"": {""email"": ""user12@example.com""}, ""actor_type"": ""user""}"
2026-02-14T08:00:00,2026-02-14T09:00:00,0.3458,ALL_PURPOSE,123456789,"{""run_as"": {""email"": ""user12@example.com""}, ""actor_type"": ""user""}"
2026-02-14T09:00:00,2026-02-14T10:00:00,0.2821,ALL_PURPOSE,123456789,"{""run_as"": {""email"": ""user12@example.com""}, ""actor_type"": ""user""}"
2026-02-14T10:00:00,2026-02-14T11:00:00,0.0127,ALL_PURPOSE,123456789,"{""run_as"": {""email"": ""user12@example.com""}, ""actor_type"": ""user""}"
2026-02-14T11:00:00,2026-02-14T12:00:00,0.1988,ALL_PURPOSE,123456789,"{""run_as"": {""email"": ""user12@example.com""}, ""actor_type"": ""user""}"
2026-02-14T12:00:00,2026-02-14T13:00:00,0.1808,ALL_PURPOSE,123456789,"{""run_as"": {""email"": ""user12@example.com""}, ""actor_type"": ""user""}"
2026-02-14T13:00:00,2026-02-14T14:00:00,0.0865,ALL_PURPOSE,123456789,"{""run_as"": {""email"": ""user12@example.com""}, ""actor_type"": ""user""}"
2026-02-14T14:00:00,2026-02-14T15:00:00,0.0449,ALL_PURPOSE,123456789,"{""run_as"": {""email"": ""user12@example.com""}, ""actor_type"": ""user""}"
2026-02-14T15:00:00,2026-02-14T16:00:00,0.3111,ALL_PURPOSE,123456789,"{""run_as"": {""email"": ""user12@example.com""}, ""actor_type"": ""user""}"
2026-02-14T16:00:00,2026-02-14T17:00:00,0.0,ALL_PURPOSE,123456789,"{""run_as"": {""email"": ""user12@example.com""}, ""actor_type"": ""user""}"
2026-02-14T17:00:00,2026-02-14T18:00:00,0.1931,ALL_PURPOSE,123456789,"{""run_as"": {""email"": ""user12@example.com""}, ""actor_type"": ""user""}"
2026-02-14T18:00:00,2026-02-14T19:00:00,0.0761,ALL_PURPOSE,123456789,"{""run_as"": {""email"": ""user12@example.com""}, ""actor_type"": ""user""}"
2026-02-14T19:00:00,2026-02-14T20:00:00,0.293,ALL_PURPOSE,123456789,"{""run_as"": {""email"": ""user12@example.com""}, ""actor_type"": ""user""}"
2026-02-14T20:00:00,2026-02-14T21:00:00,0.0,ALL_PURPOSE,123456789,"{""run_as"": {""email"": ""user12@example.com""}, ""actor_type"": ""user""}"
2026-02-14T21:00:00,2026-02-14T22:00:00,0.3487,ALL_PURPOSE,123456789,"{""run_as"": {""email"": ""user12@example.com""}, ""actor_type"": ""user""}"
2026-02-14T22:00:00,2026-02-14T23:00:00,0.0,ALL_PURPOSE,123456789,"{""run_as"": {""email"": ""user12@example.com""}, ""actor_type"": ""user""}"
2026-02-14T23:00:00,2026-02-15T00:00:00,0.2898,ALL_PURPOSE,123456789,"{""run_as"": {""email"": ""user12@example.com""}, ""actor_type"": ""user""}"
2026-02-15T00:00:00,2026-02-15T01:00:00,0.9616,ALL_PURPOSE,123456789,"{""run_as"": {""email"": ""user12@example.com""}, ""actor_type"": ""user""}"
2026-02-15T01:00:00,2026-02-15T02:00:00,0.0,ALL_PURPOSE,123456789,"{""run_as"": {""email"": ""user12@example.com""}, ""actor_type"": ""user""}"
2026-02-15T02:00:00,2026-02-15T03:00:00,0.2082,ALL_PURPOSE,123456789,"{""run_as"": {""email"": ""user12@example.com""}, ""actor_type"": ""user""}"
2026-02-15T03:00:00,2026-02-15T04:00:00,0.9555,ALL_PURPOSE,123456789,"{""run_as"": {""email"": ""user12@example.com""}, ""actor_type"": ""user""}"
2026-02-15T04:00:00,2026-02-15T05:00:00,0.4004,ALL_PURPOSE,123456789,"{""run_as"": {""email"": ""user12@example.com""}, ""actor_type"": ""user""}"
2026-02-15T05:00:00,2026-02-15T06:00:00,0.0,ALL_PURPOSE,123456789,"{""run_as"": {""email"": ""user12@example.com""}, ""actor_type"": ""user""}"
2026-02-15T06:00:00,2026-02-15T07:00:00,0.2492,ALL_PURPOSE,123456789,"{""run_as"": {""email"": ""user12@example.com""}, ""actor_type"": ""user""}"
2026-02-15T07:00:00,2026-02-15T08:00:00,0.0826,ALL_PURPOSE,123456789,"{""run_as"": {""email"": ""user12@example.com""}, ""actor_type"": ""user""}"
2026-02-15T08:00:00,2026-02-15T09:00:00,0.0,ALL_PURPOSE,123456789,"{""run_as"": {""email"": ""user12@example.com""}, ""actor_type"": ""user""}"
2026-02-15T09:00:00,2026-02-15T10:00:00,0.2817,ALL_PURPOSE,123456789,"{""run_as"": {""email"": ""user12@example.com""}, ""actor_type"": ""user""}"
2026-02-15T10:00:00,2026-02-15T11:00:00,0.0,ALL_PURPOSE,123456789,"{""run_as"": {""email"": ""user12@example.com""}, ""actor_type"": ""user""}"
2026-02-15T11:00:00,2026-02-15T12:00:00,0.2453,ALL_PURPOSE,123456789,"{""run_as"": {""email"": ""user12@example.com""}, ""actor_type"": ""user""}"
2026-02-15T12:00:00,2026-02-15T13:00:00,0.0,ALL_PURPOSE,123456789,"{""run_as"": {""email"": ""user12@example.com""}, ""actor_type"": ""user""}"
2026-02-15T13:00:00,2026-02-15T14:00:00,0.1883,ALL_PURPOSE,123456789,"{""run_as"": {""email"": ""user12@example.com""}, ""actor_type"": ""user""}"
2026-02-15T14:00:00,2026-02-15T15:00:00,0.0,ALL_PURPOSE,123456789,"{""run_as"": {""email"": ""user12@example.com""}, ""actor_type"": ""user""}"
2026-02-15T15:00:00,2026-02-15T16:00:00,0.1706,ALL_PURPOSE,123456789,"{""run_as"": {""email"": ""user12@example.com""}, ""actor_type"": ""user""}"
2026-02-15T16:00:00,2026-02-15T17:00:00,0.2384,ALL_PURPOSE,123456789,"{""run_as"": {""email"": ""user12@example.com""}, ""actor_type"": ""user""}"
2026-02-15T17:00:00,2026-02-15T18:00:00,0.3345,ALL_PURPOSE,123456789,"{""run_as"": {""email"": ""user12@example.com""}, ""actor_type"": ""user""}"
2026-02-15T18:00:00,2026-02-15T19:00:00,0.2465,ALL_PURPOSE,123456789,"{""run_as"": {""email"": ""user12@example.com""}, ""actor_type"": ""user""}"
2026-02-15T19:00:00,2026-02-15T20:00:00,0.327,ALL_PURPOSE,123456789,"{""run_as"": {""email"": ""user12@example.com""}, ""actor_type"": ""user""}"
2026-02-15T20:00:00,2026-02-15T21:00:00,0.2683,ALL_PURPOSE,123456789,"{""run_as"": {""email"": ""user12@example.com""}, ""actor_type"": ""user""}"
2026-02-15T21:00:00,2026-02-15T22:00:00,0.3895,ALL_PURPOSE,123456789,"{""run_as"": {""email"": ""user12@example.com""}, ""actor_type"": ""user""}"
2026-02-15T22:00:00,2026-02-15T23:00:00,0.8553,ALL_PURPOSE,123456789,"{""run_as"": {""email"": ""user12@example.com""}, ""actor_type"": ""user""}"
2026-02-15T23:00:00,2026-02-16T00:00:00,0.1873,ALL_PURPOSE,123456789,"{""run_as"": {""email"": ""user12@example.com""}, ""actor_type"": ""user""}"
2026-02-16T00:00:00,2026-02-16T01:00:00,0.2841,ALL_PURPOSE,123456789,"{""run_as"": {""email"": ""user12@example.com""}, ""actor_type"": ""user""}"
2026-02-16T01:00:00,2026-02-16T02:00:00,0.0895,ALL_PURPOSE,123456789,"{""run_as"": {""email"": ""user12@example.com""}, ""actor_type"": ""user""}"
2026-02-16T02:00:00,2026-02-16T03:00:00,0.3651,ALL_PURPOSE,123456789,"{""run_as"": {""email"": ""user12@example.com""}, ""actor_type"": ""user""}"
2026-02-16T03:00:00,2026-02-16T04:00:00,0.2661,ALL_PURPOSE,123456789,"{""run_as"": {""email"": ""user12@example.com""}, ""actor_type"": ""user""}"
2026-02-16T04:00:00,2026-02-16T05:00:00,0.614,ALL_PURPOSE,123456789,"{""run_as"": {""email"": ""user12@example.com""}, ""actor_type"": ""user""}"
2026-02-16T05:00:00,2026-02-16T06:00:00,0.8221,ALL_PURPOSE,123456789,"{""run_as"": {""email"": ""user12@example.com""}, ""actor_type"": ""user""}"
2026-02-16T06:00:00,2026-02-16T07:00:00,0.0,ALL_PURPOSE,123456789,"{""run_as"": {""email"": ""user12@example.com""}, ""actor_type"": ""user""}"
2026-02-16T07:00:00,2026-02-16T08:00:00,0.327,ALL_PURPOSE,123456789,"{""run_as"": {""email"": ""user12@example.com""}, ""actor_type"": ""user""}"
2026-02-16T08:00:00,2026-02-16T09:00:00,0.1303,ALL_PURPOSE,123456789,"{""run_as"": {""email"": ""user12@example.com""}, ""actor_type"": ""user""}"
2026-02-16T09:00:00,2026-02-16T10:00:00,0.317,ALL_PURPOSE,123456789,"{""run_as"": {""email"": ""user12@example.com""}, ""actor_type"": ""user""}"
2026-02-16T10:00:00,2026-02-16T11:00:00,0.1603,ALL_PURPOSE,123456789,"{""run_as"": {""email"": ""user12@example.com""}, ""actor_type"": ""user""}"
2026-02-16T11:00:00,2026-02-16T12:00:00,0.2483,ALL_PURPOSE,123456789,"{""run_as"": {""email"": ""user12@example.com""}, ""actor_type"": ""user""}"
2026-02-16T12:00:00,2026-02-16T13:00:00,0.3896,ALL_PURPOSE,123456789,"{""run_as"": {""email"": ""user12@example.com""}, ""actor_type"": ""user""}"
2026-02-16T13:00:00,2026-02-16T14:00:00,0.1363,ALL_PURPOSE,123456789,"{""run_as"": {""email"": ""user12@example.com""}, ""actor_type"": ""user""}"
2026-02-16T14:00:00,2026-02-16T15:00:00,0.2364,ALL_PURPOSE,123456789,"{""run_as"": {""email"": ""user12@example.com""}, ""actor_type"": ""user""}"
2026-02-16T15:00:00,2026-02-16T16:00:00,0.1741,ALL_PURPOSE,123456789,"{""run_as"": {""email"": ""user12@example.com""}, ""actor_type"": ""user""}"
2026-02-16T16:00:00,2026-02-16T17:00:00,0.2178,ALL_PURPOSE,123456789,"{""run_as"": {""email"": ""user12@example.com""}, ""actor_type"": ""user""}"
2026-02-16T17:00:00,2026-02-16T18:00:00,0.0,ALL_PURPOSE,123456789,"{""run_as"": {""email"": ""user12@example.com""}, ""actor_type"": ""user""}"
2026-02-16T18:00:00,2026-02-16T19:00:00,0.3723,ALL_PURPOSE,123456789,"{""run_as"": {""email"": ""user12@example.com""}, ""actor_type"": ""user""}"
2026-02-16T19:00:00,2026-02-16T20:00:00,0.1947,ALL_PURPOSE,123456789,"{""run_as"": {""email"": ""user12@example.com""}, ""actor_type"": ""user""}"
2026-02-16T20:00:00,2026-02-16T21:00:00,0.1852,ALL_PURPOSE,123456789,"{""run_as"": {""email"": ""user12@example.com""}, ""actor_type"": ""user""}"
2026-02-16T21:00:00,2026-02-16T22:00:00,0.3288,ALL_PURPOSE,123456789,"{""run_as"": {""email"": ""user12@example.com""}, ""actor_type"": ""user""}"
2026-02-16T22:00:00,2026-02-16T23:00:00,0.5585,ALL_PURPOSE,123456789,"{""run_as"": {""email"": ""user12@example.com""}, ""actor_type"": ""user""}"
2026-02-16T23:00:00,2026-02-17T00:00:00,0.3085,ALL_PURPOSE,123456789,"{""run_as"": {""email"": ""user12@example.com""}, ""actor_type"": ""user""}"
2026-02-17T00:00:00,2026-02-17T01:00:00,0.936,ALL_PURPOSE,123456789,"{""run_as"": {""email"": ""user12@example.com""}, ""actor_type"": ""user""}"
2026-02-17T01:00:00,2026-02-17T02:00:00,0.0,ALL_PURPOSE,123456789,"{""run_as"": {""email"": ""user12@example.com""}, ""actor_type"": ""user""}"
2026-02-17T02:00:00,2026-02-17T03:00:00,0.5306,ALL_PURPOSE,123456789,"{""run_as"": {""email"": ""user12@example.com""}, ""actor_type"": ""user""}"
2026-02-17T03:00:00,2026-02-17T04:00:00,0.8082,ALL_PURPOSE,123456789,"{""run_as"": {""email"": ""user12@example.com""}, ""actor_type"": ""user""}"
2026-02-17T04:00:00,2026-02-17T05:00:00,0.2281,ALL_PURPOSE,123456789,"{""run_as"": {""email"": ""user12@example.com""}, ""actor_type"": ""user""}"
2026-02-17T05:00:00,2026-02-17T06:00:00,0.3773,ALL_PURPOSE,123456789,"{""run_as"": {""email"": ""user12@example.com""}, ""actor_type"": ""user""}"
2026-02-17T06:00:00,2026-02-17T07:00:00,0.0,ALL_PURPOSE,123456789,"{""run_as"": {""email"": ""user12@example.com""}, ""actor_type"": ""user""}"
2026-02-17T07:00:00,2026-02-17T08:00:00,0.0032,ALL_PURPOSE,123456789,"{""run_as"": {""email"": ""user12@example.com""}, ""actor_type"": ""user""}"
2026-02-17T08:00:00,2026-02-17T09:00:00,0.0,ALL_PURPOSE,123456789,"{""run_as"": {""email"": ""user12@example.com""}, ""actor_type"": ""user""}"
2026-02-17T09:00:00,2026-02-17T10:00:00,0.1177,ALL_PURPOSE,123456789,"{""run_as"": {""email"": ""user12@example.com""}, ""actor_type"": ""user""}"
2026-02-17T10:00:00,2026-02-17T11:00:00,0.0,ALL_PURPOSE,123456789,"{""run_as"": {""email"": ""user12@example.com""}, ""actor_type"": ""user""}"
2026-02-17T11:00:00,2026-02-17T12:00:00,0.2813,ALL_PURPOSE,123456789,"{""run_as"": {""email"": ""user12@example.com""}, ""actor_type"": ""user""}"
2026-02-17T12:00:00,2026-02-17T13:00:00,0.1437,ALL_PURPOSE,123456789,"{""run_as"": {""email"": ""user12@example.com""}, ""actor_type"": ""user""}"
2026-02-17T13:00:00,2026-02-17T14:00:00,0.3463,ALL_PURPOSE,123456789,"{""run_as"": {""email"": ""user12@example.com""}, ""actor_type"": ""user""}"
2026-02-17T14:00:00,2026-02-17T15:00:00,0.2809,ALL_PURPOSE,123456789,"{""run_as"": {""email"": ""user12@example.com""}, ""actor_type"": ""user""}"
2026-02-17T15:00:00,2026-02-17T16:00:00,0.1273,ALL_PURPOSE,123456789,"{""run_as"": {""email"": ""user12@example.com""}, ""actor_type"": ""user""}"
2026-02-17T16:00:00,2026-02-17T17:00:00,0.1526,ALL_PURPOSE,123456789,"{""run_as"": {""email"": ""user12@example.com""}, ""actor_type"": ""user""}"
2026-02-17T17:00:00,2026-02-17T18:00:00,0.265,ALL_PURPOSE,123456789,"{""run_as"": {""email"": ""user12@example.com""}, ""actor_type"": ""user""}"
2026-02-17T18:00:00,2026-02-17T19:00:00,0.0753,ALL_PURPOSE,123456789,"{""run_as"": {""email"": ""user12@example.com""}, ""actor_type"": ""user""}"
2026-02-17T19:00:00,2026-02-17T20:00:00,0.3698,ALL_PURPOSE,123456789,"{""run_as"": {""email"": ""user12@example.com""}, ""actor_type"": ""user""}"
2026-02-17T20:00:00,2026-02-17T21:00:00,0.0617,ALL_PURPOSE,123456789,"{""run_as"": {""email"": ""user12@example.com""}, ""actor_type"": ""user""}"
2026-02-17T21:00:00,2026-02-17T22:00:00,0.0,ALL_PURPOSE,123456789,"{""run_as"": {""email"": ""user12@example.com""}, ""actor_type"": ""user""}"
2026-02-17T22:00:00,2026-02-17T23:00:00,0.6336,ALL_PURPOSE,123456789,"{""run_as"": {""email"": ""user12@example.com""}, ""actor_type"": ""user""}"
2026-02-17T23:00:00,2026-02-18T00:00:00,0.0,ALL_PURPOSE,123456789,"{""run_as"": {""email"": ""user12@example.com""}, ""actor_type"": ""user""}"
2026-02-18T00:00:00,2026-02-18T01:00:00,0.2569,ALL_PURPOSE,123456789,"{""run_as"": {""email"": ""user12@example.com""}, ""actor_type"": ""user""}"
2026-02-18T01:00:00,2026-02-18T02:00:00,0.3156,ALL_PURPOSE,123456789,"{""run_as"": {""email"": ""user12@example.com""}, ""actor_type"": ""user""}"
2026-02-18T02:00:00,2026-02-18T03:00:00,0.0719,ALL_PURPOSE,123456789,"{""run_as"": {""email"": ""user12@example.com""}, ""actor_type"": ""user""}"
2026-02-18T03:00:00,2026-02-18T04:00:00,0.18,ALL_PURPOSE,123456789,"{""run_as"": {""email"": ""user12@example.com""}, ""actor_type"": ""user""}"
2026-02-18T04:00:00,2026-02-18T05:00:00,0.2418,ALL_PURPOSE,123456789,"{""run_as"": {""email"": ""user12@example.com""}, ""actor_type"": ""user""}"
2026-02-18T05:00:00,2026-02-18T06:00:00,0.0947,ALL_PURPOSE,123456789,"{""run_as"": {""email"": ""user12@example.com""}, ""actor_type"": ""user""}"
2026-02-18T06:00:00,2026-02-18T07:00:00,0.2185,ALL_PURPOSE,123456789,"{""run_as"": {""email"": ""user12@example.com""}, ""actor_type"": ""user""}"
2026-02-18T07:00:00,2026-02-18T08:00:00,0.3913,ALL_PURPOSE,123456789,"{""run_as"": {""email"": ""user12@example.com""}, ""actor_type"": ""user""}"
2026-02-18T08:00:00,2026-02-18T09:00:00,0.0,ALL_PURPOSE,123456789,"{""run_as"": {""email"": ""user12@example.com""}, ""actor_type"": ""user""}"
2026-02-18T09:00:00,2026-02-18T10:00:00,0.1926,ALL_PURPOSE,123456789,"{""run_as"": {""email"": ""user12@example.com""}, ""actor_type"": ""user""}"
2026-02-18T10:00:00,2026-02-18T11:00:00,0.0568,ALL_PURPOSE,123456789,"{""run_as"": {""email"": ""user12@example.com""}, ""actor_type"": ""user""}"
2026-02-18T11:00:00,2026-02-18T12:00:00,0.3934,ALL_PURPOSE,123456789,"{""run_as"": {""email"": ""user12@example.com""}, ""actor_type"": ""user""}"
2026-02-18T12:00:00,2026-02-18T13:00:00,0.3115,ALL_PURPOSE,123456789,"{""run_as"": {""email"": ""user12@example.com""}, ""actor_type"": ""user""}"
2026-02-18T13:00:00,2026-02-18T14:00:00,0.0313,ALL_PURPOSE,123456789,"{""run_as"": {""email"": ""user12@example.com""}, ""actor_type"": ""user""}"
2026-02-18T14:00:00,2026-02-18T15:00:00,0.0354,ALL_PURPOSE,123456789,"{""run_as"": {""email"": ""user12@example.com""}, ""actor_type"": ""user""}"
2026-02-18T15:00:00,2026-02-18T16:00:00,0.2967,ALL_PURPOSE,123456789,"{""run_as"": {""email"": ""user12@example.com""}, ""actor_type"": ""user""}"
2026-02-18T16:00:00,2026-02-18T17:00:00,0.0312,ALL_PURPOSE,123456789,"{""run_as"": {""email"": ""user12@example.com""}, ""actor_type"": ""user""}"
2026-02-18T17:00:00,2026-02-18T18:00:00,0.3192,ALL_PURPOSE,123456789,"{""run_as"": {""email"": ""user12@example.com""}, ""actor_type"": ""user""}"
2026-02-18T18:00:00,2026-02-18T19:00:00,0.0211,ALL_PURPOSE,123456789,"{""run_as"": {""email"": ""user12@example.com""}, ""actor_type"": ""user""}"
2026-02-18T19:00:00,2026-02-18T20:00:00,0.3114,ALL_PURPOSE,123456789,"{""run_as"": {""email"": ""user12@example.com""}, ""actor_type"": ""user""}"
2026-02-18T20:00:00,2026-02-18T21:00:00,0.2051,ALL_PURPOSE,123456789,"{""run_as"": {""email"": ""user12@example.com""}, ""actor_type"": ""user""}"
2026-02-18T21:00:00,2026-02-18T22:00:00,0.2935,ALL_PURPOSE,123456789,"{""run_as"": {""email"": ""user12@example.com""}, ""actor_type"": ""user""}"
2026-02-18T22:00:00,2026-02-18T23:00:00,0.3842,ALL_PURPOSE,123456789,"{""run_as"": {""email"": ""user12@example.com""}, ""actor_type"": ""user""}"
2026-02-18T23:00:00,2026-02-19T00:00:00,0.0141,ALL_PURPOSE,123456789,"{""run_as"": {""email"": ""user12@example.com""}, ""actor_type"": ""user""}"
2026-02-19T00:00:00,2026-02-19T01:00:00,0.0,ALL_PURPOSE,123456789,"{""run_as"": {""email"": ""user12@example.com""}, ""actor_type"": ""user""}"
2026-02-19T01:00:00,2026-02-19T02:00:00,0.3254,ALL_PURPOSE,123456789,"{""run_as"": {""email"": ""user12@example.com""}, ""actor_type"": ""user""}"
2026-02-19T02:00:00,2026-02-19T03:00:00,0.3236,ALL_PURPOSE,123456789,"{""run_as"": {""email"": ""user12@example.com""}, ""actor_type"": ""user""}"
2026-02-19T03:00:00,2026-02-19T04:00:00,0.033,ALL_PURPOSE,123456789,"{""run_as"": {""email"": ""user12@example.com""}, ""actor_type"": ""user""}"
2026-02-19T04:00:00,2026-02-19T05:00:00,0.4078,ALL_PURPOSE,123456789,"{""run_as"": {""email"": ""user12@example.com""}, ""actor_type"": ""user""}"
2026-02-19T05:00:00,2026-02-19T06:00:00,0.2279,ALL_PURPOSE,123456789,"{""run_as"": {""email"": ""user12@example.com""}, ""actor_type"": ""user""}"
2026-02-19T06:00:00,2026-02-19T07:00:00,0.0605,ALL_PURPOSE,123456789,"{""run_as"": {""email"": ""user12@example.com""}, ""actor_type"": ""user""}"
2026-02-19T07:00:00,2026-02-19T08:00:00,0.3231,ALL_PURPOSE,123456789,"{""run_as"": {""email"": ""user12@example.com""}, ""actor_type"": ""user""}"
2026-02-19T08:00:00,2026-02-19T09:00:00,0.2803,ALL_PURPOSE,123456789,"{""run_as"": {""email"": ""user12@example.com""}, ""actor_type"": ""user""}"
2026-02-19T09:00:00,2026-02-19T10:00:00,0.3197,ALL_PURPOSE,123456789,"{""run_as"": {""email"": ""user12@example.com""}, ""actor_type"": ""user""}"
2026-02-19T10:00:00,2026-02-19T11:00:00,0.0,ALL_PURPOSE,123456789,"{""run_as"": {""email"": ""user12@example.com""}, ""actor_type"": ""user""}"
2026-02-19T11:00:00,2026-02-19T12:00:00,0.058,ALL_PURPOSE,123456789,"{""run_as"": {""email"": ""user12@example.com""}, ""actor_type"": ""user""}"
2026-02-19T12:00:00,2026-02-19T13:00:00,0.0617,ALL_PURPOSE,123456789,"{""run_as"": {""email"": ""user12@example.com""}, ""actor_type"": ""user""}"
2026-02-19T13:00:00,2026-02-19T14:00:00,0.3974,ALL_PURPOSE,123456789,"{""run_as"": {""email"": ""user12@example.com""}, ""actor_type"": ""user""}"
2026-02-19T14:00:00,2026-02-19T15:00:00,0.0952,ALL_PURPOSE,123456789,"{""run_as"": {""email"": ""user12@example.com""}, ""actor_type"": ""user""}"
2026-02-19T15:00:00,2026-02-19T16:00:00,0.255,ALL_PURPOSE,123456789,"{""run_as"": {""email"": ""user12@example.com""}, ""actor_type"": ""user""}"
2026-02-19T16:00:00,2026-02-19T17:00:00,0.2937,ALL_PURPOSE,123456789,"{""run_as"": {""email"": ""user12@example.com""}, ""actor_type"": ""user""}"
2026-02-19T17:00:00,2026-02-19T18:00:00,0.2569,ALL_PURPOSE,123456789,"{""run_as"": {""email"": ""user12@example.com""}, ""actor_type"": ""user""}"
2026-02-19T18:00:00,2026-02-19T19:00:00,0.0464,ALL_PURPOSE,123456789,"{""run_as"": {""email"": ""user12@example.com""}, ""actor_type"": ""user""}"
2026-02-19T19:00:00,2026-02-19T20:00:00,0.1595,ALL_PURPOSE,123456789,"{""run_as"": {""email"": ""user12@example.com""}, ""actor_type"": ""user""}"
2026-02-19T20:00:00,2026-02-19T21:00:00,0.2985,ALL_PURPOSE,123456789,"{""run_as"": {""email"": ""user12@example.com""}, ""actor_type"": ""user""}"
2026-02-19T21:00:00,2026-02-19T22:00:00,0.213,ALL_PURPOSE,123456789,"{""run_as"": {""email"": ""user12@example.com""}, ""actor_type"": ""user""}"
2026-02-19T22:00:00,2026-02-19T23:00:00,0.0,ALL_PURPOSE,123456789,"{""run_as"": {""email"": ""user12@example.com""}, ""actor_type"": ""user""}"
2026-02-19T23:00:00,2026-02-20T00:00:00,1.0972,ALL_PURPOSE,123456789,"{""run_as"": {""email"": ""user12@example.com""}, ""actor_type"": ""user""}"
2026-02-20T00:00:00,2026-02-20T01:00:00,0.2714,ALL_PURPOSE,123456789,"{""run_as"": {""email"": ""user12@example.com""}, ""actor_type"": ""user""}"
2026-02-20T01:00:00,2026-02-20T02:00:00,0.0164,ALL_PURPOSE,123456789,"{""run_as"": {""email"": ""user12@example.com""}, ""actor_type"": ""user""}"
2026-02-20T02:00:00,2026-02-20T03:00:00,0.3825,ALL_PURPOSE,123456789,"{""run_as"": {""email"": ""user12@example.com""}, ""actor_type"": ""user""}"
2026-02-20T03:00:00,2026-02-20T04:00:00,0.0,ALL_PURPOSE,123456789,"{""run_as"": {""email"": ""user12@example.com""}, ""actor_type"": ""user""}"
2026-02-20T04:00:00,2026-02-20T05:00:00,0.2617,ALL_PURPOSE,123456789,"{""run_as"": {""email"": ""user12@example.com""}, ""actor_type"": ""user""}"
2026-02-20T05:00:00,2026-02-20T06:00:00,0.2996,ALL_PURPOSE,123456789,"{""run_as"": {""email"": ""user12@example.com""}, ""actor_type"": ""user""}"
2026-02-20T06:00:00,2026-02-20T07:00:00,0.078,ALL_PURPOSE,123456789,"{""run_as"": {""email"": ""user12@example.com""}, ""actor_type"": ""user""}"
2026-02-20T07:00:00,2026-02-20T08:00:00,0.2761,ALL_PURPOSE,123456789,"{""run_as"": {""email"": ""user12@example.com""}, ""actor_type"": ""user""}"
2026-02-20T08:00:00,2026-02-20T09:00:00,0.219,ALL_PURPOSE,123456789,"{""run_as"": {""email"": ""user12@example.com""}, ""actor_type"": ""user""}"
2026-02-20T09:00:00,2026-02-20T10:00:00,0.0,ALL_PURPOSE,123456789,"{""run_as"": {""email"": ""user12@example.com""}, ""actor_type"": ""user""}"
2026-02-20T10:00:00,2026-02-20T11:00:00,0.0,ALL_PURPOSE,123456789,"{""run_as"": {""email"": ""user12@example.com""}, ""actor_type"": ""user""}"
2026-02-20T11:00:00,2026-02-20T12:00:00,0.1784,ALL_PURPOSE,123456789,"{""run_as"": {""email"": ""user12@example.com""}, ""actor_type"": ""user""}"
2026-02-20T12:00:00,2026-02-20T13:00:00,0.1133,ALL_PURPOSE,123456789,"{""run_as"": {""email"": ""user12@example.com""}, ""actor_type"": ""user""}"
2026-02-20T13:00:00,2026-02-20T14:00:00,0.0,ALL_PURPOSE,123456789,"{""run_as"": {""email"": ""user12@example.com""}, ""actor_type"": ""user""}"
2026-02-20T14:00:00,2026-02-20T15:00:00,0.3754,ALL_PURPOSE,123456789,"{""run_as"": {""email"": ""user12@example.com""}, ""actor_type"": ""user""}"
2026-02-20T15:00:00,2026-02-20T16:00:00,0.3342,ALL_PURPOSE,123456789,"{""run_as"": {""email"": ""user12@example.com""}, ""actor_type"": ""user""}"
2026-02-20T16:00:00,2026-02-20T17:00:00,0.2552,ALL_PURPOSE,123456789,"{""run_as"": {""email"": ""user12@example.com""}, ""actor_type"": ""user""}"
2026-02-13T17:00:00,2026-02-13T18:00:00,0.048,ALL_PURPOSE,123456789,"{""run_as"": {""email"": ""user13@example.com""}, ""actor_type"": ""user""}"
2026-02-13T18:00:00,2026-02-13T19:00:00,0.052,ALL_PURPOSE,123456789,"{""run_as"": {""email"": ""user13@example.com""}, ""actor_type"": ""user""}"
2026-02-13T19:00:00,2026-02-13T20:00:00,0.36,ALL_PURPOSE,123456789,"{""run_as"": {""email"": ""user13@example.com""}, ""actor_type"": ""user""}"
2026-02-13T20:00:00,2026-02-13T21:00:00,0.3869,ALL_PURPOSE,123456789,"{""run_as"": {""email"": ""user13@example.com""}, ""actor_type"": ""user""}"
2026-02-13T21:00:00,2026-02-13T22:00:00,0.2783,ALL_PURPOSE,123456789,"{""run_as"": {""email"": ""user13@example.com""}, ""actor_type"": ""user""}"
2026-02-13T22:00:00,2026-02-13T23:00:00,0.1868,ALL_PURPOSE,123456789,"{""run_as"": {""email"": ""user13@example.com""}, ""actor_type"": ""user""}"
2026-02-13T23:00:00,2026-02-14T00:00:00,0.768,ALL_PURPOSE,123456789,"{""run_as"": {""email"": ""user13@example.com""}, ""actor_type"": ""user""}"
2026-02-14T00:00:00,2026-02-14T01:00:00,0.0,ALL_PURPOSE,123456789,"{""run_as"": {""email"": ""user13@example.com""}, ""actor_type"": ""user""}"
2026-02-14T01:00:00,2026-02-14T02:00:00,0.3108,ALL_PURPOSE,123456789,"{""run_as"": {""email"": ""user13@example.com""}, ""actor_type"": ""user""}"
2026-02-14T02:00:00,2026-02-14T03:00:00,0.024,ALL_PURPOSE,123456789,"{""run_as"": {""email"": ""user13@example.com""}, ""actor_type"": ""user""}"
2026-02-14T03:00:00,2026-02-14T04:00:00,0.1762,ALL_PURPOSE,123456789,"{""run_as"": {""email"": ""user13@example.com""}, ""actor_type"": ""user""}"
2026-02-14T04:00:00,2026-02-14T05:00:00,0.0,ALL_PURPOSE,123456789,"{""run_as"": {""email"": ""user13@example.com""}, ""actor_type"": ""user""}"
2026-02-14T05:00:00,2026-02-14T06:00:00,0.8578,ALL_PURPOSE,123456789,"{""run_as"": {""email"": ""user13@example.com""}, ""actor_type"": ""user""}"
2026-02-14T06:00:00,2026-02-14T07:00:00,0.0,ALL_PURPOSE,123456789,"{""run_as"": {""email"": ""user13@example.com""}, ""actor_type"": ""user""}"
2026-02-14T07:00:00,2026-02-14T08:00:00,0.0292,ALL_PURPOSE,123456789,"{""run_as"": {""email"": ""user13@example.com""}, ""actor_type"": ""user""}"
2026-02-14T08:00:00,2026-02-14T09:00:00,0.1002,ALL_PURPOSE,123456789,"{""run_as"": {""email"": ""user13@example.com""}, ""actor_type"": ""user""}"
2026-02-14T09:00:00,2026-02-14T10:00:00,0.0,ALL_PURPOSE,123456789,"{""run_as"": {""email"": ""user13@example.com""}, ""actor_type"": ""user""}"
2026-02-14T10:00:00,2026-02-14T11:00:00,0.2561,ALL_PURPOSE,123456789,"{""run_as"": {""email"": ""user13@example.com""}, ""actor_type"": ""user""}"
2026-02-14T11:00:00,2026-02-14T12:00:00,0.2658,ALL_PURPOSE,123456789,"{""run_as"": {""email"": ""user13@example.com""}, ""actor_type"": ""user""}"
2026-02-14T12:00:00,2026-02-14T13:00:00,0.28,ALL_PURPOSE,123456789,"{""run_as"": {""email"": ""user13@example.com""}, ""actor_type"": ""user""}"
2026-02-14T13:00:00,2026-02-14T14:00:00,0.2299,ALL_PURPOSE,123456789,"{""run_as"": {""email"": ""user13@example.com""}, ""actor_type"": ""user""}"
2026-02-14T14:00:00,2026-02-14T15:00:00,0.376,ALL_PURPOSE,123456789,"{""run_as"": {""email"": ""user13@example.com""}, ""actor_type"": ""user""}"
2026-02-14T15:00:00,2026-02-14T16:00:00,0.1744,ALL_PURPOSE,123456789,"{""run_as"": {""email"": ""user13@example.com""}, ""actor_type"": ""user""}"
2026-02-14T16:00:00,2026-02-14T17:00:00,0.3124,ALL_PURPOSE,123456789,"{""run_as"": {""email"": ""user13@example.com""}, ""actor_type"": ""user""}"
2026-02-14T17:00:00,2026-02-14T18:00:00,0.0,ALL_PURPOSE,123456789,"{""run_as"": {""email"": ""user13@example.com""}, ""actor_type"": ""user""}"
2026-02-14T18:00:00,2026-02-14T19:00:00,0.3817,ALL_PURPOSE,123456789,"{""run_as"": {""email"": ""user13@example.com""}, ""actor_type"": ""user""}"
2026-02-14T19:00:00,2026-02-14T20:00:00,0.1928,ALL_PURPOSE,123456789,"{""run_as"": {""email"": ""user13@example.com""}, ""actor_type"": ""user""}"
2026-02-14T20:00:00,2026-02-14T21:00:00,0.374,ALL_PURPOSE,123456789,"{""run_as"": {""email"": ""user13@example.com""}, ""actor_type"": ""user""}"
2026-02-14T21:00:00,2026-02-14T22:00:00,0.2727,ALL_PURPOSE,123456789,"{""run_as"": {""email"": ""user13@example.com""}, ""actor_type"": ""user""}"
2026-02-14T22:00:00,2026-02-14T23:00:00,0.0,ALL_PURPOSE,123456789,"{""run_as"": {""email"": ""user13@example.com""}, ""actor_type"": ""user""}"
2026-02-14T23:00:00,2026-02-15T00:00:00,0.0,ALL_PURPOSE,123456789,"{""run_as"": {""email"": ""user13@example.com""}, ""actor_type"": ""user""}"
2026-02-15T00:00:00,2026-02-15T01:00:00,0.1839,ALL_PURPOSE,123456789,"{""run_as"": {""email"": ""user13@example.com""}, ""actor_type"": ""user""}"
2026-02-15T01:00:00,2026-02-15T02:00:00,0.4396,ALL_PURPOSE,123456789,"{""run_as"": {""email"": ""user13@example.com""}, ""actor_type"": ""user""}"
2026-02-15T02:00:00,2026-02-15T03:00:00,0.2784,ALL_PURPOSE,123456789,"{""run_as"": {""email"": ""user13@example.com""}, ""actor_type"": ""user""}"
2026-02-15T03:00:00,2026-02-15T04:00:00,0.6867,ALL_PURPOSE,123456789,"{""run_as"": {""email"": ""user13@example.com""}, ""actor_type"": ""user""}"
2026-02-15T04:00:00,2026-02-15T05:00:00,0.6598,ALL_PURPOSE,123456789,"{""run_as"": {""email"": ""user13@example.com""}, ""actor_type"": ""user""}"
2026-02-15T05:00:00,2026-02-15T06:00:00,0.6741,ALL_PURPOSE,123456789,"{""run_as"": {""email"": ""user13@example.com""}, ""actor_type"": ""user""}"
2026-02-15T06:00:00,2026-02-15T07:00:00,0.2136,ALL_PURPOSE,123456789,"{""run_as"": {""email"": ""user13@example.com""}, ""actor_type"": ""user""}"
2026-02-15T07:00:00,2026-02-15T08:00:00,0.1797,ALL_PURPOSE,123456789,"{""run_as"": {""email"": ""user13@example.com""}, ""actor_type"": ""user""}"
2026-02-15T08:00:00,2026-02-15T09:00:00,0.0,ALL_PURPOSE,123456789,"{""run_as"": {""email"": ""user13@example.com""}, ""actor_type"": ""user""}"
2026-02-15T09:00:00,2026-02-15T10:00:00,0.0,ALL_PURPOSE,123456789,"{""run_as"": {""email"": ""user13@example.com""}, ""actor_type"": ""user""}"
2026-02-15T10:00:00,2026-02-15T11:00:00,0.0473,ALL_PURPOSE,123456789,"{""run_as"": {""email"": ""user13@example.com""}, ""actor_type"": ""user""}"
2026-02-15T11:00:00,2026-02-15T12:00:00,0.2669,ALL_PURPOSE,123456789,"{""run_as"": {""email"": ""user13@example.com""}, ""actor_type"": ""user""}"
2026-02-15T12:00:00,2026-02-15T13:00:00,0.2712,ALL_PURPOSE,123456789,"{""run_as"": {""email"": ""user13@example.com""}, ""actor_type"": ""user""}"
2026-02-15T13:00:00,2026-02-15T14:00:00,0.0596,ALL_PURPOSE,123456789,"{""run_as"": {""email"": ""user13@example.com""}, ""actor_type"": ""user""}"
2026-02-15T14:00:00,2026-02-15T15:00:00,0.0,ALL_PURPOSE,123456789,"{""run_as"": {""email"": ""user13@example.com""}, ""actor_type"": ""user""}"
2026-02-15T15:00:00,2026-02-15T16:00:00,0.0566,ALL_PURPOSE,123456789,"{""run_as"": {""email"": ""user13@example.com""}, ""actor_type"": ""user""}"
2026-02-15T16:00:00,2026-02-15T17:00:00,0.1885,ALL_PURPOSE,123456789,"{""run_as"": {""email"": ""user13@example.com""}, ""actor_type"": ""user""}"
2026-02-15T17:00:00,2026-02-15T18:00:00,0.0183,ALL_PURPOSE,123456789,"{""run_as"": {""email"": ""user13@example.com""}, ""actor_type"": ""user""}"
2026-02-15T18:00:00,2026-02-15T19:00:00,0.0522,ALL_PURPOSE,123456789,"{""run_as"": {""email"": ""user13@example.com""}, ""actor_type"": ""user""}"
2026-02-15T19:00:00,2026-02-15T20:00:00,0.02,ALL_PURPOSE,123456789,"{""run_as"": {""email"": ""user13@example.com""}, ""actor_type"": ""user""}"
2026-02-15T20:00:00,2026-02-15T21:00:00,0.3175,ALL_PURPOSE,123456789,"{""run_as"": {""email"": ""user13@example.com""}, ""actor_type"": ""user""}"
2026-02-15T21:00:00,2026-02-15T22:00:00,0.0683,ALL_PURPOSE,123456789,"{""run_as"": {""email"": ""user13@example.com""}, ""actor_type"": ""user""}"
2026-02-15T22:00:00,2026-02-15T23:00:00,0.7751,ALL_PURPOSE,123456789,"{""run_as"": {""email"": ""user13@example.com""}, ""actor_type"": ""user""}"
2026-02-15T23:00:00,2026-02-16T00:00:00,0.0882,ALL_PURPOSE,123456789,"{""run_as"": {""email"": ""user13@example.com""}, ""actor_type"": ""user""}"
2026-02-16T00:00:00,2026-02-16T01:00:00,0.3246,ALL_PURPOSE,123456789,"{""run_as"": {""email"": ""user13@example.com""}, ""actor_type"": ""user""}"
2026-02-16T01:00:00,2026-02-16T02:00:00,0.1297,ALL_PURPOSE,123456789,"{""run_as"": {""email"": ""user13@example.com""}, ""actor_type"": ""user""}"
2026-02-16T02:00:00,2026-02-16T03:00:00,0.0549,ALL_PURPOSE,123456789,"{""run_as"": {""email"": ""user13@example.com""}, ""actor_type"": ""user""}"
2026-02-16T03:00:00,2026-02-16T04:00:00,0.3057,ALL_PURPOSE,123456789,"{""run_as"": {""email"": ""user13@example.com""}, ""actor_type"": ""user""}"
2026-02-16T04:00:00,2026-02-16T05:00:00,0.4389,ALL_PURPOSE,123456789,"{""run_as"": {""email"": ""user13@example.com""}, ""actor_type"": ""user""}"
2026-02-16T05:00:00,2026-02-16T06:00:00,0.2214,ALL_PURPOSE,123456789,"{""run_as"": {""email"": ""user13@example.com""}, ""actor_type"": ""user""}"
2026-02-16T06:00:00,2026-02-16T07:00:00,0.0,ALL_PURPOSE,123456789,"{""run_as"": {""email"": ""user13@example.com""}, ""actor_type"": ""user""}"
2026-02-16T07:00:00,2026-02-16T08:00:00,0.3389,ALL_PURPOSE,123456789,"{""run_as"": {""email"": ""user13@example.com""}, ""actor_type"": ""user""}"
2026-02-16T08:00:00,2026-02-16T09:00:00,0.0,ALL_PURPOSE,123456789,"{""run_as"": {""email"": ""user13@example.com""}, ""actor_type"": ""user""}"
2026-02-16T09:00:00,2026-02-16T10:00:00,0.0,ALL_PURPOSE,123456789,"{""run_as"": {""email"": ""user13@example.com""}, ""actor_type"": ""user""}"
2026-02-16T10:00:00,2026-02-16T11:00:00,0.0,ALL_PURPOSE,123456789,"{""run_as"": {""email"": ""user13@example.com""}, ""actor_type"": ""user""}"
2026-02-16T11:00:00,2026-02-16T12:00:00,0.2607,ALL_PURPOSE,123456789,"{""run_as"": {""email"": ""user13@example.com""}, ""actor_type"": ""user""}"
2026-02-16T12:00:00,2026-02-16T13:00:00,0.1665,ALL_PURPOSE,123456789,"{""run_as"": {""email"": ""user13@example.com""}, ""actor_type"": ""user""}"
2026-02-16T13:00:00,2026-02-16T14:00:00,0.309,ALL_PURPOSE,123456789,"{""run_as"": {""email"": ""user13@example.com""}, ""actor_type"": ""user""}"
2026-02-16T14:00:00,2026-02-16T15:00:00,0.0825,ALL_PURPOSE,123456789,"{""run_as"": {""email"": ""user13@example.com""}, ""actor_type"": ""user""}"
2026-02-16T15:00:00,2026-02-16T16:00:00,0.2092,ALL_PURPOSE,123456789,"{""run_as"": {""email"": ""user13@example.com""}, ""actor_type"": ""user""}"
2026-02-16T16:00:00,2026-02-16T17:00:00,0.3752,ALL_PURPOSE,123456789,"{""run_as"": {""email"": ""user13@example.com""}, ""actor_type"": ""user""}"
2026-02-16T17:00:00,2026-02-16T18:00:00,0.015,ALL_PURPOSE,123456789,"{""run_as"": {""email"": ""user13@example.com""}, ""actor_type"": ""user""}"
2026-02-16T18:00:00,2026-02-16T19:00:00,0.2,ALL_PURPOSE,123456789,"{""run_as"": {""email"": ""user13@example.com""}, ""actor_type"": ""user""}"
2026-02-16T19:00:00,2026-02-16T20:00:00,0.2509,ALL_PURPOSE,123456789,"{""run_as"": {""email"": ""user13@example.com""}, ""actor_type"": ""user""}"
2026-02-16T20:00:00,2026-02-16T21:00:00,0.0,ALL_PURPOSE,123456789,"{""run_as"": {""email"": ""user13@example.com""}, ""actor_type"": ""user""}"
2026-02-16T21:00:00,2026-02-16T22:00:00,0.0,ALL_PURPOSE,123456789,"{""run_as"": {""email"": ""user13@example.com""}, ""actor_type"": ""user""}"
2026-02-16T22:00:00,2026-02-16T23:00:00,0.5654,ALL_PURPOSE,123456789,"{""run_as"": {""email"": ""user13@example.com""}, ""actor_type"": ""user""}"
2026-02-16T23:00:00,2026-02-17T00:00:00,0.8551,ALL_PURPOSE,123456789,"{""run_as"": {""email"": ""user13@example.com""}, ""actor_type"": ""user""}"
2026-02-17T00:00:00,2026-02-17T01:00:00,0.7682,ALL_PURPOSE,123456789,"{""run_as"": {""email"": ""user13@example.com""}, ""actor_type"": ""user""}"
2026-02-17T01:00:00,2026-02-17T02:00:00,0.3874,ALL_PURPOSE,123456789,"{""run_as"": {""email"": ""user13@example.com""}, ""actor_type"": ""user""}"
2026-02-17T02:00:00,2026-02-17T03:00:00,0.8195,ALL_PURPOSE,123456789,"{""run_as"": {""email"": ""user13@example.com""}, ""actor_type"": ""user""}"
2026-02-17T03:00:00,2026-02-17T04:00:00,0.8375,ALL_PURPOSE,123456789,"{""run_as"": {""email"": ""user13@example.com""}, ""actor_type"": ""user""}"
2026-02-17T04:00:00,2026-02-17T05:00:00,0.0173,ALL_PURPOSE,123456789,"{""run_as"": {""email"": ""user13@example.com""}, ""actor_type"": ""user""}"
2026-02-17T05:00:00,2026-02-17T06:00:00,0.0704,ALL_PURPOSE,123456789,"{""run_as"": {""email"": ""user13@example.com""}, ""actor_type"": ""user""}"
2026-02-17T06:00:00,2026-02-17T07:00:00,0.0464,ALL_PURPOSE,123456789,"{""run_as"": {""email"": ""user13@example.com""}, ""actor_type"": ""user""}"
2026-02-17T07:00:00,2026-02-17T08:00:00,0.2886,ALL_PURPOSE,123456789,"{""run_as"": {""email"": ""user13@example.com""}, ""actor_type"": ""user""}"
2026-02-17T08:00:00,2026-02-17T09:00:00,0.1304,ALL_PURPOSE,123456789,"{""run_as"": {""email"": ""user13@example.com""}, ""actor_type"": ""user""}"
2026-02-17T09:00:00,2026-02-17T10:00:00,0.2707,ALL_PURPOSE,123456789,"{""run_as"": {""email"": ""user13@example.com""}, ""actor_type"": ""user""}"
2026-02-17T10:00:00,2026-02-17T11:00:00,0.3116,ALL_PURPOSE,123456789,"{""run_as"": {""email"": ""user13@example.com""}, ""actor_type"": ""user""}"
2026-02-17T11:00:00,2026-02-17T12:00:00,0.0392,ALL_PURPOSE,123456789,"{""run_as"": {""email"": ""user13@example.com""}, ""actor_type"": ""user""}"
2026-02-17T12:00:00,2026-02-17T13:00:00,0.348,ALL_PURPOSE,123456789,"{""run_as"": {""email"": ""user13@example.com""}, ""actor_type"": ""user""}"
2026-02-17T13:00:00,2026-02-17T14:00:00,0.0883,ALL_PURPOSE,123456789,"{""run_as"": {""email"": ""user13@example.com""}, ""actor_type"": ""user""}"
2026-02-17T14:00:00,2026-02-17T15:00:00,0.1938,ALL_PURPOSE,123456789,"{""run_as"": {""email"": ""user13@example.com""}, ""actor_type"": ""user""}"
2026-02-17T15:00:00,2026-02-17T16:00:00,0.058,ALL_PURPOSE,123456789,"{""run_as"": {""email"": ""user13@example.com""}, ""actor_type"": ""user""}"
2026-02-17T16:00:00,2026-02-17T17:00:00,0.182,ALL_PURPOSE,123456789,"{""run_as"": {""email"": ""user13@example.com""}, ""actor_type"": ""user""}"
2026-02-17T17:00:00,2026-02-17T18:00:00,0.0546,ALL_PURPOSE,123456789,"{""run_as"": {""email"": ""user13@example.com""}, ""actor_type"": ""user""}"
2026-02-17T18:00:00,2026-02-17T19:00:00,0.2528,ALL_PURPOSE,123456789,"{""run_as"": {""email"": ""user13@example.com""}, ""actor_type"": ""user""}"
2026-02-17T19:00:00,2026-02-17T20:00:00,0.0,ALL_PURPOSE,123456789,"{""run_as"": {""email"": ""user13@example.com""}, ""actor_type"": ""user""}"
2026-02-17T20:00:00,2026-02-17T21:00:00,0.0,ALL_PURPOSE,123456789,"{""run_as"": {""email"": ""user13@example.com""}, ""actor_type"": ""user""}"
2026-02-17T21:00:00,2026-02-17T22:00:00,0.0546,ALL_PURPOSE,123456789,"{""run_as"": {""email"": ""user13@example.com""}, ""actor_type"": ""user""}"
2026-02-17T22:00:00,2026-02-17T23:00:00,0.5239,ALL_PURPOSE,123456789,"{""run_as"": {""email"": ""user13@example.com""}, ""actor_type"": ""user""}"
2026-02-17T23:00:00,2026-02-18T00:00:00,0.2415,ALL_PURPOSE,123456789,"{""run_as"": {""email"": ""user13@example.com""}, ""actor_type"": ""user""}"
2026-02-18T00:00:00,2026-02-18T01:00:00,1.0237,ALL_PURPOSE,123456789,"{""run_as"": {""email"": ""user13@example.com""}, ""actor_type"": ""user""}"
2026-02-18T01:00:00,2026-02-18T02:00:00,0.0346,ALL_PURPOSE,123456789,"{""run_as"": {""email"": ""user13@example.com""}, ""actor_type"": ""user""}"
2026-02-18T02:00:00,2026-02-18T03:00:00,0.3983,ALL_PURPOSE,123456789,"{""run_as"": {""email"": ""user13@example.com""}, ""actor_type"": ""user""}"
2026-02-18T03:00:00,2026-02-18T04:00:00,0.1117,ALL_PURPOSE,123456789,"{""run_as"": {""email"": ""user13@example.com""}, ""actor_type"": ""user""}"
2026-02-18T04:00:00,2026-02-18T05:00:00,0.6043,ALL_PURPOSE,123456789,"{""run_as"": {""email"": ""user13@example.com""}, ""actor_type"": ""user""}"
2026-02-18T05:00:00,2026-02-18T06:00:00,0.0,ALL_PURPOSE,123456789,"{""run_as"": {""email"": ""user13@example.com""}, ""actor_type"": ""user""}"
2026-02-18T06:00:00,2026-02-18T07:00:00,0.0,ALL_PURPOSE,123456789,"{""run_as"": {""email"": ""user13@example.com""}, ""actor_type"": ""user""}"
2026-02-18T07:00:00,2026-02-18T08:00:00,0.1883,ALL_PURPOSE,123456789,"{""run_as"": {""email"": ""user13@example.com""}, ""actor_type"": ""user""}"
2026-02-18T08:00:00,2026-02-18T09:00:00,0.0134,ALL_PURPOSE,123456789,"{""run_as"": {""email"": ""user13@example.com""}, ""actor_type"": ""user""}"
2026-02-18T09:00:00,2026-02-18T10:00:00,0.1917,ALL_PURPOSE,123456789,"{""run_as"": {""email"": ""user13@example.com""}, ""actor_type"": ""user""}"
2026-02-18T10:00:00,2026-02-18T11:00:00,0.3285,ALL_PURPOSE,123456789,"{""run_as"": {""email"": ""user13@example.com""}, ""actor_type"": ""user""}"
2026-02-18T11:00:00,2026-02-18T12:00:00,0.0962,ALL_PURPOSE,123456789,"{""run_as"": {""email"": ""user13@example.com""}, ""actor_type"": ""user""}"
2026-02-18T12:00:00,2026-02-18T13:00:00,0.005,ALL_PURPOSE,123456789,"{""run_as"": {""email"": ""user13@example.com""}, ""actor_type"": ""user""}"
2026-02-18T13:00:00,2026-02-18T14:00:00,0.0,ALL_PURPOSE,123456789,"{""run_as"": {""email"": ""user13@example.com""}, ""actor_type"": ""user""}"
2026-02-18T14:00:00,2026-02-18T15:00:00,0.1183,ALL_PURPOSE,123456789,"{""run_as"": {""email"": ""user13@example.com""}, ""actor_type"": ""user""}"
2026-02-18T15:00:00,2026-02-18T16:00:00,0.0363,ALL_PURPOSE,123456789,"{""run_as"": {""email"": ""user13@example.com""}, ""actor_type"": ""user""}"
2026-02-18T16:00:00,2026-02-18T17:00:00,0.1219,ALL_PURPOSE,123456789,"{""run_as"": {""email"": ""user13@example.com""}, ""actor_type"": ""user""}"
2026-02-18T17:00:00,2026-02-18T18:00:00,0.3432,ALL_PURPOSE,123456789,"{""run_as"": {""email"": ""user13@example.com""}, ""actor_type"": ""user""}"
2026-02-18T18:00:00,2026-02-18T19:00:00,0.0098,ALL_PURPOSE,123456789,"{""run_as"": {""email"": ""user13@example.com""}, ""actor_type"": ""user""}"
2026-02-18T19:00:00,2026-02-18T20:00:00,0.3087,ALL_PURPOSE,123456789,"{""run_as"": {""email"": ""user13@example.com""}, ""actor_type"": ""user""}"
2026-02-18T20:00:00,2026-02-18T21:00:00,0.1621,ALL_PURPOSE,123456789,"{""run_as"": {""email"": ""user13@example.com""}, ""actor_type"": ""user""}"
2026-02-18T21:00:00,2026-02-18T22:00:00,0.1482,ALL_PURPOSE,123456789,"{""run_as"": {""email"": ""user13@example.com""}, ""actor_type"": ""user""}"
2026-02-18T22:00:00,2026-02-18T23:00:00,0.0,ALL_PURPOSE,123456789,"{""run_as"": {""email"": ""user13@example.com""}, ""actor_type"": ""user""}"
2026-02-18T23:00:00,2026-02-19T00:00:00,0.4803,ALL_PURPOSE,123456789,"{""run_as"": {""email"": ""user13@example.com""}, ""actor_type"": ""user""}"
2026-02-19T00:00:00,2026-02-19T01:00:00,0.1079,ALL_PURPOSE,123456789,"{""run_as"": {""email"": ""user13@example.com""}, ""actor_type"": ""user""}"
2026-02-19T01:00:00,2026-02-19T02:00:00,0.0,ALL_PURPOSE,123456789,"{""run_as"": {""email"": ""user13@example.com""}, ""actor_type"": ""user""}"
2026-02-19T02:00:00,2026-02-19T03:00:00,0.0,ALL_PURPOSE,123456789,"{""run_as"": {""email"": ""user13@example.com""}, ""actor_type"": ""user""}"
2026-02-19T03:00:00,2026-02-19T04:00:00,0.3781,ALL_PURPOSE,123456789,"{""run_as"": {""email"": ""user13@example.com""}, ""actor_type"": ""user""}"
2026-02-19T04:00:00,2026-02-19T05:00:00,0.0444,ALL_PURPOSE,123456789,"{""run_as"": {""email"": ""user13@example.com""}, ""actor_type"": ""user""}"
2026-02-19T05:00:00,2026-02-19T06:00:00,0.0,ALL_PURPOSE,123456789,"{""run_as"": {""email"": ""user13@example.com""}, ""actor_type"": ""user""}"
2026-02-19T06:00:00,2026-02-19T07:00:00,0.2837,ALL_PURPOSE,123456789,"{""run_as"": {""email"": ""user13@example.com""}, ""actor_type"": ""user""}"
2026-02-19T07:00:00,2026-02-19T08:00:00,0.3925,ALL_PURPOSE,123456789,"{""run_as"": {""email"": ""user13@example.com""}, ""actor_type"": ""user""}"
2026-02-19T08:00:00,2026-02-19T09:00:00,0.0454,ALL_PURPOSE,123456789,"{""run_as"": {""email"": ""user13@example.com""}, ""actor_type"": ""user""}"
2026-02-19T09:00:00,2026-02-19T10:00:00,0.3757,ALL_PURPOSE,123456789,"{""run_as"": {""email"": ""user13@example.com""}, ""actor_type"": ""user""}"
2026-02-19T10:00:00,2026-02-19T11:00:00,0.3836,ALL_PURPOSE,123456789,"{""run_as"": {""email"": ""user13@example.com""}, ""actor_type"": ""user""}"
2026-02-19T11:00:00,2026-02-19T12:00:00,0.298,ALL_PURPOSE,123456789,"{""run_as"": {""email"": ""user13@example.com""}, ""actor_type"": ""user""}"
2026-02-19T12:00:00,2026-02-19T13:00:00,0.1411,ALL_PURPOSE,123456789,"{""run_as"": {""email"": ""user13@example.com""}, ""actor_type"": ""user""}"
2026-02-19T13:00:00,2026-02-19T14:00:00,0.2721,ALL_PURPOSE,123456789,"{""run_as"": {""email"": ""user13@example.com""}, ""actor_type"": ""user""}"
2026-02-19T14:00:00,2026-02-19T15:00:00,0.0253,ALL_PURPOSE,123456789,"{""run_as"": {""email"": ""user13@example.com""}, ""actor_type"": ""user""}"
2026-02-19T15:00:00,2026-02-19T16:00:00,0.1945,ALL_PURPOSE,123456789,"{""run_as"": {""email"": ""user13@example.com""}, ""actor_type"": ""user""}"
2026-02-19T16:00:00,2026-02-19T17:00:00,0.0491,ALL_PURPOSE,123456789,"{""run_as"": {""email"": ""user13@example.com""}, ""actor_type"": ""user""}"
2026-02-19T17:00:00,2026-02-19T18:00:00,0.2713,ALL_PURPOSE,123456789,"{""run_as"": {""email"": ""user13@example.com""}, ""actor_type"": ""user""}"
2026-02-19T18:00:00,2026-02-19T19:00:00,0.1169,ALL_PURPOSE,123456789,"{""run_as"": {""email"": ""user13@example.com""}, ""actor_type"": ""user""}"
2026-02-19T19:00:00,2026-02-19T20:00:00,0.32,ALL_PURPOSE,123456789,"{""run_as"": {""email"": ""user13@example.com""}, ""actor_type"": ""user""}"
2026-02-19T20:00:00,2026-02-19T21:00:00,0.3235,ALL_PURPOSE,123456789,"{""run_as"": {""email"": ""user13@example.com""}, ""actor_type"": ""user""}"
2026-02-19T21:00:00,2026-02-19T22:00:00,0.0263,ALL_PURPOSE,123456789,"{""run_as"": {""email"": ""user13@example.com""}, ""actor_type"": ""user""}"
2026-02-19T22:00:00,2026-02-19T23:00:00,0.9117,ALL_PURPOSE,123456789,"{""run_as"": {""email"": ""user13@example.com""}, ""actor_type"": ""user""}"
2026-02-19T23:00:00,2026-02-20T00:00:00,0.6758,ALL_PURPOSE,123456789,"{""run_as"": {""email"": ""user13@example.com""}, ""actor_type"": ""user""}"
2026-02-20T00:00:00,2026-02-20T01:00:00,0.1985,ALL_PURPOSE,123456789,"{""run_as"": {""email"": ""user13@example.com""}, ""actor_type"": ""user""}"
2026-02-20T01:00:00,2026-02-20T02:00:00,1.0296,ALL_PURPOSE,123456789,"{""run_as"": {""email"": ""user13@example.com""}, ""actor_type"": ""user""}"
2026-02-20T02:00:00,2026-02-20T03:00:00,0.4635,ALL_PURPOSE,123456789,"{""run_as"": {""email"": ""user13@example.com""}, ""actor_type"": ""user""}"
2026-02-20T03:00:00,2026-02-20T04:00:00,0.8269,ALL_PURPOSE,123456789,"{""run_as"": {""email"": ""user13@example.com""}, ""actor_type"": ""user""}"
2026-02-20T04:00:00,2026-02-20T05:00:00,0.379,ALL_PURPOSE,123456789,"{""run_as"": {""email"": ""user13@example.com""}, ""actor_type"": ""user""}"
2026-02-20T05:00:00,2026-02-20T06:00:00,0.1371,ALL_PURPOSE,123456789,"{""run_as"": {""email"": ""user13@example.com""}, ""actor_type"": ""user""}"
2026-02-20T06:00:00,2026-02-20T07:00:00,0.2373,ALL_PURPOSE,123456789,"{""run_as"": {""email"": ""user13@example.com""}, ""actor_type"": ""user""}"
2026-02-20T07:00:00,2026-02-20T08:00:00,0.3368,ALL_PURPOSE,123456789,"{""run_as"": {""email"": ""user13@example.com""}, ""actor_type"": ""user""}"
2026-02-20T08:00:00,2026-02-20T09:00:00,0.0,ALL_PURPOSE,123456789,"{""run_as"": {""email"": ""user13@example.com""}, ""actor_type"": ""user""}"
2026-02-20T09:00:00,2026-02-20T10:00:00,0.3157,ALL_PURPOSE,123456789,"{""run_as"": {""email"": ""user13@example.com""}, ""actor_type"": ""user""}"
2026-02-20T10:00:00,2026-02-20T11:00:00,0.104,ALL_PURPOSE,123456789,"{""run_as"": {""email"": ""user13@example.com""}, ""actor_type"": ""user""}"
2026-02-20T11:00:00,2026-02-20T12:00:00,0.3883,ALL_PURPOSE,123456789,"{""run_as"": {""email"": ""user13@example.com""}, ""actor_type"": ""user""}"
2026-02-20T12:00:00,2026-02-20T13:00:00,0.0189,ALL_PURPOSE,123456789,"{""run_as"": {""email"": ""user13@example.com""}, ""actor_type"": ""user""}"
2026-02-20T13:00:00,2026-02-20T14:00:00,0.1824,ALL_PURPOSE,123456789,"{""run_as"": {""email"": ""user13@example.com""}, ""actor_type"": ""user""}"
2026-02-20T14:00:00,2026-02-20T15:00:00,0.3697,ALL_PURPOSE,123456789,"{""run_as"": {""email"": ""user13@example.com""}, ""actor_type"": ""user""}"
2026-02-20T15:00:00,2026-02-20T16:00:00,0.1141,ALL_PURPOSE,123456789,"{""run_as"": {""email"": ""user13@example.com""}, ""actor_type"": ""user""}"
2026-02-20T16:00:00,2026-02-20T17:00:00,0.3357,ALL_PURPOSE,123456789,"{""run_as"": {""email"": ""user13@example.com""}, ""actor_type"": ""user""}"
2026-02-13T17:00:00,2026-02-13T18:00:00,0.2665,ALL_PURPOSE,123456789,"{""run_as"": {""email"": ""user14@example.com""}, ""actor_type"": ""user""}"
2026-02-13T18:00:00,2026-02-13T19:00:00,0.0,ALL_PURPOSE,123456789,"{""run_as"": {""email"": ""user14@example.com""}, ""actor_type"": ""user""}"
2026-02-13T19:00:00,2026-02-13T20:00:00,0.0,ALL_PURPOSE,123456789,"{""run_as"": {""email"": ""user14@example.com""}, ""actor_type"": ""user""}"
2026-02-13T20:00:00,2026-02-13T21:00:00,0.1042,ALL_PURPOSE,123456789,"{""run_as"": {""email"": ""user14@example.com""}, ""actor_type"": ""user""}"
2026-02-13T21:00:00,2026-02-13T22:00:00,0.0,ALL_PURPOSE,123456789,"{""run_as"": {""email"": ""user14@example.com""}, ""actor_type"": ""user""}"
2026-02-13T22:00:00,2026-02-13T23:00:00,0.4878,ALL_PURPOSE,123456789,"{""run_as"": {""email"": ""user14@example.com""}, ""actor_type"": ""user""}"
2026-02-13T23:00:00,2026-02-14T00:00:00,0.8093,ALL_PURPOSE,123456789,"{""run_as"": {""email"": ""user14@example.com""}, ""actor_type"": ""user""}"
2026-02-14T00:00:00,2026-02-14T01:00:00,0.6204,ALL_PURPOSE,123456789,"{""run_as"": {""email"": ""user14@example.com""}, ""actor_type"": ""user""}"
2026-02-14T01:00:00,2026-02-14T02:00:00,0.0017,ALL_PURPOSE,123456789,"{""run_as"": {""email"": ""user14@example.com""}, ""actor_type"": ""user""}"
2026-02-14T02:00:00,2026-02-14T03:00:00,0.1325,ALL_PURPOSE,123456789,"{""run_as"": {""email"": ""user14@example.com""}, ""actor_type"": ""user""}"
2026-02-14T03:00:00,2026-02-14T04:00:00,0.1159,ALL_PURPOSE,123456789,"{""run_as"": {""email"": ""user14@example.com""}, ""actor_type"": ""user""}"
2026-02-14T04:00:00,2026-02-14T05:00:00,0.7252,ALL_PURPOSE,123456789,"{""run_as"": {""email"": ""user14@example.com""}, ""actor_type"": ""user""}"
2026-02-14T05:00:00,2026-02-14T06:00:00,0.1768,ALL_PURPOSE,123456789,"{""run_as"": {""email"": ""user14@example.com""}, ""actor_type"": ""user""}"
2026-02-14T06:00:00,2026-02-14T07:00:00,0.0,ALL_PURPOSE,123456789,"{""run_as"": {""email"": ""user14@example.com""}, ""actor_type"": ""user""}"
2026-02-14T07:00:00,2026-02-14T08:00:00,0.2204,ALL_PURPOSE,123456789,"{""run_as"": {""email"": ""user14@example.com""}, ""actor_type"": ""user""}"
2026-02-14T08:00:00,2026-02-14T09:00:00,0.1607,ALL_PURPOSE,123456789,"{""run_as"": {""email"": ""user14@example.com""}, ""actor_type"": ""user""}"
2026-02-14T09:00:00,2026-02-14T10:00:00,0.0,ALL_PURPOSE,123456789,"{""run_as"": {""email"": ""user14@example.com""}, ""actor_type"": ""user""}"
2026-02-14T10:00:00,2026-02-14T11:00:00,0.022,ALL_PURPOSE,123456789,"{""run_as"": {""email"": ""user14@example.com""}, ""actor_type"": ""user""}"
2026-02-14T11:00:00,2026-02-14T12:00:00,0.2334,ALL_PURPOSE,123456789,"{""run_as"": {""email"": ""user14@example.com""}, ""actor_type"": ""user""}"
2026-02-14T12:00:00,2026-02-14T13:00:00,0.3743,ALL_PURPOSE,123456789,"{""run_as"": {""email"": ""user14@example.com""}, ""actor_type"": ""user""}"
2026-02-14T13:00:00,2026-02-14T14:00:00,0.009,ALL_PURPOSE,123456789,"{""run_as"": {""email"": ""user14@example.com""}, ""actor_type"": ""user""}"
2026-02-14T14:00:00,2026-02-14T15:00:00,0.1782,ALL_PURPOSE,123456789,"{""run_as"": {""email"": ""user14@example.com""}, ""actor_type"": ""user""}"
2026-02-14T15:00:00,2026-02-14T16:00:00,0.035,ALL_PURPOSE,123456789,"{""run_as"": {""email"": ""user14@example.com""}, ""actor_type"": ""user""}"
2026-02-14T16:00:00,2026-02-14T17:00:00,0.0778,ALL_PURPOSE,123456789,"{""run_as"": {""email"": ""user14@example.com""}, ""actor_type"": ""user""}"
2026-02-14T17:00:00,2026-02-14T18:00:00,0.242,ALL_PURPOSE,123456789,"{""run_as"": {""email"": ""user14@example.com""}, ""actor_type"": ""user""}"
2026-02-14T18:00:00,2026-02-14T19:00:00,0.3634,ALL_PURPOSE,123456789,"{""run_as"": {""email"": ""user14@example.com""}, ""actor_type"": ""user""}"
2026-02-14T19:00:00,2026-02-14T20:00:00,0.0592,ALL_PURPOSE,123456789,"{""run_as"": {""email"": ""user14@example.com""}, ""actor_type"": ""user""}"
2026-02-14T20:00:00,2026-02-14T21:00:00,0.1479,ALL_PURPOSE,123456789,"{""run_as"": {""email"": ""user14@example.com""}, ""actor_type"": ""user""}"
2026-02-14T21:00:00,2026-02-14T22:00:00,0.1139,ALL_PURPOSE,123456789,"{""run_as"": {""email"": ""user14@example.com""}, ""actor_type"": ""user""}"
2026-02-14T22:00:00,2026-02-14T23:00:00,0.0,ALL_PURPOSE,123456789,"{""run_as"": {""email"": ""user14@example.com""}, ""actor_type"": ""user""}"
2026-02-14T23:00:00,2026-02-15T00:00:00,0.2911,ALL_PURPOSE,123456789,"{""run_as"": {""email"": ""user14@example.com""}, ""actor_type"": ""user""}"
2026-02-15T00:00:00,2026-02-15T01:00:00,0.9854,ALL_PURPOSE,123456789,"{""run_as"": {""email"": ""user14@example.com""}, ""actor_type"": ""user""}"
2026-02-15T01:00:00,2026-02-15T02:00:00,0.0,ALL_PURPOSE,123456789,"{""run_as"": {""email"": ""user14@example.com""}, ""actor_type"": ""user""}"
2026-02-15T02:00:00,2026-02-15T03:00:00,0.4803,ALL_PURPOSE,123456789,"{""run_as"": {""email"": ""user14@example.com""}, ""actor_type"": ""user""}"
2026-02-15T03:00:00,2026-02-15T04:00:00,0.0,ALL_PURPOSE,123456789,"{""run_as"": {""email"": ""user14@example.com""}, ""actor_type"": ""user""}"
2026-02-15T04:00:00,2026-02-15T05:00:00,0.0,ALL_PURPOSE,123456789,"{""run_as"": {""email"": ""user14@example.com""}, ""actor_type"": ""user""}"
2026-02-15T05:00:00,2026-02-15T06:00:00,0.1638,ALL_PURPOSE,123456789,"{""run_as"": {""email"": ""user14@example.com""}, ""actor_type"": ""user""}"
2026-02-15T06:00:00,2026-02-15T07:00:00,0.2223,ALL_PURPOSE,123456789,"{""run_as"": {""email"": ""user14@example.com""}, ""actor_type"": ""user""}"
2026-02-15T07:00:00,2026-02-15T08:00:00,0.0,ALL_PURPOSE,123456789,"{""run_as"": {""email"": ""user14@example.com""}, ""actor_type"": ""user""}"
2026-02-15T08:00:00,2026-02-15T09:00:00,0.0744,ALL_PURPOSE,123456789,"{""run_as"": {""email"": ""user14@example.com""}, ""actor_type"": ""user""}"
2026-02-15T09:00:00,2026-02-15T10:00:00,0.0,ALL_PURPOSE,123456789,"{""run_as"": {""email"": ""user14@example.com""}, ""actor_type"": ""user""}"
2026-02-15T10:00:00,2026-02-15T11:00:00,0.3305,ALL_PURPOSE,123456789,"{""run_as"": {""email"": ""user14@example.com""}, ""actor_type"": ""user""}"
2026-02-15T11:00:00,2026-02-15T12:00:00,0.1216,ALL_PURPOSE,123456789,"{""run_as"": {""email"": ""user14@example.com""}, ""actor_type"": ""user""}"
2026-02-15T12:00:00,2026-02-15T13:00:00,0.0,ALL_PURPOSE,123456789,"{""run_as"": {""email"": ""user14@example.com""}, ""actor_type"": ""user""}"
2026-02-15T13:00:00,2026-02-15T14:00:00,0.001,ALL_PURPOSE,123456789,"{""run_as"": {""email"": ""user14@example.com""}, ""actor_type"": ""user""}"
2026-02-15T14:00:00,2026-02-15T15:00:00,0.3824,ALL_PURPOSE,123456789,"{""run_as"": {""email"": ""user14@example.com""}, ""actor_type"": ""user""}"
2026-02-15T15:00:00,2026-02-15T16:00:00,0.189,ALL_PURPOSE,123456789,"{""run_as"": {""email"": ""user14@example.com""}, ""actor_type"": ""user""}"
2026-02-15T16:00:00,2026-02-15T17:00:00,0.3571,ALL_PURPOSE,123456789,"{""run_as"": {""email"": ""user14@example.com""}, ""actor_type"": ""user""}"
2026-02-15T17:00:00,2026-02-15T18:00:00,0.1968,ALL_PURPOSE,123456789,"{""run_as"": {""email"": ""user14@example.com""}, ""actor_type"": ""user""}"
2026-02-15T18:00:00,2026-02-15T19:00:00,0.0,ALL_PURPOSE,123456789,"{""run_as"": {""email"": ""user14@example.com""}, ""actor_type"": ""user""}"
2026-02-15T19:00:00,2026-02-15T20:00:00,0.1109,ALL_PURPOSE,123456789,"{""run_as"": {""email"": ""user14@example.com""}, ""actor_type"": ""user""}"
2026-02-15T20:00:00,2026-02-15T21:00:00,0.0267,ALL_PURPOSE,123456789,"{""run_as"": {""email"": ""user14@example.com""}, ""actor_type"": ""user""}"
2026-02-15T21:00:00,2026-02-15T22:00:00,0.2324,ALL_PURPOSE,123456789,"{""run_as"": {""email"": ""user14@example.com""}, ""actor_type"": ""user""}"
2026-02-15T22:00:00,2026-02-15T23:00:00,0.3473,ALL_PURPOSE,123456789,"{""run_as"": {""email"": ""user14@example.com""}, ""actor_type"": ""user""}"
2026-02-15T23:00:00,2026-02-16T00:00:00,0.7365,ALL_PURPOSE,123456789,"{""run_as"": {""email"": ""user14@example.com""}, ""actor_type"": ""user""}"
2026-02-16T00:00:00,2026-02-16T01:00:00,0.4791,ALL_PURPOSE,123456789,"{""run_as"": {""email"": ""user14@example.com""}, ""actor_type"": ""user""}"
2026-02-16T01:00:00,2026-02-16T02:00:00,0.5656,ALL_PURPOSE,123456789,"{""run_as"": {""email"": ""user14@example.com""}, ""actor_type"": ""user""}"
2026-02-16T02:00:00,2026-02-16T03:00:00,0.1678,ALL_PURPOSE,123456789,"{""run_as"": {""email"": ""user14@example.com""}, ""actor_type"": ""user""}"
2026-02-16T03:00:00,2026-02-16T04:00:00,0.1159,ALL_PURPOSE,123456789,"{""run_as"": {""email"": ""user14@example.com""}, ""actor_type"": ""user""}"
2026-02-16T04:00:00,2026-02-16T05:00:00,0.2055,ALL_PURPOSE,123456789,"{""run_as"": {""email"": ""user14@example.com""}, ""actor_type"": ""user""}"
2026-02-16T05:00:00,2026-02-16T06:00:00,0.0378,ALL_PURPOSE,123456789,"{""run_as"": {""email"": ""user14@example.com""}, ""actor_type"": ""user""}"
2026-02-16T06:00:00,2026-02-16T07:00:00,0.349,ALL_PURPOSE,123456789,"{""run_as"": {""email"": ""user14@example.com""}, ""actor_type"": ""user""}"
2026-02-16T07:00:00,2026-02-16T08:00:00,0.274,ALL_PURPOSE,123456789,"{""run_as"": {""email"": ""user14@example.com""}, ""actor_type"": ""user""}"
2026-02-16T08:00:00,2026-02-16T09:00:00,0.2742,ALL_PURPOSE,123456789,"{""run_as"": {""email"": ""user14@example.com""}, ""actor_type"": ""user""}"
2026-02-16T09:00:00,2026-02-16T10:00:00,0.0383,ALL_PURPOSE,123456789,"{""run_as"": {""email"": ""user14@example.com""}, ""actor_type"": ""user""}"
2026-02-16T10:00:00,2026-02-16T11:00:00,0.0,ALL_PURPOSE,123456789,"{""run_as"": {""email"": ""user14@example.com""}, ""actor_type"": ""user""}"
2026-02-16T11:00:00,2026-02-16T12:00:00,0.2073,ALL_PURPOSE,123456789,"{""run_as"": {""email"": ""user14@example.com""}, ""actor_type"": ""user""}"
2026-02-16T12:00:00,2026-02-16T13:00:00,0.194,ALL_PURPOSE,123456789,"{""run_as"": {""email"": ""user14@example.com""}, ""actor_type"": ""user""}"
2026-02-16T13:00:00,2026-02-16T14:00:00,0.0,ALL_PURPOSE,123456789,"{""run_as"": {""email"": ""user14@example.com""}, ""actor_type"": ""user""}"
2026-02-16T14:00:00,2026-02-16T15:00:00,0.0618,ALL_PURPOSE,123456789,"{""run_as"": {""email"": ""user14@example.com""}, ""actor_type"": ""user""}"
2026-02-16T15:00:00,2026-02-16T16:00:00,0.0754,ALL_PURPOSE,123456789,"{""run_as"": {""email"": ""user14@example.com""}, ""actor_type"": ""user""}"
2026-02-16T16:00:00,2026-02-16T17:00:00,0.2454,ALL_PURPOSE,123456789,"{""run_as"": {""email"": ""user14@example.com""}, ""actor_type"": ""user""}"
2026-02-16T17:00:00,2026-02-16T18:00:00,0.2103,ALL_PURPOSE,123456789,"{""run_as"": {""email"": ""user14@example.com""}, ""actor_type"": ""user""}"
2026-02-16T18:00:00,2026-02-16T19:00:00,0.2204,ALL_PURPOSE,123456789,"{""run_as"": {""email"": ""user14@example.com""}, ""actor_type"": ""user""}"
2026-02-16T19:00:00,2026-02-16T20:00:00,0.0456,ALL_PURPOSE,123456789,"{""run_as"": {""email"": ""user14@example.com""}, ""actor_type"": ""user""}"
2026-02-16T20:00:00,2026-02-16T21:00:00,0.0306,ALL_PURPOSE,123456789,"{""run_as"": {""email"": ""user14@example.com""}, ""actor_type"": ""user""}"
2026-02-16T21:00:00,2026-02-16T22:00:00,0.3694,ALL_PURPOSE,123456789,"{""run_as"": {""email"": ""user14@example.com""}, ""actor_type"": ""user""}"
2026-02-16T22:00:00,2026-02-16T23:00:00,0.1246,ALL_PURPOSE,123456789,"{""run_as"": {""email"": ""user14@example.com""}, ""actor_type"": ""user""}"
2026-02-16T23:00:00,2026-02-17T00:00:00,0.3559,ALL_PURPOSE,123456789,"{""run_as"": {""email"": ""user14@example.com""}, ""actor_type"": ""user""}"
2026-02-17T00:00:00,2026-02-17T01:00:00,0.0,ALL_PURPOSE,123456789,"{""run_as"": {""email"": ""user14@example.com""}, ""actor_type"": ""user""}"
2026-02-17T01:00:00,2026-02-17T02:00:00,0.0,ALL_PURPOSE,123456789,"{""run_as"": {""email"": ""user14@example.com""}, ""actor_type"": ""user""}"
2026-02-17T02:00:00,2026-02-17T03:00:00,0.0,ALL_PURPOSE,123456789,"{""run_as"": {""email"": ""user14@example.com""}, ""actor_type"": ""user""}"
2026-02-17T03:00:00,2026-02-17T04:00:00,0.0,ALL_PURPOSE,123456789,"{""run_as"": {""email"": ""user14@example.com""}, ""actor_type"": ""user""}"
2026-02-17T04:00:00,2026-02-17T05:00:00,0.0,ALL_PURPOSE,123456789,"{""run_as"": {""email"": ""user14@example.com""}, ""actor_type"": ""user""}"
2026-02-17T05:00:00,2026-02-17T06:00:00,0.0431,ALL_PURPOSE,123456789,"{""run_as"": {""email"": ""user14@example.com""}, ""actor_type"": ""user""}"
2026-02-17T06:00:00,2026-02-17T07:00:00,0.0,ALL_PURPOSE,123456789,"{""run_as"": {""email"": ""user14@example.com""}, ""actor_type"": ""user""}"
2026-02-17T07:00:00,2026-02-17T08:00:00,0.0,ALL_PURPOSE,123456789,"{""run_as"": {""email"": ""user14@example.com""}, ""actor_type"": ""user""}"
2026-02-17T08:00:00,2026-02-17T09:00:00,0.267,ALL_PURPOSE,123456789,"{""run_as"": {""email"": ""user14@example.com""}, ""actor_type"": ""user""}"
2026-02-17T09:00:00,2026-02-17T10:00:00,0.3129,ALL_PURPOSE,123456789,"{""run_as"": {""email"": ""user14@example.com""}, ""actor_type"": ""user""}"
2026-02-17T10:00:00,2026-02-17T11:00:00,0.0822,ALL_PURPOSE,123456789,"{""run_as"": {""email"": ""user14@example.com""}, ""actor_type"": ""user""}"
2026-02-17T11:00:00,2026-02-17T12:00:00,0.0739,ALL_PURPOSE,123456789,"{""run_as"": {""email"": ""user14@example.com""}, ""actor_type"": ""user""}"
2026-02-17T12:00:00,2026-02-17T13:00:00,0.0363,ALL_PURPOSE,123456789,"{""run_as"": {""email"": ""user14@example.com""}, ""actor_type"": ""user""}"
2026-02-17T13:00:00,2026-02-17T14:00:00,0.3767,ALL_PURPOSE,123456789,"{""run_as"": {""email"": ""user14@example.com""}, ""actor_type"": ""user""}"
2026-02-17T14:00:00,2026-02-17T15:00:00,0.1391,ALL_PURPOSE,123456789,"{""run_as"": {""email"": ""user14@example.com""}, ""actor_type"": ""user""}"
2026-02-17T15:00:00,2026-02-17T16:00:00,0.2003,ALL_PURPOSE,123456789,"{""run_as"": {""email"": ""user14@example.com""}, ""actor_type"": ""user""}"
2026-02-17T16:00:00,2026-02-17T17:00:00,0.0967,ALL_PURPOSE,123456789,"{""run_as"": {""email"": ""user14@example.com""}, ""actor_type"": ""user""}"
2026-02-17T17:00:00,2026-02-17T18:00:00,0.0396,ALL_PURPOSE,123456789,"{""run_as"": {""email"": ""user14@example.com""}, ""actor_type"": ""user""}"
2026-02-17T18:00:00,2026-02-17T19:00:00,0.0056,ALL_PURPOSE,123456789,"{""run_as"": {""email"": ""user14@example.com""}, ""actor_type"": ""user""}"
2026-02-17T19:00:00,2026-02-17T20:00:00,0.0766,ALL_PURPOSE,123456789,"{""run_as"": {""email"": ""user14@example.com""}, ""actor_type"": ""user""}"
2026-02-17T20:00:00,2026-02-17T21:00:00,0.3607,ALL_PURPOSE,123456789,"{""run_as"": {""email"": ""user14@example.com""}, ""actor_type"": ""user""}"
2026-02-17T21:00:00,2026-02-17T22:00:00,0.0,ALL_PURPOSE,123456789,"{""run_as"": {""email"": ""user14@example.com""}, ""actor_type"": ""user""}"
2026-02-17T22:00:00,2026-02-17T23:00:00,0.0856,ALL_PURPOSE,123456789,"{""run_as"": {""email"": ""user14@example.com""}, ""actor_type"": ""user""}"
2026-02-17T23:00:00,2026-02-18T00:00:00,0.1466,ALL_PURPOSE,123456789,"{""run_as"": {""email"": ""user14@example.com""}, ""actor_type"": ""user""}"
2026-02-18T00:00:00,2026-02-18T01:00:00,0.7315,ALL_PURPOSE,123456789,"{""run_as"": {""email"": ""user14@example.com""}, ""actor_type"": ""user""}"
2026-02-18T01:00:00,2026-02-18T02:00:00,0.2647,ALL_PURPOSE,123456789,"{""run_as"": {""email"": ""user14@example.com""}, ""actor_type"": ""user""}"
2026-02-18T02:00:00,2026-02-18T03:00:00,0.2446,ALL_PURPOSE,123456789,"{""run_as"": {""email"": ""user14@example.com""}, ""actor_type"": ""user""}"
2026-02-18T03:00:00,2026-02-18T04:00:00,0.0,ALL_PURPOSE,123456789,"{""run_as"": {""email"": ""user14@example.com""}, ""actor_type"": ""user""}"
2026-02-18T04:00:00,2026-02-18T05:00:00,0.4298,ALL_PURPOSE,123456789,"{""run_as"": {""email"": ""user14@example.com""}, ""actor_type"": ""user""}"
2026-02-18T05:00:00,2026-02-18T06:00:00,0.1248,ALL_PURPOSE,123456789,"{""run_as"": {""email"": ""user14@example.com""}, ""actor_type"": ""user""}"
2026-02-18T06:00:00,2026-02-18T07:00:00,0.2216,ALL_PURPOSE,123456789,"{""run_as"": {""email"": ""user14@example.com""}, ""actor_type"": ""user""}"
2026-02-18T07:00:00,2026-02-18T08:00:00,0.3421,ALL_PURPOSE,123456789,"{""run_as"": {""email"": ""user14@example.com""}, ""actor_type"": ""user""}"
2026-02-18T08:00:00,2026-02-18T09:00:00,0.0278,ALL_PURPOSE,123456789,"{""run_as"": {""email"": ""user14@example.com""}, ""actor_type"": ""user""}"
2026-02-18T09:00:00,2026-02-18T10:00:00,0.1903,ALL_PURPOSE,123456789,"{""run_as"": {""email"": ""user14@example.com""}, ""actor_type"": ""user""}"
2026-02-18T10:00:00,2026-02-18T11:00:00,0.0717,ALL_PURPOSE,123456789,"{""run_as"": {""email"": ""user14@example.com""}, ""actor_type"": ""user""}"
2026-02-18T11:00:00,2026-02-18T12:00:00,0.0,ALL_PURPOSE,123456789,"{""run_as"": {""email"": ""user14@example.com""}, ""actor_type"": ""user""}"
2026-02-18T12:00:00,2026-02-18T13:00:00,0.1752,ALL_PURPOSE,123456789,"{""run_as"": {""email"": ""user14@example.com""}, ""actor_type"": ""user""}"
2026-02-18T13:00:00,2026-02-18T14:00:00,0.0,ALL_PURPOSE,123456789,"{""run_as"": {""email"": ""user14@example.com""}, ""actor_type"": ""user""}"
2026-02-18T14:00:00,2026-02-18T15:00:00,0.1602,ALL_PURPOSE,123456789,"{""run_as"": {""email"": ""user14@example.com""}, ""actor_type"": ""user""}"
2026-02-18T15:00:00,2026-02-18T16:00:00,0.0407,ALL_PURPOSE,123456789,"{""run_as"": {""email"": ""user14@example.com""}, ""actor_type"": ""user""}"
2026-02-18T16:00:00,2026-02-18T17:00:00,0.0,ALL_PURPOSE,123456789,"{""run_as"": {""email"": ""user14@example.com""}, ""actor_type"": ""user""}"
2026-02-18T17:00:00,2026-02-18T18:00:00,0.3901,ALL_PURPOSE,123456789,"{""run_as"": {""email"": ""user14@example.com""}, ""actor_type"": ""user""}"
2026-02-18T18:00:00,2026-02-18T19:00:00,0.238,ALL_PURPOSE,123456789,"{""run_as"": {""email"": ""user14@example.com""}, ""actor_type"": ""user""}"
2026-02-18T19:00:00,2026-02-18T20:00:00,0.0491,ALL_PURPOSE,123456789,"{""run_as"": {""email"": ""user14@example.com""}, ""actor_type"": ""user""}"
2026-02-18T20:00:00,2026-02-18T21:00:00,0.2901,ALL_PURPOSE,123456789,"{""run_as"": {""email"": ""user14@example.com""}, ""actor_type"": ""user""}"
2026-02-18T21:00:00,2026-02-18T22:00:00,0.2854,ALL_PURPOSE,123456789,"{""run_as"": {""email"": ""user14@example.com""}, ""actor_type"": ""user""}"
2026-02-18T22:00:00,2026-02-18T23:00:00,0.1092,ALL_PURPOSE,123456789,"{""run_as"": {""email"": ""user14@example.com""}, ""actor_type"": ""user""}"
2026-02-18T23:00:00,2026-02-19T00:00:00,0.1601,ALL_PURPOSE,123456789,"{""run_as"": {""email"": ""user14@example.com""}, ""actor_type"": ""user""}"
2026-02-19T00:00:00,2026-02-19T01:00:00,0.1618,ALL_PURPOSE,123456789,"{""run_as"": {""email"": ""user14@example.com""}, ""actor_type"": ""user""}"
2026-02-19T01:00:00,2026-02-19T02:00:00,0.5827,ALL_PURPOSE,123456789,"{""run_as"": {""email"": ""user14@example.com""}, ""actor_type"": ""user""}"
2026-02-19T02:00:00,2026-02-19T03:00:00,0.0,ALL_PURPOSE,123456789,"{""run_as"": {""email"": ""user14@example.com""}, ""actor_type"": ""user""}"
2026-02-19T03:00:00,2026-02-19T04:00:00,0.0273,ALL_PURPOSE,123456789,"{""run_as"": {""email"": ""user14@example.com""}, ""actor_type"": ""user""}"
2026-02-19T04:00:00,2026-02-19T05:00:00,0.1531,ALL_PURPOSE,123456789,"{""run_as"": {""email"": ""user14@example.com""}, ""actor_type"": ""user""}"
2026-02-19T05:00:00,2026-02-19T06:00:00,0.4023,ALL_PURPOSE,123456789,"{""run_as"": {""email"": ""user14@example.com""}, ""actor_type"": ""user""}"
2026-02-19T06:00:00,2026-02-19T07:00:00,0.307,ALL_PURPOSE,123456789,"{""run_as"": {""email"": ""user14@example.com""}, ""actor_type"": ""user""}"
2026-02-19T07:00:00,2026-02-19T08:00:00,0.0808,ALL_PURPOSE,123456789,"{""run_as"": {""email"": ""user14@example.com""}, ""actor_type"": ""user""}"
2026-02-19T08:00:00,2026-02-19T09:00:00,0.1961,ALL_PURPOSE,123456789,"{""run_as"": {""email"": ""user14@example.com""}, ""actor_type"": ""user""}"
2026-02-19T09:00:00,2026-02-19T10:00:00,0.1374,ALL_PURPOSE,123456789,"{""run_as"": {""email"": ""user14@example.com""}, ""actor_type"": ""user""}"
2026-02-19T10:00:00,2026-02-19T11:00:00,0.2186,ALL_PURPOSE,123456789,"{""run_as"": {""email"": ""user14@example.com""}, ""actor_type"": ""user""}"
2026-02-19T11:00:00,2026-02-19T12:00:00,0.0126,ALL_PURPOSE,123456789,"{""run_as"": {""email"": ""user14@example.com""}, ""actor_type"": ""user""}"
2026-02-19T12:00:00,2026-02-19T13:00:00,0.366,ALL_PURPOSE,123456789,"{""run_as"": {""email"": ""user14@example.com""}, ""actor_type"": ""user""}"
2026-02-19T13:00:00,2026-02-19T14:00:00,0.1258,ALL_PURPOSE,123456789,"{""run_as"": {""email"": ""user14@example.com""}, ""actor_type"": ""user""}"
2026-02-19T14:00:00,2026-02-19T15:00:00,0.0,ALL_PURPOSE,123456789,"{""run_as"": {""email"": ""user14@example.com""}, ""actor_type"": ""user""}"
2026-02-19T15:00:00,2026-02-19T16:00:00,0.2227,ALL_PURPOSE,123456789,"{""run_as"": {""email"": ""user14@example.com""}, ""actor_type"": ""user""}"
2026-02-19T16:00:00,2026-02-19T17:00:00,0.1212,ALL_PURPOSE,123456789,"{""run_as"": {""email"": ""user14@example.com""}, ""actor_type"": ""user""}"
2026-02-19T17:00:00,2026-02-19T18:00:00,0.0,ALL_PURPOSE,123456789,"{""run_as"": {""email"": ""user14@example.com""}, ""actor_type"": ""user""}"
2026-02-19T18:00:00,2026-02-19T19:00:00,0.2863,ALL_PURPOSE,123456789,"{""run_as"": {""email"": ""user14@example.com""}, ""actor_type"": ""user""}"
2026-02-19T19:00:00,2026-02-19T20:00:00,0.0438,ALL_PURPOSE,123456789,"{""run_as"": {""email"": ""user14@example.com""}, ""actor_type"": ""user""}"
2026-02-19T20:00:00,2026-02-19T21:00:00,0.264,ALL_PURPOSE,123456789,"{""run_as"": {""email"": ""user14@example.com""}, ""actor_type"": ""user""}"
2026-02-19T21:00:00,2026-02-19T22:00:00,0.2289,ALL_PURPOSE,123456789,"{""run_as"": {""email"": ""user14@example.com""}, ""actor_type"": ""user""}"
2026-02-19T22:00:00,2026-02-19T23:00:00,0.3417,ALL_PURPOSE,123456789,"{""run_as"": {""email"": ""user14@example.com""}, ""actor_type"": ""user""}"
2026-02-19T23:00:00,2026-02-20T00:00:00,0.1979,ALL_PURPOSE,123456789,"{""run_as"": {""email"": ""user14@example.com""}, ""actor_type"": ""user""}"
2026-02-20T00:00:00,2026-02-20T01:00:00,0.1411,ALL_PURPOSE,123456789,"{""run_as"": {""email"": ""user14@example.com""}, ""actor_type"": ""user""}"
2026-02-20T01:00:00,2026-02-20T02:00:00,0.6971,ALL_PURPOSE,123456789,"{""run_as"": {""email"": ""user14@example.com""}, ""actor_type"": ""user""}"
2026-02-20T02:00:00,2026-02-20T03:00:00,1.0208,ALL_PURPOSE,123456789,"{""run_as"": {""email"": ""user14@example.com""}, ""actor_type"": ""user""}"
2026-02-20T03:00:00,2026-02-20T04:00:00,0.3891,ALL_PURPOSE,123456789,"{""run_as"": {""email"": ""user14@example.com""}, ""actor_type"": ""user""}"
2026-02-20T04:00:00,2026-02-20T05:00:00,0.8182,ALL_PURPOSE,123456789,"{""run_as"": {""email"": ""user14@example.com""}, ""actor_type"": ""user""}"
2026-02-20T05:00:00,2026-02-20T06:00:00,0.6776,ALL_PURPOSE,123456789,"{""run_as"": {""email"": ""user14@example.com""}, ""actor_type"": ""user""}"
2026-02-20T06:00:00,2026-02-20T07:00:00,0.0079,ALL_PURPOSE,123456789,"{""run_as"": {""email"": ""user14@example.com""}, ""actor_type"": ""user""}"
2026-02-20T07:00:00,2026-02-20T08:00:00,0.1844,ALL_PURPOSE,123456789,"{""run_as"": {""email"": ""user14@example.com""}, ""actor_type"": ""user""}"
2026-02-20T08:00:00,2026-02-20T09:00:00,0.2272,ALL_PURPOSE,123456789,"{""run_as"": {""email"": ""user14@example.com""}, ""actor_type"": ""user""}"
2026-02-20T09:00:00,2026-02-20T10:00:00,0.1066,ALL_PURPOSE,123456789,"{""run_as"": {""email"": ""user14@example.com""}, ""actor_type"": ""user""}"
2026-02-20T10:00:00,2026-02-20T11:00:00,0.2352,ALL_PURPOSE,123456789,"{""run_as"": {""email"": ""user14@example.com""}, ""actor_type"": ""user""}"
2026-02-20T11:00:00,2026-02-20T12:00:00,0.1511,ALL_PURPOSE,123456789,"{""run_as"": {""email"": ""user14@example.com""}, ""actor_type"": ""user""}"
2026-02-20T12:00:00,2026-02-20T13:00:00,0.229,ALL_PURPOSE,123456789,"{""run_as"": {""email"": ""user14@example.com""}, ""actor_type"": ""user""}"
2026-02-20T13:00:00,2026-02-20T14:00:00,0.04,ALL_PURPOSE,123456789,"{""run_as"": {""email"": ""user14@example.com""}, ""actor_type"": ""user""}"
2026-02-20T14:00:00,2026-02-20T15:00:00,0.1344,ALL_PURPOSE,123456789,"{""run_as"": {""email"": ""user14@example.com""}, ""actor_type"": ""user""}"
2026-02-20T15:00:00,2026-02-20T16:00:00,0.306,ALL_PURPOSE,123456789,"{""run_as"": {""email"": ""user14@example.com""}, ""actor_type"": ""user""}"
2026-02-20T16:00:00,2026-02-20T17:00:00,0.2459,ALL_PURPOSE,123456789,"{""run_as"": {""email"": ""user14@example.com""}, ""actor_type"": ""user""}"
2026-02-13T17:00:00,2026-02-13T18:00:00,0.1744,ALL_PURPOSE,123456789,"{""run_as"": {""email"": ""user15@example.com""}, ""actor_type"": ""user""}"
2026-02-13T18:00:00,2026-02-13T19:00:00,0.3389,ALL_PURPOSE,123456789,"{""run_as"": {""email"": ""user15@example.com""}, ""actor_type"": ""user""}"
2026-02-13T19:00:00,2026-02-13T20:00:00,0.3362,ALL_PURPOSE,123456789,"{""run_as"": {""email"": ""user15@example.com""}, ""actor_type"": ""user""}"
2026-02-13T20:00:00,2026-02-13T21:00:00,0.0,ALL_PURPOSE,123456789,"{""run_as"": {""email"": ""user15@example.com""}, ""actor_type"": ""user""}"
2026-02-13T21:00:00,2026-02-13T22:00:00,0.3985,ALL_PURPOSE,123456789,"{""run_as"": {""email"": ""user15@example.com""}, ""actor_type"": ""user""}"
2026-02-13T22:00:00,2026-02-13T23:00:00,0.0,ALL_PURPOSE,123456789,"{""run_as"": {""email"": ""user15@example.com""}, ""actor_type"": ""user""}"
2026-02-13T23:00:00,2026-02-14T00:00:00,0.0,ALL_PURPOSE,123456789,"{""run_as"": {""email"": ""user15@example.com""}, ""actor_type"": ""user""}"
2026-02-14T00:00:00,2026-02-14T01:00:00,0.3205,ALL_PURPOSE,123456789,"{""run_as"": {""email"": ""user15@example.com""}, ""actor_type"": ""user""}"
2026-02-14T01:00:00,2026-02-14T02:00:00,0.3183,ALL_PURPOSE,123456789,"{""run_as"": {""email"": ""user15@example.com""}, ""actor_type"": ""user""}"
2026-02-14T02:00:00,2026-02-14T03:00:00,0.3217,ALL_PURPOSE,123456789,"{""run_as"": {""email"": ""user15@example.com""}, ""actor_type"": ""user""}"
2026-02-14T03:00:00,2026-02-14T04:00:00,0.08,ALL_PURPOSE,123456789,"{""run_as"": {""email"": ""user15@example.com""}, ""actor_type"": ""user""}"
2026-02-14T04:00:00,2026-02-14T05:00:00,0.1813,ALL_PURPOSE,123456789,"{""run_as"": {""email"": ""user15@example.com""}, ""actor_type"": ""user""}"
2026-02-14T05:00:00,2026-02-14T06:00:00,0.0074,ALL_PURPOSE,123456789,"{""run_as"": {""email"": ""user15@example.com""}, ""actor_type"": ""user""}"
2026-02-14T06:00:00,2026-02-14T07:00:00,0.2307,ALL_PURPOSE,123456789,"{""run_as"": {""email"": ""user15@example.com""}, ""actor_type"": ""user""}"
2026-02-14T07:00:00,2026-02-14T08:00:00,0.3848,ALL_PURPOSE,123456789,"{""run_as"": {""email"": ""user15@example.com""}, ""actor_type"": ""user""}"
2026-02-14T08:00:00,2026-02-14T09:00:00,0.1869,ALL_PURPOSE,123456789,"{""run_as"": {""email"": ""user15@example.com""}, ""actor_type"": ""user""}"
2026-02-14T09:00:00,2026-02-14T10:00:00,0.2131,ALL_PURPOSE,123456789,"{""run_as"": {""email"": ""user15@example.com""}, ""actor_type"": ""user""}"
2026-02-14T10:00:00,2026-02-14T11:00:00,0.3076,ALL_PURPOSE,123456789,"{""run_as"": {""email"": ""user15@example.com""}, ""actor_type"": ""user""}"
2026-02-14T11:00:00,2026-02-14T12:00:00,0.2264,ALL_PURPOSE,123456789,"{""run_as"": {""email"": ""user15@example.com""}, ""actor_type"": ""user""}"
2026-02-14T12:00:00,2026-02-14T13:00:00,0.2089,ALL_PURPOSE,123456789,"{""run_as"": {""email"": ""user15@example.com""}, ""actor_type"": ""user""}"
2026-02-14T13:00:00,2026-02-14T14:00:00,0.0591,ALL_PURPOSE,123456789,"{""run_as"": {""email"": ""user15@example.com""}, ""actor_type"": ""user""}"
2026-02-14T14:00:00,2026-02-14T15:00:00,0.2741,ALL_PURPOSE,123456789,"{""run_as"": {""email"": ""user15@example.com""}, ""actor_type"": ""user""}"
2026-02-14T15:00:00,2026-02-14T16:00:00,0.1742,ALL_PURPOSE,123456789,"{""run_as"": {""email"": ""user15@example.com""}, ""actor_type"": ""user""}"
2026-02-14T16:00:00,2026-02-14T17:00:00,0.0,ALL_PURPOSE,123456789,"{""run_as"": {""email"": ""user15@example.com""}, ""actor_type"": ""user""}"
2026-02-14T17:00:00,2026-02-14T18:00:00,0.0814,ALL_PURPOSE,123456789,"{""run_as"": {""email"": ""user15@example.com""}, ""actor_type"": ""user""}"
2026-02-14T18:00:00,2026-02-14T19:00:00,0.3295,ALL_PURPOSE,123456789,"{""run_as"": {""email"": ""user15@example.com""}, ""actor_type"": ""user""}"
2026-02-14T19:00:00,2026-02-14T20:00:00,0.1026,ALL_PURPOSE,123456789,"{""run_as"": {""email"": ""user15@example.com""}, ""actor_type"": ""user""}"
2026-02-14T20:00:00,2026-02-14T21:00:00,0.0,ALL_PURPOSE,123456789,"{""run_as"": {""email"": ""user15@example.com""}, ""actor_type"": ""user""}"
2026-02-14T21:00:00,2026-02-14T22:00:00,0.0768,ALL_PURPOSE,123456789,"{""run_as"": {""email"": ""user15@example.com""}, ""actor_type"": ""user""}"
2026-02-14T22:00:00,2026-02-14T23:00:00,0.3309,ALL_PURPOSE,123456789,"{""run_as"": {""email"": ""user15@example.com""}, ""actor_type"": ""user""}"
2026-02-14T23:00:00,2026-02-15T00:00:00,0.0,ALL_PURPOSE,123456789,"{""run_as"": {""email"": ""user15@example.com""}, ""actor_type"": ""user""}"
2026-02-15T00:00:00,2026-02-15T01:00:00,0.3446,ALL_PURPOSE,123456789,"{""run_as"": {""email"": ""user15@example.com""}, ""actor_type"": ""user""}"
2026-02-15T01:00:00,2026-02-15T02:00:00,0.9602,ALL_PURPOSE,123456789,"{""run_as"": {""email"": ""user15@example.com""}, ""actor_type"": ""user""}"
2026-02-15T02:00:00,2026-02-15T03:00:00,0.0,ALL_PURPOSE,123456789,"{""run_as"": {""email"": ""user15@example.com""}, ""actor_type"": ""user""}"
2026-02-15T03:00:00,2026-02-15T04:00:00,0.2406,ALL_PURPOSE,123456789,"{""run_as"": {""email"": ""user15@example.com""}, ""actor_type"": ""user""}"
2026-02-15T04:00:00,2026-02-15T05:00:00,0.1628,ALL_PURPOSE,123456789,"{""run_as"": {""email"": ""user15@example.com""}, ""actor_type"": ""user""}"
2026-02-15T05:00:00,2026-02-15T06:00:00,0.0361,ALL_PURPOSE,123456789,"{""run_as"": {""email"": ""user15@example.com""}, ""actor_type"": ""user""}"
2026-02-15T06:00:00,2026-02-15T07:00:00,0.0,ALL_PURPOSE,123456789,"{""run_as"": {""email"": ""user15@example.com""}, ""actor_type"": ""user""}"
2026-02-15T07:00:00,2026-02-15T08:00:00,0.2938,ALL_PURPOSE,123456789,"{""run_as"": {""email"": ""user15@example.com""}, ""actor_type"": ""user""}"
2026-02-15T08:00:00,2026-02-15T09:00:00,0.2088,ALL_PURPOSE,123456789,"{""run_as"": {""email"": ""user15@example.com""}, ""actor_type"": ""user""}"
2026-02-15T09:00:00,2026-02-15T10:00:00,0.3799,ALL_PURPOSE,123456789,"{""run_as"": {""email"": ""user15@example.com""}, ""actor_type"": ""user""}"
2026-02-15T10:00:00,2026-02-15T11:00:00,0.1007,ALL_PURPOSE,123456789,"{""run_as"": {""email"": ""user15@example.com""}, ""actor_type"": ""user""}"
2026-02-15T11:00:00,2026-02-15T12:00:00,0.0,ALL_PURPOSE,123456789,"{""run_as"": {""email"": ""user15@example.com""}, ""actor_type"": ""user""}"
2026-02-15T12:00:00,2026-02-15T13:00:00,0.3227,ALL_PURPOSE,123456789,"{""run_as"": {""email"": ""user15@example.com""}, ""actor_type"": ""user""}"
2026-02-15T13:00:00,2026-02-15T14:00:00,0.2337,ALL_PURPOSE,123456789,"{""run_as"": {""email"": ""user15@example.com""}, ""actor_type"": ""user""}"
2026-02-15T14:00:00,2026-02-15T15:00:00,0.2993,ALL_PURPOSE,123456789,"{""run_as"": {""email"": ""user15@example.com""}, ""actor_type"": ""user""}"
2026-02-15T15:00:00,2026-02-15T16:00:00,0.0,ALL_PURPOSE,123456789,"{""run_as"": {""email"": ""user15@example.com""}, ""actor_type"": ""user""}"
2026-02-15T16:00:00,2026-02-15T17:00:00,0.0701,ALL_PURPOSE,123456789,"{""run_as"": {""email"": ""user15@example.com""}, ""actor_type"": ""user""}"
2026-02-15T17:00:00,2026-02-15T18:00:00,0.1758,ALL_PURPOSE,123456789,"{""run_as"": {""email"": ""user15@example.com""}, ""actor_type"": ""user""}"
2026-02-15T18:00:00,2026-02-15T19:00:00,0.2358,ALL_PURPOSE,123456789,"{""run_as"": {""email"": ""user15@example.com""}, ""actor_type"": ""user""}"
2026-02-15T19:00:00,2026-02-15T20:00:00,0.1499,ALL_PURPOSE,123456789,"{""run_as"": {""email"": ""user15@example.com""}, ""actor_type"": ""user""}"
2026-02-15T20:00:00,2026-02-15T21:00:00,0.1266,ALL_PURPOSE,123456789,"{""run_as"": {""email"": ""user15@example.com""}, ""actor_type"": ""user""}"
2026-02-15T21:00:00,2026-02-15T22:00:00,0.2731,ALL_PURPOSE,123456789,"{""run_as"": {""email"": ""user15@example.com""}, ""actor_type"": ""user""}"
2026-02-15T22:00:00,2026-02-15T23:00:00,0.3518,ALL_PURPOSE,123456789,"{""run_as"": {""email"": ""user15@example.com""}, ""actor_type"": ""user""}"
2026-02-15T23:00:00,2026-02-16T00:00:00,0.0,ALL_PURPOSE,123456789,"{""run_as"": {""email"": ""user15@example.com""}, ""actor_type"": ""user""}"
2026-02-16T00:00:00,2026-02-16T01:00:00,0.3867,ALL_PURPOSE,123456789,"{""run_as"": {""email"": ""user15@example.com""}, ""actor_type"": ""user""}"
2026-02-16T01:00:00,2026-02-16T02:00:00,0.2649,ALL_PURPOSE,123456789,"{""run_as"": {""email"": ""user15@example.com""}, ""actor_type"": ""user""}"
2026-02-16T02:00:00,2026-02-16T03:00:00,0.8024,ALL_PURPOSE,123456789,"{""run_as"": {""email"": ""user15@example.com""}, ""actor_type"": ""user""}"
2026-02-16T03:00:00,2026-02-16T04:00:00,0.3834,ALL_PURPOSE,123456789,"{""run_as"": {""email"": ""user15@example.com""}, ""actor_type"": ""user""}"
2026-02-16T04:00:00,2026-02-16T05:00:00,0.0488,ALL_PURPOSE,123456789,"{""run_as"": {""email"": ""user15@example.com""}, ""actor_type"": ""user""}"
2026-02-16T05:00:00,2026-02-16T06:00:00,0.1554,ALL_PURPOSE,123456789,"{""run_as"": {""email"": ""user15@example.com""}, ""actor_type"": ""user""}"
2026-02-16T06:00:00,2026-02-16T07:00:00,0.3912,ALL_PURPOSE,123456789,"{""run_as"": {""email"": ""user15@example.com""}, ""actor_type"": ""user""}"
2026-02-16T07:00:00,2026-02-16T08:00:00,0.0361,ALL_PURPOSE,123456789,"{""run_as"": {""email"": ""user15@example.com""}, ""actor_type"": ""user""}"
2026-02-16T08:00:00,2026-02-16T09:00:00,0.0942,ALL_PURPOSE,123456789,"{""run_as"": {""email"": ""user15@example.com""}, ""actor_type"": ""user""}"
2026-02-16T09:00:00,2026-02-16T10:00:00,0.3561,ALL_PURPOSE,123456789,"{""run_as"": {""email"": ""user15@example.com""}, ""actor_type"": ""user""}"
2026-02-16T10:00:00,2026-02-16T11:00:00,0.2525,ALL_PURPOSE,123456789,"{""run_as"": {""email"": ""user15@example.com""}, ""actor_type"": ""user""}"
2026-02-16T11:00:00,2026-02-16T12:00:00,0.3067,ALL_PURPOSE,123456789,"{""run_as"": {""email"": ""user15@example.com""}, ""actor_type"": ""user""}"
2026-02-16T12:00:00,2026-02-16T13:00:00,0.0136,ALL_PURPOSE,123456789,"{""run_as"": {""email"": ""user15@example.com""}, ""actor_type"": ""user""}"
2026-02-16T13:00:00,2026-02-16T14:00:00,0.3293,ALL_PURPOSE,123456789,"{""run_as"": {""email"": ""user15@example.com""}, ""actor_type"": ""user""}"
2026-02-16T14:00:00,2026-02-16T15:00:00,0.1884,ALL_PURPOSE,123456789,"{""run_as"": {""email"": ""user15@example.com""}, ""actor_type"": ""user""}"
2026-02-16T15:00:00,2026-02-16T16:00:00,0.3365,ALL_PURPOSE,123456789,"{""run_as"": {""email"": ""user15@example.com""}, ""actor_type"": ""user""}"
2026-02-16T16:00:00,2026-02-16T17:00:00,0.3507,ALL_PURPOSE,123456789,"{""run_as"": {""email"": ""user15@example.com""}, ""actor_type"": ""user""}"
2026-02-16T17:00:00,2026-02-16T18:00:00,0.3298,ALL_PURPOSE,123456789,"{""run_as"": {""email"": ""user15@example.com""}, ""actor_type"": ""user""}"
2026-02-16T18:00:00,2026-02-16T19:00:00,0.2025,ALL_PURPOSE,123456789,"{""run_as"": {""email"": ""user15@example.com""}, ""actor_type"": ""user""}"
2026-02-16T19:00:00,2026-02-16T20:00:00,0.2408,ALL_PURPOSE,123456789,"{""run_as"": {""email"": ""user15@example.com""}, ""actor_type"": ""user""}"
2026-02-16T20:00:00,2026-02-16T21:00:00,0.2951,ALL_PURPOSE,123456789,"{""run_as"": {""email"": ""user15@example.com""}, ""actor_type"": ""user""}"
2026-02-16T21:00:00,2026-02-16T22:00:00,0.0,ALL_PURPOSE,123456789,"{""run_as"": {""email"": ""user15@example.com""}, ""actor_type"": ""user""}"
2026-02-16T22:00:00,2026-02-16T23:00:00,0.2566,ALL_PURPOSE,123456789,"{""run_as"": {""email"": ""user15@example.com""}, ""actor_type"": ""user""}"
2026-02-16T23:00:00,2026-02-17T00:00:00,0.0544,ALL_PURPOSE,123456789,"{""run_as"": {""email"": ""user15@example.com""}, ""actor_type"": ""user""}"
2026-02-17T00:00:00,2026-02-17T01:00:00,0.336,ALL_PURPOSE,123456789,"{""run_as"": {""email"": ""user15@example.com""}, ""actor_type"": ""user""}"
2026-02-17T01:00:00,2026-02-17T02:00:00,0.3879,ALL_PURPOSE,123456789,"{""run_as"": {""email"": ""user15@example.com""}, ""actor_type"": ""user""}"
2026-02-17T02:00:00,2026-02-17T03:00:00,0.3388,ALL_PURPOSE,123456789,"{""run_as"": {""email"": ""user15@example.com""}, ""actor_type"": ""user""}"
2026-02-17T03:00:00,2026-02-17T04:00:00,0.1278,ALL_PURPOSE,123456789,"{""run_as"": {""email"": ""user15@example.com""}, ""actor_type"": ""user""}"
2026-02-17T04:00:00,2026-02-17T05:00:00,0.1043,ALL_PURPOSE,123456789,"{""run_as"": {""email"": ""user15@example.com""}, ""actor_type"": ""user""}"
2026-02-17T05:00:00,2026-02-17T06:00:00,0.71,ALL_PURPOSE,123456789,"{""run_as"": {""email"": ""user15@example.com""}, ""actor_type"": ""user""}"
2026-02-17T06:00:00,2026-02-17T07:00:00,0.3506,ALL_PURPOSE,123456789,"{""run_as"": {""email"": ""user15@example.com""}, ""actor_type"": ""user""}"
2026-02-17T07:00:00,2026-02-17T08:00:00,0.3537,ALL_PURPOSE,123456789,"{""run_as"": {""email"": ""user15@example.com""}, ""actor_type"": ""user""}"
2026-02-17T08:00:00,2026-02-17T09:00:00,0.3792,ALL_PURPOSE,123456789,"{""run_as"": {""email"": ""user15@example.com""}, ""actor_type"": ""user""}"
2026-02-17T09:00:00,2026-02-17T10:00:00,0.2588,ALL_PURPOSE,123456789,"{""run_as"": {""email"": ""user15@example.com""}, ""actor_type"": ""user""}"
2026-02-17T10:00:00,2026-02-17T11:00:00,0.3627,ALL_PURPOSE,123456789,"{""run_as"": {""email"": ""user15@example.com""}, ""actor_type"": ""user""}"
2026-02-17T11:00:00,2026-02-17T12:00:00,0.0793,ALL_PURPOSE,123456789,"{""run_as"": {""email"": ""user15@example.com""}, ""actor_type"": ""user""}"
2026-02-17T12:00:00,2026-02-17T13:00:00,0.0675,ALL_PURPOSE,123456789,"{""run_as"": {""email"": ""user15@example.com""}, ""actor_type"": ""user""}"
2026-02-17T13:00:00,2026-02-17T14:00:00,0.1716,ALL_PURPOSE,123456789,"{""run_as"": {""email"": ""user15@example.com""}, ""actor_type"": ""user""}"
2026-02-17T14:00:00,2026-02-17T15:00:00,0.0356,ALL_PURPOSE,123456789,"{""run_as"": {""email"": ""user15@example.com""}, ""actor_type"": ""user""}"
2026-02-17T15:00:00,2026-02-17T16:00:00,0.0,ALL_PURPOSE,123456789,"{""run_as"": {""email"": ""user15@example.com""}, ""actor_type"": ""user""}"
2026-02-17T16:00:00,2026-02-17T17:00:00,0.2874,ALL_PURPOSE,123456789,"{""run_as"": {""email"": ""user15@example.com""}, ""actor_type"": ""user""}"
2026-02-17T17:00:00,2026-02-17T18:00:00,0.368,ALL_PURPOSE,123456789,"{""run_as"": {""email"": ""user15@example.com""}, ""actor_type"": ""user""}"
2026-02-17T18:00:00,2026-02-17T19:00:00,0.0,ALL_PURPOSE,123456789,"{""run_as"": {""email"": ""user15@example.com""}, ""actor_type"": ""user""}"
2026-02-17T19:00:00,2026-02-17T20:00:00,0.2854,ALL_PURPOSE,123456789,"{""run_as"": {""email"": ""user15@example.com""}, ""actor_type"": ""user""}"
2026-02-17T20:00:00,2026-02-17T21:00:00,0.3448,ALL_PURPOSE,123456789,"{""run_as"": {""email"": ""user15@example.com""}, ""actor_type"": ""user""}"
2026-02-17T21:00:00,2026-02-17T22:00:00,0.1152,ALL_PURPOSE,123456789,"{""run_as"": {""email"": ""user15@example.com""}, ""actor_type"": ""user""}"
2026-02-17T22:00:00,2026-02-17T23:00:00,0.0521,ALL_PURPOSE,123456789,"{""run_as"": {""email"": ""user15@example.com""}, ""actor_type"": ""user""}"
2026-02-17T23:00:00,2026-02-18T00:00:00,0.9721,ALL_PURPOSE,123456789,"{""run_as"": {""email"": ""user15@example.com""}, ""actor_type"": ""user""}"
2026-02-18T00:00:00,2026-02-18T01:00:00,0.4665,ALL_PURPOSE,123456789,"{""run_as"": {""email"": ""user15@example.com""}, ""actor_type"": ""user""}"
2026-02-18T01:00:00,2026-02-18T02:00:00,0.2471,ALL_PURPOSE,123456789,"{""run_as"": {""email"": ""user15@example.com""}, ""actor_type"": ""user""}"
2026-02-18T02:00:00,2026-02-18T03:00:00,0.0,ALL_PURPOSE,123456789,"{""run_as"": {""email"": ""user15@example.com""}, ""actor_type"": ""user""}"
2026-02-18T03:00:00,2026-02-18T04:00:00,0.6384,ALL_PURPOSE,123456789,"{""run_as"": {""email"": ""user15@example.com""}, ""actor_type"": ""user""}"
2026-02-18T04:00:00,2026-02-18T05:00:00,0.2853,ALL_PURPOSE,123456789,"{""run_as"": {""email"": ""user15@example.com""}, ""actor_type"": ""user""}"
2026-02-18T05:00:00,2026-02-18T06:00:00,0.2436,ALL_PURPOSE,123456789,"{""run_as"": {""email"": ""user15@example.com""}, ""actor_type"": ""user""}"
2026-02-18T06:00:00,2026-02-18T07:00:00,0.0939,ALL_PURPOSE,123456789,"{""run_as"": {""email"": ""user15@example.com""}, ""actor_type"": ""user""}"
2026-02-18T07:00:00,2026-02-18T08:00:00,0.3987,ALL_PURPOSE,123456789,"{""run_as"": {""email"": ""user15@example.com""}, ""actor_type"": ""user""}"
2026-02-18T08:00:00,2026-02-18T09:00:00,0.3869,ALL_PURPOSE,123456789,"{""run_as"": {""email"": ""user15@example.com""}, ""actor_type"": ""user""}"
2026-02-18T09:00:00,2026-02-18T10:00:00,0.0,ALL_PURPOSE,123456789,"{""run_as"": {""email"": ""user15@example.com""}, ""actor_type"": ""user""}"
2026-02-18T10:00:00,2026-02-18T11:00:00,0.1015,ALL_PURPOSE,123456789,"{""run_as"": {""email"": ""user15@example.com""}, ""actor_type"": ""user""}"
2026-02-18T11:00:00,2026-02-18T12:00:00,0.121,ALL_PURPOSE,123456789,"{""run_as"": {""email"": ""user15@example.com""}, ""actor_type"": ""user""}"
2026-02-18T12:00:00,2026-02-18T13:00:00,0.1484,ALL_PURPOSE,123456789,"{""run_as"": {""email"": ""user15@example.com""}, ""actor_type"": ""user""}"
2026-02-18T13:00:00,2026-02-18T14:00:00,0.2238,ALL_PURPOSE,123456789,"{""run_as"": {""email"": ""user15@example.com""}, ""actor_type"": ""user""}"
2026-02-18T14:00:00,2026-02-18T15:00:00,0.1041,ALL_PURPOSE,123456789,"{""run_as"": {""email"": ""user15@example.com""}, ""actor_type"": ""user""}"
2026-02-18T15:00:00,2026-02-18T16:00:00,0.3721,ALL_PURPOSE,123456789,"{""run_as"": {""email"": ""user15@example.com""}, ""actor_type"": ""user""}"
2026-02-18T16:00:00,2026-02-18T17:00:00,0.0528,ALL_PURPOSE,123456789,"{""run_as"": {""email"": ""user15@example.com""}, ""actor_type"": ""user""}"
2026-02-18T17:00:00,2026-02-18T18:00:00,0.0,ALL_PURPOSE,123456789,"{""run_as"": {""email"": ""user15@example.com""}, ""actor_type"": ""user""}"
2026-02-18T18:00:00,2026-02-18T19:00:00,0.0,ALL_PURPOSE,123456789,"{""run_as"": {""email"": ""user15@example.com""}, ""actor_type"": ""user""}"
2026-02-18T19:00:00,2026-02-18T20:00:00,0.0511,ALL_PURPOSE,123456789,"{""run_as"": {""email"": ""user15@example.com""}, ""actor_type"": ""user""}"
2026-02-18T20:00:00,2026-02-18T21:00:00,0.3339,ALL_PURPOSE,123456789,"{""run_as"": {""email"": ""user15@example.com""}, ""actor_type"": ""user""}"
2026-02-18T21:00:00,2026-02-18T22:00:00,0.3705,ALL_PURPOSE,123456789,"{""run_as"": {""email"": ""user15@example.com""}, ""actor_type"": ""user""}"
2026-02-18T22:00:00,2026-02-18T23:00:00,0.3508,ALL_PURPOSE,123456789,"{""run_as"": {""email"": ""user15@example.com""}, ""actor_type"": ""user""}"
2026-02-18T23:00:00,2026-02-19T00:00:00,0.8304,ALL_PURPOSE,123456789,"{""run_as"": {""email"": ""user15@example.com""}, ""actor_type"": ""user""}"
2026-02-19T00:00:00,2026-02-19T01:00:00,0.3978,ALL_PURPOSE,123456789,"{""run_as"": {""email"": ""user15@example.com""}, ""actor_type"": ""user""}"
2026-02-19T01:00:00,2026-02-19T02:00:00,0.3412,ALL_PURPOSE,123456789,"{""run_as"": {""email"": ""user15@example.com""}, ""actor_type"": ""user""}"
2026-02-19T02:00:00,2026-02-19T03:00:00,0.0,ALL_PURPOSE,123456789,"{""run_as"": {""email"": ""user15@example.com""}, ""actor_type"": ""user""}"
2026-02-19T03:00:00,2026-02-19T04:00:00,0.1041,ALL_PURPOSE,123456789,"{""run_as"": {""email"": ""user15@example.com""}, ""actor_type"": ""user""}"
2026-02-19T04:00:00,2026-02-19T05:00:00,0.0,ALL_PURPOSE,123456789,"{""run_as"": {""email"": ""user15@example.com""}, ""actor_type"": ""user""}"
2026-02-19T05:00:00,2026-02-19T06:00:00,0.1426,ALL_PURPOSE,123456789,"{""run_as"": {""email"": ""user15@example.com""}, ""actor_type"": ""user""}"
2026-02-19T06:00:00,2026-02-19T07:00:00,0.1972,ALL_PURPOSE,123456789,"{""run_as"": {""email"": ""user15@example.com""}, ""actor_type"": ""user""}"
2026-02-19T07:00:00,2026-02-19T08:00:00,0.0,ALL_PURPOSE,123456789,"{""run_as"": {""email"": ""user15@example.com""}, ""actor_type"": ""user""}"
2026-02-19T08:00:00,2026-02-19T09:00:00,0.0374,ALL_PURPOSE,123456789,"{""run_as"": {""email"": ""user15@example.com""}, ""actor_type"": ""user""}"
2026-02-19T09:00:00,2026-02-19T10:00:00,0.0723,ALL_PURPOSE,123456789,"{""run_as"": {""email"": ""user15@example.com""}, ""actor_type"": ""user""}"
2026-02-19T10:00:00,2026-02-19T11:00:00,0.2035,ALL_PURPOSE,123456789,"{""run_as"": {""email"": ""user15@example.com""}, ""actor_type"": ""user""}"
2026-02-19T11:00:00,2026-02-19T12:00:00,0.3564,ALL_PURPOSE,123456789,"{""run_as"": {""email"": ""user15@example.com""}, ""actor_type"": ""user""}"
2026-02-19T12:00:00,2026-02-19T13:00:00,0.2334,ALL_PURPOSE,123456789,"{""run_as"": {""email"": ""user15@example.com""}, ""actor_type"": ""user""}"
2026-02-19T13:00:00,2026-02-19T14:00:00,0.2104,ALL_PURPOSE,123456789,"{""run_as"": {""email"": ""user15@example.com""}, ""actor_type"": ""user""}"
2026-02-19T14:00:00,2026-02-19T15:00:00,0.0,ALL_PURPOSE,123456789,"{""run_as"": {""email"": ""user15@example.com""}, ""actor_type"": ""user""}"
2026-02-19T15:00:00,2026-02-19T16:00:00,0.3073,ALL_PURPOSE,123456789,"{""run_as"": {""email"": ""user15@example.com""}, ""actor_type"": ""user""}"
2026-02-19T16:00:00,2026-02-19T17:00:00,0.0,ALL_PURPOSE,123456789,"{""run_as"": {""email"": ""user15@example.com""}, ""actor_type"": ""user""}"
2026-02-19T17:00:00,2026-02-19T18:00:00,0.2725,ALL_PURPOSE,123456789,"{""run_as"": {""email"": ""user15@example.com""}, ""actor_type"": ""user""}"
2026-02-19T18:00:00,2026-02-19T19:00:00,0.1577,ALL_PURPOSE,123456789,"{""run_as"": {""email"": ""user15@example.com""}, ""actor_type"": ""user""}"
2026-02-19T19:00:00,2026-02-19T20:00:00,0.3805,ALL_PURPOSE,123456789,"{""run_as"": {""email"": ""user15@example.com""}, ""actor_type"": ""user""}"
2026-02-19T20:00:00,2026-02-19T21:00:00,0.0,ALL_PURPOSE,123456789,"{""run_as"": {""email"": ""user15@example.com""}, ""actor_type"": ""user""}"
2026-02-19T21:00:00,2026-02-19T22:00:00,0.3323,ALL_PURPOSE,123456789,"{""run_as"": {""email"": ""user15@example.com""}, ""actor_type"": ""user""}"
2026-02-19T22:00:00,2026-02-19T23:00:00,0.1816,ALL_PURPOSE,123456789,"{""run_as"": {""email"": ""user15@example.com""}, ""actor_type"": ""user""}"
2026-02-19T23:00:00,2026-02-20T00:00:00,0.0023,ALL_PURPOSE,123456789,"{""run_as"": {""email"": ""user15@example.com""}, ""actor_type"": ""user""}"
2026-02-20T00:00:00,2026-02-20T01:00:00,0.9924,ALL_PURPOSE,123456789,"{""run_as"": {""email"": ""user15@example.com""}, ""actor_type"": ""user""}"
2026-02-20T01:00:00,2026-02-20T02:00:00,0.383,ALL_PURPOSE,123456789,"{""run_as"": {""email"": ""user15@example.com""}, ""actor_type"": ""user""}"
2026-02-20T02:00:00,2026-02-20T03:00:00,0.0195,ALL_PURPOSE,123456789,"{""run_as"": {""email"": ""user15@example.com""}, ""actor_type"": ""user""}"
2026-02-20T03:00:00,2026-02-20T04:00:00,0.7885,ALL_PURPOSE,123456789,"{""run_as"": {""email"": ""user15@example.com""}, ""actor_type"": ""user""}"
2026-02-20T04:00:00,2026-02-20T05:00:00,0.9351,ALL_PURPOSE,123456789,"{""run_as"": {""email"": ""user15@example.com""}, ""actor_type"": ""user""}"
2026-02-20T05:00:00,2026-02-20T06:00:00,0.0357,ALL_PURPOSE,123456789,"{""run_as"": {""email"": ""user15@example.com""}, ""actor_type"": ""user""}"
2026-02-20T06:00:00,2026-02-20T07:00:00,0.3118,ALL_PURPOSE,123456789,"{""run_as"": {""email"": ""user15@example.com""}, ""actor_type"": ""user""}"
2026-02-20T07:00:00,2026-02-20T08:00:00,0.301,ALL_PURPOSE,123456789,"{""run_as"": {""email"": ""user15@example.com""}, ""actor_type"": ""user""}"
2026-02-20T08:00:00,2026-02-20T09:00:00,0.0482,ALL_PURPOSE,123456789,"{""run_as"": {""email"": ""user15@example.com""}, ""actor_type"": ""user""}"
2026-02-20T09:00:00,2026-02-20T10:00:00,0.1729,ALL_PURPOSE,123456789,"{""run_as"": {""email"": ""user15@example.com""}, ""actor_type"": ""user""}"
2026-02-20T10:00:00,2026-02-20T11:00:00,0.124,ALL_PURPOSE,123456789,"{""run_as"": {""email"": ""user15@example.com""}, ""actor_type"": ""user""}"
2026-02-20T11:00:00,2026-02-20T12:00:00,0.0525,ALL_PURPOSE,123456789,"{""run_as"": {""email"": ""user15@example.com""}, ""actor_type"": ""user""}"
2026-02-20T12:00:00,2026-02-20T13:00:00,0.3328,ALL_PURPOSE,123456789,"{""run_as"": {""email"": ""user15@example.com""}, ""actor_type"": ""user""}"
2026-02-20T13:00:00,2026-02-20T14:00:00,0.1958,ALL_PURPOSE,123456789,"{""run_as"": {""email"": ""user15@example.com""}, ""actor_type"": ""user""}"
2026-02-20T14:00:00,2026-02-20T15:00:00,0.1906,ALL_PURPOSE,123456789,"{""run_as"": {""email"": ""user15@example.com""}, ""actor_type"": ""user""}"
2026-02-20T15:00:00,2026-02-20T16:00:00,0.1692,ALL_PURPOSE,123456789,"{""run_as"": {""email"": ""user15@example.com""}, ""actor_type"": ""user""}"
2026-02-20T16:00:00,2026-02-20T17:00:00,0.3244,ALL_PURPOSE,123456789,"{""run_as"": {""email"": ""user15@example.com""}, ""actor_type"": ""user""}"
2026-02-13T17:00:00,2026-02-13T18:00:00,0.1736,ALL_PURPOSE,123456789,"{""run_as"": {""email"": ""user16@example.com""}, ""actor_type"": ""user""}"
2026-02-13T18:00:00,2026-02-13T19:00:00,0.0162,ALL_PURPOSE,123456789,"{""run_as"": {""email"": ""user16@example.com""}, ""actor_type"": ""user""}"
2026-02-13T19:00:00,2026-02-13T20:00:00,0.1854,ALL_PURPOSE,123456789,"{""run_as"": {""email"": ""user16@example.com""}, ""actor_type"": ""user""}"
2026-02-13T20:00:00,2026-02-13T21:00:00,0.2745,ALL_PURPOSE,123456789,"{""run_as"": {""email"": ""user16@example.com""}, ""actor_type"": ""user""}"
2026-02-13T21:00:00,2026-02-13T22:00:00,0.1981,ALL_PURPOSE,123456789,"{""run_as"": {""email"": ""user16@example.com""}, ""actor_type"": ""user""}"
2026-02-13T22:00:00,2026-02-13T23:00:00,0.616,ALL_PURPOSE,123456789,"{""run_as"": {""email"": ""user16@example.com""}, ""actor_type"": ""user""}"
2026-02-13T23:00:00,2026-02-14T00:00:00,0.3805,ALL_PURPOSE,123456789,"{""run_as"": {""email"": ""user16@example.com""}, ""actor_type"": ""user""}"
2026-02-14T00:00:00,2026-02-14T01:00:00,0.3366,ALL_PURPOSE,123456789,"{""run_as"": {""email"": ""user16@example.com""}, ""actor_type"": ""user""}"
2026-02-14T01:00:00,2026-02-14T02:00:00,0.0,ALL_PURPOSE,123456789,"{""run_as"": {""email"": ""user16@example.com""}, ""actor_type"": ""user""}"
2026-02-14T02:00:00,2026-02-14T03:00:00,0.7326,ALL_PURPOSE,123456789,"{""run_as"": {""email"": ""user16@example.com""}, ""actor_type"": ""user""}"
2026-02-14T03:00:00,2026-02-14T04:00:00,0.2586,ALL_PURPOSE,123456789,"{""run_as"": {""email"": ""user16@example.com""}, ""actor_type"": ""user""}"
2026-02-14T04:00:00,2026-02-14T05:00:00,0.0456,ALL_PURPOSE,123456789,"{""run_as"": {""email"": ""user16@example.com""}, ""actor_type"": ""user""}"
2026-02-14T05:00:00,2026-02-14T06:00:00,0.0,ALL_PURPOSE,123456789,"{""run_as"": {""email"": ""user16@example.com""}, ""actor_type"": ""user""}"
2026-02-14T06:00:00,2026-02-14T07:00:00,0.3507,ALL_PURPOSE,123456789,"{""run_as"": {""email"": ""user16@example.com""}, ""actor_type"": ""user""}"
2026-02-14T07:00:00,2026-02-14T08:00:00,0.2349,ALL_PURPOSE,123456789,"{""run_as"": {""email"": ""user16@example.com""}, ""actor_type"": ""user""}"
2026-02-14T08:00:00,2026-02-14T09:00:00,0.2681,ALL_PURPOSE,123456789,"{""run_as"": {""email"": ""user16@example.com""}, ""actor_type"": ""user""}"
2026-02-14T09:00:00,2026-02-14T10:00:00,0.106,ALL_PURPOSE,123456789,"{""run_as"": {""email"": ""user16@example.com""}, ""actor_type"": ""user""}"
2026-02-14T10:00:00,2026-02-14T11:00:00,0.3485,ALL_PURPOSE,123456789,"{""run_as"": {""email"": ""user16@example.com""}, ""actor_type"": ""user""}"
2026-02-14T11:00:00,2026-02-14T12:00:00,0.074,ALL_PURPOSE,123456789,"{""run_as"": {""email"": ""user16@example.com""}, ""actor_type"": ""user""}"
2026-02-14T12:00:00,2026-02-14T13:00:00,0.2416,ALL_PURPOSE,123456789,"{""run_as"": {""email"": ""user16@example.com""}, ""actor_type"": ""user""}"
2026-02-14T13:00:00,2026-02-14T14:00:00,0.0425,ALL_PURPOSE,123456789,"{""run_as"": {""email"": ""user16@example.com""}, ""actor_type"": ""user""}"
2026-02-14T14:00:00,2026-02-14T15:00:00,0.0,ALL_PURPOSE,123456789,"{""run_as"": {""email"": ""user16@example.com""}, ""actor_type"": ""user""}"
2026-02-14T15:00:00,2026-02-14T16:00:00,0.0687,ALL_PURPOSE,123456789,"{""run_as"": {""email"": ""user16@example.com""}, ""actor_type"": ""user""}"
2026-02-14T16:00:00,2026-02-14T17:00:00,0.2767,ALL_PURPOSE,123456789,"{""run_as"": {""email"": ""user16@example.com""}, ""actor_type"": ""user""}"
2026-02-14T17:00:00,2026-02-14T18:00:00,0.3863,ALL_PURPOSE,123456789,"{""run_as"": {""email"": ""user16@example.com""}, ""actor_type"": ""user""}"
2026-02-14T18:00:00,2026-02-14T19:00:00,0.1947,ALL_PURPOSE,123456789,"{""run_as"": {""email"": ""user16@example.com""}, ""actor_type"": ""user""}"
2026-02-14T19:00:00,2026-02-14T20:00:00,0.3896,ALL_PURPOSE,123456789,"{""run_as"": {""email"": ""user16@example.com""}, ""actor_type"": ""user""}"
2026-02-14T20:00:00,2026-02-14T21:00:00,0.2695,ALL_PURPOSE,123456789,"{""run_as"": {""email"": ""user16@example.com""}, ""actor_type"": ""user""}"
2026-02-14T21:00:00,2026-02-14T22:00:00,0.158,ALL_PURPOSE,123456789,"{""run_as"": {""email"": ""user16@example.com""}, ""actor_type"": ""user""}"
2026-02-14T22:00:00,2026-02-14T23:00:00,0.0,ALL_PURPOSE,123456789,"{""run_as"": {""email"": ""user16@example.com""}, ""actor_type"": ""user""}"
2026-02-14T23:00:00,2026-02-15T00:00:00,0.3882,ALL_PURPOSE,123456789,"{""run_as"": {""email"": ""user16@example.com""}, ""actor_type"": ""user""}"
2026-02-15T00:00:00,2026-02-15T01:00:00,0.2594,ALL_PURPOSE,123456789,"{""run_as"": {""email"": ""user16@example.com""}, ""actor_type"": ""user""}"
2026-02-15T01:00:00,2026-02-15T02:00:00,0.2504,ALL_PURPOSE,123456789,"{""run_as"": {""email"": ""user16@example.com""}, ""actor_type"": ""user""}"
2026-02-15T02:00:00,2026-02-15T03:00:00,0.1204,ALL_PURPOSE,123456789,"{""run_as"": {""email"": ""user16@example.com""}, ""actor_type"": ""user""}"
2026-02-15T03:00:00,2026-02-15T04:00:00,0.2154,ALL_PURPOSE,123456789,"{""run_as"": {""email"": ""user16@example.com""}, ""actor_type"": ""user""}"
2026-02-15T04:00:00,2026-02-15T05:00:00,0.3855,ALL_PURPOSE,123456789,"{""run_as"": {""email"": ""user16@example.com""}, ""actor_type"": ""user""}"
2026-02-15T05:00:00,2026-02-15T06:00:00,0.7327,ALL_PURPOSE,123456789,"{""run_as"": {""email"": ""user16@example.com""}, ""actor_type"": ""user""}"
2026-02-15T06:00:00,2026-02-15T07:00:00,0.0,ALL_PURPOSE,123456789,"{""run_as"": {""email"": ""user16@example.com""}, ""actor_type"": ""user""}"
2026-02-15T07:00:00,2026-02-15T08:00:00,0.2522,ALL_PURPOSE,123456789,"{""run_as"": {""email"": ""user16@example.com""}, ""actor_type"": ""user""}"
2026-02-15T08:00:00,2026-02-15T09:00:00,0.3918,ALL_PURPOSE,123456789,"{""run_as"": {""email"": ""user16@example.com""}, ""actor_type"": ""user""}"
2026-02-15T09:00:00,2026-02-15T10:00:00,0.2948,ALL_PURPOSE,123456789,"{""run_as"": {""email"": ""user16@example.com""}, ""actor_type"": ""user""}"
2026-02-15T10:00:00,2026-02-15T11:00:00,0.2217,ALL_PURPOSE,123456789,"{""run_as"": {""email"": ""user16@example.com""}, ""actor_type"": ""user""}"
2026-02-15T11:00:00,2026-02-15T12:00:00,0.195,ALL_PURPOSE,123456789,"{""run_as"": {""email"": ""user16@example.com""}, ""actor_type"": ""user""}"
2026-02-15T12:00:00,2026-02-15T13:00:00,0.2364,ALL_PURPOSE,123456789,"{""run_as"": {""email"": ""user16@example.com""}, ""actor_type"": ""user""}"
2026-02-15T13:00:00,2026-02-15T14:00:00,0.2715,ALL_PURPOSE,123456789,"{""run_as"": {""email"": ""user16@example.com""}, ""actor_type"": ""user""}"
2026-02-15T14:00:00,2026-02-15T15:00:00,0.1952,ALL_PURPOSE,123456789,"{""run_as"": {""email"": ""user16@example.com""}, ""actor_type"": ""user""}"
2026-02-15T15:00:00,2026-02-15T16:00:00,0.2113,ALL_PURPOSE,123456789,"{""run_as"": {""email"": ""user16@example.com""}, ""actor_type"": ""user""}"
2026-02-15T16:00:00,2026-02-15T17:00:00,0.0,ALL_PURPOSE,123456789,"{""run_as"": {""email"": ""user16@example.com""}, ""actor_type"": ""user""}"
2026-02-15T17:00:00,2026-02-15T18:00:00,0.3572,ALL_PURPOSE,123456789,"{""run_as"": {""email"": ""user16@example.com""}, ""actor_type"": ""user""}"
2026-02-15T18:00:00,2026-02-15T19:00:00,0.1893,ALL_PURPOSE,123456789,"{""run_as"": {""email"": ""user16@example.com""}, ""actor_type"": ""user""}"
2026-02-15T19:00:00,2026-02-15T20:00:00,0.3756,ALL_PURPOSE,123456789,"{""run_as"": {""email"": ""user16@example.com""}, ""actor_type"": ""user""}"
2026-02-15T20:00:00,2026-02-15T21:00:00,0.0,ALL_PURPOSE,123456789,"{""run_as"": {""email"": ""user16@example.com""}, ""actor_type"": ""user""}"
2026-02-15T21:00:00,2026-02-15T22:00:00,0.1152,ALL_PURPOSE,123456789,"{""run_as"": {""email"": ""user16@example.com""}, ""actor_type"": ""user""}"
2026-02-15T22:00:00,2026-02-15T23:00:00,0.3913,ALL_PURPOSE,123456789,"{""run_as"": {""email"": ""user16@example.com""}, ""actor_type"": ""user""}"
2026-02-15T23:00:00,2026-02-16T00:00:00,0.1357,ALL_PURPOSE,123456789,"{""run_as"": {""email"": ""user16@example.com""}, ""actor_type"": ""user""}"
2026-02-16T00:00:00,2026-02-16T01:00:00,0.5682,ALL_PURPOSE,123456789,"{""run_as"": {""email"": ""user16@example.com""}, ""actor_type"": ""user""}"
2026-02-16T01:00:00,2026-02-16T02:00:00,0.3839,ALL_PURPOSE,123456789,"{""run_as"": {""email"": ""user16@example.com""}, ""actor_type"": ""user""}"
2026-02-16T02:00:00,2026-02-16T03:00:00,0.2938,ALL_PURPOSE,123456789,"{""run_as"": {""email"": ""user16@example.com""}, ""actor_type"": ""user""}"
2026-02-16T03:00:00,2026-02-16T04:00:00,0.3378,ALL_PURPOSE,123456789,"{""run_as"": {""email"": ""user16@example.com""}, ""actor_type"": ""user""}"
2026-02-16T04:00:00,2026-02-16T05:00:00,0.0,ALL_PURPOSE,123456789,"{""run_as"": {""email"": ""user16@example.com""}, ""actor_type"": ""user""}"
2026-02-16T05:00:00,2026-02-16T06:00:00,0.0,ALL_PURPOSE,123456789,"{""run_as"": {""email"": ""user16@example.com""}, ""actor_type"": ""user""}"
2026-02-16T06:00:00,2026-02-16T07:00:00,0.1664,ALL_PURPOSE,123456789,"{""run_as"": {""email"": ""user16@example.com""}, ""actor_type"": ""user""}"
2026-02-16T07:00:00,2026-02-16T08:00:00,0.1215,ALL_PURPOSE,123456789,"{""run_as"": {""email"": ""user16@example.com""}, ""actor_type"": ""user""}"
2026-02-16T08:00:00,2026-02-16T09:00:00,0.0,ALL_PURPOSE,123456789,"{""run_as"": {""email"": ""user16@example.com""}, ""actor_type"": ""user""}"
2026-02-16T09:00:00,2026-02-16T10:00:00,0.3524,ALL_PURPOSE,123456789,"{""run_as"": {""email"": ""user16@example.com""}, ""actor_type"": ""user""}"
2026-02-16T10:00:00,2026-02-16T11:00:00,0.0634,ALL_PURPOSE,123456789,"{""run_as"": {""email"": ""user16@example.com""}, ""actor_type"": ""user""}"
2026-02-16T11:00:00,2026-02-16T12:00:00,0.0,ALL_PURPOSE,123456789,"{""run_as"": {""email"": ""user16@example.com""}, ""actor_type"": ""user""}"
2026-02-16T12:00:00,2026-02-16T13:00:00,0.0255,ALL_PURPOSE,123456789,"{""run_as"": {""email"": ""user16@example.com""}, ""actor_type"": ""user""}"
2026-02-16T13:00:00,2026-02-16T14:00:00,0.0,ALL_PURPOSE,123456789,"{""run_as"": {""email"": ""user16@example.com""}, ""actor_type"": ""user""}"
2026-02-16T14:00:00,2026-02-16T15:00:00,0.0896,ALL_PURPOSE,123456789,"{""run_as"": {""email"": ""user16@example.com""}, ""actor_type"": ""user""}"
2026-02-16T15:00:00,2026-02-16T16:00:00,0.1361,ALL_PURPOSE,123456789,"{""run_as"": {""email"": ""user16@example.com""}, ""actor_type"": ""user""}"
2026-02-16T16:00:00,2026-02-16T17:00:00,0.0187,ALL_PURPOSE,123456789,"{""run_as"": {""email"": ""user16@example.com""}, ""actor_type"": ""user""}"
2026-02-16T17:00:00,2026-02-16T18:00:00,0.107,ALL_PURPOSE,123456789,"{""run_as"": {""email"": ""user16@example.com""}, ""actor_type"": ""user""}"
2026-02-16T18:00:00,2026-02-16T19:00:00,0.2761,ALL_PURPOSE,123456789,"{""run_as"": {""email"": ""user16@example.com""}, ""actor_type"": ""user""}"
2026-02-16T19:00:00,2026-02-16T20:00:00,0.2678,ALL_PURPOSE,123456789,"{""run_as"": {""email"": ""user16@example.com""}, ""actor_type"": ""user""}"
2026-02-16T20:00:00,2026-02-16T21:00:00,0.3707,ALL_PURPOSE,123456789,"{""run_as"": {""email"": ""user16@example.com""}, ""actor_type"": ""user""}"
2026-02-16T21:00:00,2026-02-16T22:00:00,0.1829,ALL_PURPOSE,123456789,"{""run_as"": {""email"": ""user16@example.com""}, ""actor_type"": ""user""}"
2026-02-16T22:00:00,2026-02-16T23:00:00,0.5718,ALL_PURPOSE,123456789,"{""run_as"": {""email"": ""user16@example.com""}, ""actor_type"": ""user""}"
2026-02-16T23:00:00,2026-02-17T00:00:00,0.0,ALL_PURPOSE,123456789,"{""run_as"": {""email"": ""user16@example.com""}, ""actor_type"": ""user""}"
2026-02-17T00:00:00,2026-02-17T01:00:00,0.0422,ALL_PURPOSE,123456789,"{""run_as"": {""email"": ""user16@example.com""}, ""actor_type"": ""user""}"
2026-02-17T01:00:00,2026-02-17T02:00:00,0.6689,ALL_PURPOSE,123456789,"{""run_as"": {""email"": ""user16@example.com""}, ""actor_type"": ""user""}"
2026-02-17T02:00:00,2026-02-17T03:00:00,0.0,ALL_PURPOSE,123456789,"{""run_as"": {""email"": ""user16@example.com""}, ""actor_type"": ""user""}"
2026-02-17T03:00:00,2026-02-17T04:00:00,0.4553,ALL_PURPOSE,123456789,"{""run_as"": {""email"": ""user16@example.com""}, ""actor_type"": ""user""}"
2026-02-17T04:00:00,2026-02-17T05:00:00,0.1756,ALL_PURPOSE,123456789,"{""run_as"": {""email"": ""user16@example.com""}, ""actor_type"": ""user""}"
2026-02-17T05:00:00,2026-02-17T06:00:00,0.0981,ALL_PURPOSE,123456789,"{""run_as"": {""email"": ""user16@example.com""}, ""actor_type"": ""user""}"
2026-02-17T06:00:00,2026-02-17T07:00:00,0.0,ALL_PURPOSE,123456789,"{""run_as"": {""email"": ""user16@example.com""}, ""actor_type"": ""user""}"
2026-02-17T07:00:00,2026-02-17T08:00:00,0.149,ALL_PURPOSE,123456789,"{""run_as"": {""email"": ""user16@example.com""}, ""actor_type"": ""user""}"
2026-02-17T08:00:00,2026-02-17T09:00:00,0.1443,ALL_PURPOSE,123456789,"{""run_as"": {""email"": ""user16@example.com""}, ""actor_type"": ""user""}"
2026-02-17T09:00:00,2026-02-17T10:00:00,0.0606,ALL_PURPOSE,123456789,"{""run_as"": {""email"": ""user16@example.com""}, ""actor_type"": ""user""}"
2026-02-17T10:00:00,2026-02-17T11:00:00,0.1687,ALL_PURPOSE,123456789,"{""run_as"": {""email"": ""user16@example.com""}, ""actor_type"": ""user""}"
2026-02-17T11:00:00,2026-02-17T12:00:00,0.3207,ALL_PURPOSE,123456789,"{""run_as"": {""email"": ""user16@example.com""}, ""actor_type"": ""user""}"
2026-02-17T12:00:00,2026-02-17T13:00:00,0.1637,ALL_PURPOSE,123456789,"{""run_as"": {""email"": ""user16@example.com""}, ""actor_type"": ""user""}"
2026-02-17T13:00:00,2026-02-17T14:00:00,0.341,ALL_PURPOSE,123456789,"{""run_as"": {""email"": ""user16@example.com""}, ""actor_type"": ""user""}"
2026-02-17T14:00:00,2026-02-17T15:00:00,0.0,ALL_PURPOSE,123456789,"{""run_as"": {""email"": ""user16@example.com""}, ""actor_type"": ""user""}"
2026-02-17T15:00:00,2026-02-17T16:00:00,0.0,ALL_PURPOSE,123456789,"{""run_as"": {""email"": ""user16@example.com""}, ""actor_type"": ""user""}"
2026-02-17T16:00:00,2026-02-17T17:00:00,0.3225,ALL_PURPOSE,123456789,"{""run_as"": {""email"": ""user16@example.com""}, ""actor_type"": ""user""}"
2026-02-17T17:00:00,2026-02-17T18:00:00,0.0339,ALL_PURPOSE,123456789,"{""run_as"": {""email"": ""user16@example.com""}, ""actor_type"": ""user""}"
2026-02-17T18:00:00,2026-02-17T19:00:00,0.3928,ALL_PURPOSE,123456789,"{""run_as"": {""email"": ""user16@example.com""}, ""actor_type"": ""user""}"
2026-02-17T19:00:00,2026-02-17T20:00:00,0.0246,ALL_PURPOSE,123456789,"{""run_as"": {""email"": ""user16@example.com""}, ""actor_type"": ""user""}"
2026-02-17T20:00:00,2026-02-17T21:00:00,0.2641,ALL_PURPOSE,123456789,"{""run_as"": {""email"": ""user16@example.com""}, ""actor_type"": ""user""}"
2026-02-17T21:00:00,2026-02-17T22:00:00,0.0,ALL_PURPOSE,123456789,"{""run_as"": {""email"": ""user16@example.com""}, ""actor_type"": ""user""}"
2026-02-17T22:00:00,2026-02-17T23:00:00,0.2526,ALL_PURPOSE,123456789,"{""run_as"": {""email"": ""user16@example.com""}, ""actor_type"": ""user""}"
2026-02-17T23:00:00,2026-02-18T00:00:00,0.5893,ALL_PURPOSE,123456789,"{""run_as"": {""email"": ""user16@example.com""}, ""actor_type"": ""user""}"
2026-02-18T00:00:00,2026-02-18T01:00:00,0.8413,ALL_PURPOSE,123456789,"{""run_as"": {""email"": ""user16@example.com""}, ""actor_type"": ""user""}"
2026-02-18T01:00:00,2026-02-18T02:00:00,0.4726,ALL_PURPOSE,123456789,"{""run_as"": {""email"": ""user16@example.com""}, ""actor_type"": ""user""}"
2026-02-18T02:00:00,2026-02-18T03:00:00,0.2801,ALL_PURPOSE,123456789,"{""run_as"": {""email"": ""user16@example.com""}, ""actor_type"": ""user""}"
2026-02-18T03:00:00,2026-02-18T04:00:00,0.2178,ALL_PURPOSE,123456789,"{""run_as"": {""email"": ""user16@example.com""}, ""actor_type"": ""user""}"
2026-02-18T04:00:00,2026-02-18T05:00:00,0.279,ALL_PURPOSE,123456789,"{""run_as"": {""email"": ""user16@example.com""}, ""actor_type"": ""user""}"
2026-02-18T05:00:00,2026-02-18T06:00:00,0.0,ALL_PURPOSE,123456789,"{""run_as"": {""email"": ""user16@example.com""}, ""actor_type"": ""user""}"
2026-02-18T06:00:00,2026-02-18T07:00:00,0.1338,ALL_PURPOSE,123456789,"{""run_as"": {""email"": ""user16@example.com""}, ""actor_type"": ""user""}"
2026-02-18T07:00:00,2026-02-18T08:00:00,0.0,ALL_PURPOSE,123456789,"{""run_as"": {""email"": ""user16@example.com""}, ""actor_type"": ""user""}"
2026-02-18T08:00:00,2026-02-18T09:00:00,0.3968,ALL_PURPOSE,123456789,"{""run_as"": {""email"": ""user16@example.com""}, ""actor_type"": ""user""}"
2026-02-18T09:00:00,2026-02-18T10:00:00,0.0371,ALL_PURPOSE,123456789,"{""run_as"": {""email"": ""user16@example.com""}, ""actor_type"": ""user""}"
2026-02-18T10:00:00,2026-02-18T11:00:00,0.2085,ALL_PURPOSE,123456789,"{""run_as"": {""email"": ""user16@example.com""}, ""actor_type"": ""user""}"
2026-02-18T11:00:00,2026-02-18T12:00:00,0.0,ALL_PURPOSE,123456789,"{""run_as"": {""email"": ""user16@example.com""}, ""actor_type"": ""user""}"
2026-02-18T12:00:00,2026-02-18T13:00:00,0.3186,ALL_PURPOSE,123456789,"{""run_as"": {""email"": ""user16@example.com""}, ""actor_type"": ""user""}"
2026-02-18T13:00:00,2026-02-18T14:00:00,0.0965,ALL_PURPOSE,123456789,"{""run_as"": {""email"": ""user16@example.com""}, ""actor_type"": ""user""}"
2026-02-18T14:00:00,2026-02-18T15:00:00,0.2906,ALL_PURPOSE,123456789,"{""run_as"": {""email"": ""user16@example.com""}, ""actor_type"": ""user""}"
2026-02-18T15:00:00,2026-02-18T16:00:00,0.0,ALL_PURPOSE,123456789,"{""run_as"": {""email"": ""user16@example.com""}, ""actor_type"": ""user""}"
2026-02-18T16:00:00,2026-02-18T17:00:00,0.1492,ALL_PURPOSE,123456789,"{""run_as"": {""email"": ""user16@example.com""}, ""actor_type"": ""user""}"
2026-02-18T17:00:00,2026-02-18T18:00:00,0.0,ALL_PURPOSE,123456789,"{""run_as"": {""email"": ""user16@example.com""}, ""actor_type"": ""user""}"
2026-02-18T18:00:00,2026-02-18T19:00:00,0.0,ALL_PURPOSE,123456789,"{""run_as"": {""email"": ""user16@example.com""}, ""actor_type"": ""user""}"
2026-02-18T19:00:00,2026-02-18T20:00:00,0.1192,ALL_PURPOSE,123456789,"{""run_as"": {""email"": ""user16@example.com""}, ""actor_type"": ""user""}"
2026-02-18T20:00:00,2026-02-18T21:00:00,0.1813,ALL_PURPOSE,123456789,"{""run_as"": {""email"": ""user16@example.com""}, ""actor_type"": ""user""}"
2026-02-18T21:00:00,2026-02-18T22:00:00,0.3222,ALL_PURPOSE,123456789,"{""run_as"": {""email"": ""user16@example.com""}, ""actor_type"": ""user""}"
2026-02-18T22:00:00,2026-02-18T23:00:00,0.2262,ALL_PURPOSE,123456789,"{""run_as"": {""email"": ""user16@example.com""}, ""actor_type"": ""user""}"
2026-02-18T23:00:00,2026-02-19T00:00:00,0.2133,ALL_PURPOSE,123456789,"{""run_as"": {""email"": ""user16@example.com""}, ""actor_type"": ""user""}"
2026-02-19T00:00:00,2026-02-19T01:00:00,0.1138,ALL_PURPOSE,123456789,"{""run_as"": {""email"": ""user16@example.com""}, ""actor_type"": ""user""}"
2026-02-19T01:00:00,2026-02-19T02:00:00,0.269,ALL_PURPOSE,123456789,"{""run_as"": {""email"": ""user16@example.com""}, ""actor_type"": ""user""}"
2026-02-19T02:00:00,2026-02-19T03:00:00,0.6067,ALL_PURPOSE,123456789,"{""run_as"": {""email"": ""user16@example.com""}, ""actor_type"": ""user""}"
2026-02-19T03:00:00,2026-02-19T04:00:00,0.7427,ALL_PURPOSE,123456789,"{""run_as"": {""email"": ""user16@example.com""}, ""actor_type"": ""user""}"
2026-02-19T04:00:00,2026-02-19T05:00:00,0.7547,ALL_PURPOSE,123456789,"{""run_as"": {""email"": ""user16@example.com""}, ""actor_type"": ""user""}"
2026-02-19T05:00:00,2026-02-19T06:00:00,0.1785,ALL_PURPOSE,123456789,"{""run_as"": {""email"": ""user16@example.com""}, ""actor_type"": ""user""}"
2026-02-19T06:00:00,2026-02-19T07:00:00,0.2353,ALL_PURPOSE,123456789,"{""run_as"": {""email"": ""user16@example.com""}, ""actor_type"": ""user""}"
2026-02-19T07:00:00,2026-02-19T08:00:00,0.1579,ALL_PURPOSE,123456789,"{""run_as"": {""email"": ""user16@example.com""}, ""actor_type"": ""user""}"
2026-02-19T08:00:00,2026-02-19T09:00:00,0.1995,ALL_PURPOSE,123456789,"{""run_as"": {""email"": ""user16@example.com""}, ""actor_type"": ""user""}"
2026-02-19T09:00:00,2026-02-19T10:00:00,0.176,ALL_PURPOSE,123456789,"{""run_as"": {""email"": ""user16@example.com""}, ""actor_type"": ""user""}"
2026-02-19T10:00:00,2026-02-19T11:00:00,0.1958,ALL_PURPOSE,123456789,"{""run_as"": {""email"": ""user16@example.com""}, ""actor_type"": ""user""}"
2026-02-19T11:00:00,2026-02-19T12:00:00,0.0,ALL_PURPOSE,123456789,"{""run_as"": {""email"": ""user16@example.com""}, ""actor_type"": ""user""}"
2026-02-19T12:00:00,2026-02-19T13:00:00,0.0508,ALL_PURPOSE,123456789,"{""run_as"": {""email"": ""user16@example.com""}, ""actor_type"": ""user""}"
2026-02-19T13:00:00,2026-02-19T14:00:00,0.0518,ALL_PURPOSE,123456789,"{""run_as"": {""email"": ""user16@example.com""}, ""actor_type"": ""user""}"
2026-02-19T14:00:00,2026-02-19T15:00:00,0.0,ALL_PURPOSE,123456789,"{""run_as"": {""email"": ""user16@example.com""}, ""actor_type"": ""user""}"
2026-02-19T15:00:00,2026-02-19T16:00:00,0.0851,ALL_PURPOSE,123456789,"{""run_as"": {""email"": ""user16@example.com""}, ""actor_type"": ""user""}"
2026-02-19T16:00:00,2026-02-19T17:00:00,0.2986,ALL_PURPOSE,123456789,"{""run_as"": {""email"": ""user16@example.com""}, ""actor_type"": ""user""}"
2026-02-19T17:00:00,2026-02-19T18:00:00,0.1477,ALL_PURPOSE,123456789,"{""run_as"": {""email"": ""user16@example.com""}, ""actor_type"": ""user""}"
2026-02-19T18:00:00,2026-02-19T19:00:00,0.2406,ALL_PURPOSE,123456789,"{""run_as"": {""email"": ""user16@example.com""}, ""actor_type"": ""user""}"
2026-02-19T19:00:00,2026-02-19T20:00:00,0.0483,ALL_PURPOSE,123456789,"{""run_as"": {""email"": ""user16@example.com""}, ""actor_type"": ""user""}"
2026-02-19T20:00:00,2026-02-19T21:00:00,0.0161,ALL_PURPOSE,123456789,"{""run_as"": {""email"": ""user16@example.com""}, ""actor_type"": ""user""}"
2026-02-19T21:00:00,2026-02-19T22:00:00,0.1486,ALL_PURPOSE,123456789,"{""run_as"": {""email"": ""user16@example.com""}, ""actor_type"": ""user""}"
2026-02-19T22:00:00,2026-02-19T23:00:00,0.1213,ALL_PURPOSE,123456789,"{""run_as"": {""email"": ""user16@example.com""}, ""actor_type"": ""user""}"
2026-02-19T23:00:00,2026-02-20T00:00:00,0.0,ALL_PURPOSE,123456789,"{""run_as"": {""email"": ""user16@example.com""}, ""actor_type"": ""user""}"
2026-02-20T00:00:00,2026-02-20T01:00:00,0.3577,ALL_PURPOSE,123456789,"{""run_as"": {""email"": ""user16@example.com""}, ""actor_type"": ""user""}"
2026-02-20T01:00:00,2026-02-20T02:00:00,0.0,ALL_PURPOSE,123456789,"{""run_as"": {""email"": ""user16@example.com""}, ""actor_type"": ""user""}"
2026-02-20T02:00:00,2026-02-20T03:00:00,0.1395,ALL_PURPOSE,123456789,"{""run_as"": {""email"": ""user16@example.com""}, ""actor_type"": ""user""}"
2026-02-20T03:00:00,2026-02-20T04:00:00,0.2292,ALL_PURPOSE,123456789,"{""run_as"": {""email"": ""user16@example.com""}, ""actor_type"": ""user""}"
2026-02-20T04:00:00,2026-02-20T05:00:00,0.3125,ALL_PURPOSE,123456789,"{""run_as"": {""email"": ""user16@example.com""}, ""actor_type"": ""user""}"
2026-02-20T05:00:00,2026-02-20T06:00:00,0.2423,ALL_PURPOSE,123456789,"{""run_as"": {""email"": ""user16@example.com""}, ""actor_type"": ""user""}"
2026-02-20T06:00:00,2026-02-20T07:00:00,0.1844,ALL_PURPOSE,123456789,"{""run_as"": {""email"": ""user16@example.com""}, ""actor_type"": ""user""}"
2026-02-20T07:00:00,2026-02-20T08:00:00,0.1796,ALL_PURPOSE,123456789,"{""run_as"": {""email"": ""user16@example.com""}, ""actor_type"": ""user""}"
2026-02-20T08:00:00,2026-02-20T09:00:00,0.1301,ALL_PURPOSE,123456789,"{""run_as"": {""email"": ""user16@example.com""}, ""actor_type"": ""user""}"
2026-02-20T09:00:00,2026-02-20T10:00:00,0.2658,ALL_PURPOSE,123456789,"{""run_as"": {""email"": ""user16@example.com""}, ""actor_type"": ""user""}"
2026-02-20T10:00:00,2026-02-20T11:00:00,0.0931,ALL_PURPOSE,123456789,"{""run_as"": {""email"": ""user16@example.com""}, ""actor_type"": ""user""}"
2026-02-20T11:00:00,2026-02-20T12:00:00,0.2164,ALL_PURPOSE,123456789,"{""run_as"": {""email"": ""user16@example.com""}, ""actor_type"": ""user""}"
2026-02-20T12:00:00,2026-02-20T13:00:00,0.356,ALL_PURPOSE,123456789,"{""run_as"": {""email"": ""user16@example.com""}, ""actor_type"": ""user""}"
2026-02-20T13:00:00,2026-02-20T14:00:00,0.2584,ALL_PURPOSE,123456789,"{""run_as"": {""email"": ""user16@example.com""}, ""actor_type"": ""user""}"
2026-02-20T14:00:00,2026-02-20T15:00:00,0.2829,ALL_PURPOSE,123456789,"{""run_as"": {""email"": ""user16@example.com""}, ""actor_type"": ""user""}"
2026-02-20T15:00:00,2026-02-20T16:00:00,0.3185,ALL_PURPOSE,123456789,"{""run_as"": {""email"": ""user16@example.com""}, ""actor_type"": ""user""}"
2026-02-20T16:00:00,2026-02-20T17:00:00,0.0,ALL_PURPOSE,123456789,"{""run_as"": {""email"": ""user16@example.com""}, ""actor_type"": ""user""}"
2026-02-13T17:00:00,2026-02-13T18:00:00,0.2237,ALL_PURPOSE,123456789,"{""run_as"": {""email"": ""user17@example.com""}, ""actor_type"": ""user""}"
2026-02-13T18:00:00,2026-02-13T19:00:00,0.2475,ALL_PURPOSE,123456789,"{""run_as"": {""email"": ""user17@example.com""}, ""actor_type"": ""user""}"
2026-02-13T19:00:00,2026-02-13T20:00:00,0.0211,ALL_PURPOSE,123456789,"{""run_as"": {""email"": ""user17@example.com""}, ""actor_type"": ""user""}"
2026-02-13T20:00:00,2026-02-13T21:00:00,0.0758,ALL_PURPOSE,123456789,"{""run_as"": {""email"": ""user17@example.com""}, ""actor_type"": ""user""}"
2026-02-13T21:00:00,2026-02-13T22:00:00,0.0,ALL_PURPOSE,123456789,"{""run_as"": {""email"": ""user17@example.com""}, ""actor_type"": ""user""}"
2026-02-13T22:00:00,2026-02-13T23:00:00,0.4878,ALL_PURPOSE,123456789,"{""run_as"": {""email"": ""user17@example.com""}, ""actor_type"": ""user""}"
2026-02-13T23:00:00,2026-02-14T00:00:00,0.0981,ALL_PURPOSE,123456789,"{""run_as"": {""email"": ""user17@example.com""}, ""actor_type"": ""user""}"
2026-02-14T00:00:00,2026-02-14T01:00:00,0.1777,ALL_PURPOSE,123456789,"{""run_as"": {""email"": ""user17@example.com""}, ""actor_type"": ""user""}"
2026-02-14T01:00:00,2026-02-14T02:00:00,0.0,ALL_PURPOSE,123456789,"{""run_as"": {""email"": ""user17@example.com""}, ""actor_type"": ""user""}"
2026-02-14T02:00:00,2026-02-14T03:00:00,0.1748,ALL_PURPOSE,123456789,"{""run_as"": {""email"": ""user17@example.com""}, ""actor_type"": ""user""}"
2026-02-14T03:00:00,2026-02-14T04:00:00,0.0,ALL_PURPOSE,123456789,"{""run_as"": {""email"": ""user17@example.com""}, ""actor_type"": ""user""}"
2026-02-14T04:00:00,2026-02-14T05:00:00,0.0,ALL_PURPOSE,123456789,"{""run_as"": {""email"": ""user17@example.com""}, ""actor_type"": ""user""}"
2026-02-14T05:00:00,2026-02-14T06:00:00,0.1227,ALL_PURPOSE,123456789,"{""run_as"": {""email"": ""user17@example.com""}, ""actor_type"": ""user""}"
2026-02-14T06:00:00,2026-02-14T07:00:00,0.2458,ALL_PURPOSE,123456789,"{""run_as"": {""email"": ""user17@example.com""}, ""actor_type"": ""user""}"
2026-02-14T07:00:00,2026-02-14T08:00:00,0.0,ALL_PURPOSE,123456789,"{""run_as"": {""email"": ""user17@example.com""}, ""actor_type"": ""user""}"
2026-02-14T08:00:00,2026-02-14T09:00:00,0.156,ALL_PURPOSE,123456789,"{""run_as"": {""email"": ""user17@example.com""}, ""actor_type"": ""user""}"
2026-02-14T09:00:00,2026-02-14T10:00:00,0.1651,ALL_PURPOSE,123456789,"{""run_as"": {""email"": ""user17@example.com""}, ""actor_type"": ""user""}"
2026-02-14T10:00:00,2026-02-14T11:00:00,0.1502,ALL_PURPOSE,123456789,"{""run_as"": {""email"": ""user17@example.com""}, ""actor_type"": ""user""}"
2026-02-14T11:00:00,2026-02-14T12:00:00,0.0484,ALL_PURPOSE,123456789,"{""run_as"": {""email"": ""user17@example.com""}, ""actor_type"": ""user""}"
2026-02-14T12:00:00,2026-02-14T13:00:00,0.3009,ALL_PURPOSE,123456789,"{""run_as"": {""email"": ""user17@example.com""}, ""actor_type"": ""user""}"
2026-02-14T13:00:00,2026-02-14T14:00:00,0.1972,ALL_PURPOSE,123456789,"{""run_as"": {""email"": ""user17@example.com""}, ""actor_type"": ""user""}"
2026-02-14T14:00:00,2026-02-14T15:00:00,0.0,ALL_PURPOSE,123456789,"{""run_as"": {""email"": ""user17@example.com""}, ""actor_type"": ""user""}"
2026-02-14T15:00:00,2026-02-14T16:00:00,0.0243,ALL_PURPOSE,123456789,"{""run_as"": {""email"": ""user17@example.com""}, ""actor_type"": ""user""}"
2026-02-14T16:00:00,2026-02-14T17:00:00,0.1628,ALL_PURPOSE,123456789,"{""run_as"": {""email"": ""user17@example.com""}, ""actor_type"": ""user""}"
2026-02-14T17:00:00,2026-02-14T18:00:00,0.163,ALL_PURPOSE,123456789,"{""run_as"": {""email"": ""user17@example.com""}, ""actor_type"": ""user""}"
2026-02-14T18:00:00,2026-02-14T19:00:00,0.3545,ALL_PURPOSE,123456789,"{""run_as"": {""email"": ""user17@example.com""}, ""actor_type"": ""user""}"
2026-02-14T19:00:00,2026-02-14T20:00:00,0.3854,ALL_PURPOSE,123456789,"{""run_as"": {""email"": ""user17@example.com""}, ""actor_type"": ""user""}"
2026-02-14T20:00:00,2026-02-14T21:00:00,0.0985,ALL_PURPOSE,123456789,"{""run_as"": {""email"": ""user17@example.com""}, ""actor_type"": ""user""}"
2026-02-14T21:00:00,2026-02-14T22:00:00,0.3141,ALL_PURPOSE,123456789,"{""run_as"": {""email"": ""user17@example.com""}, ""actor_type"": ""user""}"
2026-02-14T22:00:00,2026-02-14T23:00:00,0.7078,ALL_PURPOSE,123456789,"{""run_as"": {""email"": ""user17@example.com""}, ""actor_type"": ""user""}"
2026-02-14T23:00:00,2026-02-15T00:00:00,0.3872,ALL_PURPOSE,123456789,"{""run_as"": {""email"": ""user17@example.com""}, ""actor_type"": ""user""}"
2026-02-15T00:00:00,2026-02-15T01:00:00,0.3128,ALL_PURPOSE,123456789,"{""run_as"": {""email"": ""user17@example.com""}, ""actor_type"": ""user""}"
2026-02-15T01:00:00,2026-02-15T02:00:00,0.0,ALL_PURPOSE,123456789,"{""run_as"": {""email"": ""user17@example.com""}, ""actor_type"": ""user""}"
2026-02-15T02:00:00,2026-02-15T03:00:00,0.1859,ALL_PURPOSE,123456789,"{""run_as"": {""email"": ""user17@example.com""}, ""actor_type"": ""user""}"
2026-02-15T03:00:00,2026-02-15T04:00:00,1.1423,ALL_PURPOSE,123456789,"{""run_as"": {""email"": ""user17@example.com""}, ""actor_type"": ""user""}"
2026-02-15T04:00:00,2026-02-15T05:00:00,0.2391,ALL_PURPOSE,123456789,"{""run_as"": {""email"": ""user17@example.com""}, ""actor_type"": ""user""}"
2026-02-15T05:00:00,2026-02-15T06:00:00,0.1406,ALL_PURPOSE,123456789,"{""run_as"": {""email"": ""user17@example.com""}, ""actor_type"": ""user""}"
2026-02-15T06:00:00,2026-02-15T07:00:00,0.0,ALL_PURPOSE,123456789,"{""run_as"": {""email"": ""user17@example.com""}, ""actor_type"": ""user""}"
2026-02-15T07:00:00,2026-02-15T08:00:00,0.2957,ALL_PURPOSE,123456789,"{""run_as"": {""email"": ""user17@example.com""}, ""actor_type"": ""user""}"
2026-02-15T08:00:00,2026-02-15T09:00:00,0.1203,ALL_PURPOSE,123456789,"{""run_as"": {""email"": ""user17@example.com""}, ""actor_type"": ""user""}"
2026-02-15T09:00:00,2026-02-15T10:00:00,0.0,ALL_PURPOSE,123456789,"{""run_as"": {""email"": ""user17@example.com""}, ""actor_type"": ""user""}"
2026-02-15T10:00:00,2026-02-15T11:00:00,0.2226,ALL_PURPOSE,123456789,"{""run_as"": {""email"": ""user17@example.com""}, ""actor_type"": ""user""}"
2026-02-15T11:00:00,2026-02-15T12:00:00,0.1728,ALL_PURPOSE,123456789,"{""run_as"": {""email"": ""user17@example.com""}, ""actor_type"": ""user""}"
2026-02-15T12:00:00,2026-02-15T13:00:00,0.383,ALL_PURPOSE,123456789,"{""run_as"": {""email"": ""user17@example.com""}, ""actor_type"": ""user""}"
2026-02-15T13:00:00,2026-02-15T14:00:00,0.2728,ALL_PURPOSE,123456789,"{""run_as"": {""email"": ""user17@example.com""}, ""actor_type"": ""user""}"
2026-02-15T14:00:00,2026-02-15T15:00:00,0.1045,ALL_PURPOSE,123456789,"{""run_as"": {""email"": ""user17@example.com""}, ""actor_type"": ""user""}"
2026-02-15T15:00:00,2026-02-15T16:00:00,0.1811,ALL_PURPOSE,123456789,"{""run_as"": {""email"": ""user17@example.com""}, ""actor_type"": ""user""}"
2026-02-15T16:00:00,2026-02-15T17:00:00,0.3932,ALL_PURPOSE,123456789,"{""run_as"": {""email"": ""user17@example.com""}, ""actor_type"": ""user""}"
2026-02-15T17:00:00,2026-02-15T18:00:00,0.1839,ALL_PURPOSE,123456789,"{""run_as"": {""email"": ""user17@example.com""}, ""actor_type"": ""user""}"
2026-02-15T18:00:00,2026-02-15T19:00:00,0.0063,ALL_PURPOSE,123456789,"{""run_as"": {""email"": ""user17@example.com""}, ""actor_type"": ""user""}"
2026-02-15T19:00:00,2026-02-15T20:00:00,0.0,ALL_PURPOSE,123456789,"{""run_as"": {""email"": ""user17@example.com""}, ""actor_type"": ""user""}"
2026-02-15T20:00:00,2026-02-15T21:00:00,0.1906,ALL_PURPOSE,123456789,"{""run_as"": {""email"": ""user17@example.com""}, ""actor_type"": ""user""}"
2026-02-15T21:00:00,2026-02-15T22:00:00,0.2691,ALL_PURPOSE,123456789,"{""run_as"": {""email"": ""user17@example.com""}, ""actor_type"": ""user""}"
2026-02-15T22:00:00,2026-02-15T23:00:00,0.3581,ALL_PURPOSE,123456789,"{""run_as"": {""email"": ""user17@example.com""}, ""actor_type"": ""user""}"
2026-02-15T23:00:00,2026-02-16T00:00:00,0.2153,ALL_PURPOSE,123456789,"{""run_as"": {""email"": ""user17@example.com""}, ""actor_type"": ""user""}"
2026-02-16T00:00:00,2026-02-16T01:00:00,0.7135,ALL_PURPOSE,123456789,"{""run_as"": {""email"": ""user17@example.com""}, ""actor_type"": ""user""}"
2026-02-16T01:00:00,2026-02-16T02:00:00,0.2689,ALL_PURPOSE,123456789,"{""run_as"": {""email"": ""user17@example.com""}, ""actor_type"": ""user""}"
2026-02-16T02:00:00,2026-02-16T03:00:00,0.331,ALL_PURPOSE,123456789,"{""run_as"": {""email"": ""user17@example.com""}, ""actor_type"": ""user""}"
2026-02-16T03:00:00,2026-02-16T04:00:00,0.0,ALL_PURPOSE,123456789,"{""run_as"": {""email"": ""user17@example.com""}, ""actor_type"": ""user""}"
2026-02-16T04:00:00,2026-02-16T05:00:00,0.1851,ALL_PURPOSE,123456789,"{""run_as"": {""email"": ""user17@example.com""}, ""actor_type"": ""user""}"
2026-02-16T05:00:00,2026-02-16T06:00:00,0.3854,ALL_PURPOSE,123456789,"{""run_as"": {""email"": ""user17@example.com""}, ""actor_type"": ""user""}"
2026-02-16T06:00:00,2026-02-16T07:00:00,0.0,ALL_PURPOSE,123456789,"{""run_as"": {""email"": ""user17@example.com""}, ""actor_type"": ""user""}"
2026-02-16T07:00:00,2026-02-16T08:00:00,0.2454,ALL_PURPOSE,123456789,"{""run_as"": {""email"": ""user17@example.com""}, ""actor_type"": ""user""}"
2026-02-16T08:00:00,2026-02-16T09:00:00,0.2871,ALL_PURPOSE,123456789,"{""run_as"": {""email"": ""user17@example.com""}, ""actor_type"": ""user""}"
2026-02-16T09:00:00,2026-02-16T10:00:00,0.1975,ALL_PURPOSE,123456789,"{""run_as"": {""email"": ""user17@example.com""}, ""actor_type"": ""user""}"
2026-02-16T10:00:00,2026-02-16T11:00:00,0.1123,ALL_PURPOSE,123456789,"{""run_as"": {""email"": ""user17@example.com""}, ""actor_type"": ""user""}"
2026-02-16T11:00:00,2026-02-16T12:00:00,0.2828,ALL_PURPOSE,123456789,"{""run_as"": {""email"": ""user17@example.com""}, ""actor_type"": ""user""}"
2026-02-16T12:00:00,2026-02-16T13:00:00,0.0784,ALL_PURPOSE,123456789,"{""run_as"": {""email"": ""user17@example.com""}, ""actor_type"": ""user""}"
2026-02-16T13:00:00,2026-02-16T14:00:00,0.1584,ALL_PURPOSE,123456789,"{""run_as"": {""email"": ""user17@example.com""}, ""actor_type"": ""user""}"
2026-02-16T14:00:00,2026-02-16T15:00:00,0.2276,ALL_PURPOSE,123456789,"{""run_as"": {""email"": ""user17@example.com""}, ""actor_type"": ""user""}"
2026-02-16T15:00:00,2026-02-16T16:00:00,0.2207,ALL_PURPOSE,123456789,"{""run_as"": {""email"": ""user17@example.com""}, ""actor_type"": ""user""}"
2026-02-16T16:00:00,2026-02-16T17:00:00,0.2263,ALL_PURPOSE,123456789,"{""run_as"": {""email"": ""user17@example.com""}, ""actor_type"": ""user""}"
2026-02-16T17:00:00,2026-02-16T18:00:00,0.0,ALL_PURPOSE,123456789,"{""run_as"": {""email"": ""user17@example.com""}, ""actor_type"": ""user""}"
2026-02-16T18:00:00,2026-02-16T19:00:00,0.0,ALL_PURPOSE,123456789,"{""run_as"": {""email"": ""user17@example.com""}, ""actor_type"": ""user""}"
2026-02-16T19:00:00,2026-02-16T20:00:00,0.1038,ALL_PURPOSE,123456789,"{""run_as"": {""email"": ""user17@example.com""}, ""actor_type"": ""user""}"
2026-02-16T20:00:00,2026-02-16T21:00:00,0.0912,ALL_PURPOSE,123456789,"{""run_as"": {""email"": ""user17@example.com""}, ""actor_type"": ""user""}"
2026-02-16T21:00:00,2026-02-16T22:00:00,0.3129,ALL_PURPOSE,123456789,"{""run_as"": {""email"": ""user17@example.com""}, ""actor_type"": ""user""}"
2026-02-16T22:00:00,2026-02-16T23:00:00,0.2712,ALL_PURPOSE,123456789,"{""run_as"": {""email"": ""user17@example.com""}, ""actor_type"": ""user""}"
2026-02-16T23:00:00,2026-02-17T00:00:00,0.7053,ALL_PURPOSE,123456789,"{""run_as"": {""email"": ""user17@example.com""}, ""actor_type"": ""user""}"
2026-02-17T00:00:00,2026-02-17T01:00:00,0.3752,ALL_PURPOSE,123456789,"{""run_as"": {""email"": ""user17@example.com""}, ""actor_type"": ""user""}"
2026-02-17T01:00:00,2026-02-17T02:00:00,0.0207,ALL_PURPOSE,123456789,"{""run_as"": {""email"": ""user17@example.com""}, ""actor_type"": ""user""}"
2026-02-17T02:00:00,2026-02-17T03:00:00,0.9742,ALL_PURPOSE,123456789,"{""run_as"": {""email"": ""user17@example.com""}, ""actor_type"": ""user""}"
2026-02-17T03:00:00,2026-02-17T04:00:00,0.1446,ALL_PURPOSE,123456789,"{""run_as"": {""email"": ""user17@example.com""}, ""actor_type"": ""user""}"
2026-02-17T04:00:00,2026-02-17T05:00:00,0.4839,ALL_PURPOSE,123456789,"{""run_as"": {""email"": ""user17@example.com""}, ""actor_type"": ""user""}"
2026-02-17T05:00:00,2026-02-17T06:00:00,0.1593,ALL_PURPOSE,123456789,"{""run_as"": {""email"": ""user17@example.com""}, ""actor_type"": ""user""}"
2026-02-17T06:00:00,2026-02-17T07:00:00,0.0101,ALL_PURPOSE,123456789,"{""run_as"": {""email"": ""user17@example.com""}, ""actor_type"": ""user""}"
2026-02-17T07:00:00,2026-02-17T08:00:00,0.3912,ALL_PURPOSE,123456789,"{""run_as"": {""email"": ""user17@example.com""}, ""actor_type"": ""user""}"
2026-02-17T08:00:00,2026-02-17T09:00:00,0.0298,ALL_PURPOSE,123456789,"{""run_as"": {""email"": ""user17@example.com""}, ""actor_type"": ""user""}"
2026-02-17T09:00:00,2026-02-17T10:00:00,0.0658,ALL_PURPOSE,123456789,"{""run_as"": {""email"": ""user17@example.com""}, ""actor_type"": ""user""}"
2026-02-17T10:00:00,2026-02-17T11:00:00,0.0,ALL_PURPOSE,123456789,"{""run_as"": {""email"": ""user17@example.com""}, ""actor_type"": ""user""}"
2026-02-17T11:00:00,2026-02-17T12:00:00,0.192,ALL_PURPOSE,123456789,"{""run_as"": {""email"": ""user17@example.com""}, ""actor_type"": ""user""}"
2026-02-17T12:00:00,2026-02-17T13:00:00,0.237,ALL_PURPOSE,123456789,"{""run_as"": {""email"": ""user17@example.com""}, ""actor_type"": ""user""}"
2026-02-17T13:00:00,2026-02-17T14:00:00,0.1337,ALL_PURPOSE,123456789,"{""run_as"": {""email"": ""user17@example.com""}, ""actor_type"": ""user""}"
2026-02-17T14:00:00,2026-02-17T15:00:00,0.0431,ALL_PURPOSE,123456789,"{""run_as"": {""email"": ""user17@example.com""}, ""actor_type"": ""user""}"
2026-02-17T15:00:00,2026-02-17T16:00:00,0.0,ALL_PURPOSE,123456789,"{""run_as"": {""email"": ""user17@example.com""}, ""actor_type"": ""user""}"
2026-02-17T16:00:00,2026-02-17T17:00:00,0.1334,ALL_PURPOSE,123456789,"{""run_as"": {""email"": ""user17@example.com""}, ""actor_type"": ""user""}"
2026-02-17T17:00:00,2026-02-17T18:00:00,0.3774,ALL_PURPOSE,123456789,"{""run_as"": {""email"": ""user17@example.com""}, ""actor_type"": ""user""}"
2026-02-17T18:00:00,2026-02-17T19:00:00,0.2478,ALL_PURPOSE,123456789,"{""run_as"": {""email"": ""user17@example.com""}, ""actor_type"": ""user""}"
2026-02-17T19:00:00,2026-02-17T20:00:00,0.2501,ALL_PURPOSE,123456789,"{""run_as"": {""email"": ""user17@example.com""}, ""actor_type"": ""user""}"
2026-02-17T20:00:00,2026-02-17T21:00:00,0.0,ALL_PURPOSE,123456789,"{""run_as"": {""email"": ""user17@example.com""}, ""actor_type"": ""user""}"
2026-02-17T21:00:00,2026-02-17T22:00:00,0.0133,ALL_PURPOSE,123456789,"{""run_as"": {""email"": ""user17@example.com""}, ""actor_type"": ""user""}"
2026-02-17T22:00:00,2026-02-17T23:00:00,0.5284,ALL_PURPOSE,123456789,"{""run_as"": {""email"": ""user17@example.com""}, ""actor_type"": ""user""}"
2026-02-17T23:00:00,2026-02-18T00:00:00,0.0,ALL_PURPOSE,123456789,"{""run_as"": {""email"": ""user17@example.com""}, ""actor_type"": ""user""}"
2026-02-18T00:00:00,2026-02-18T01:00:00,0.271,ALL_PURPOSE,123456789,"{""run_as"": {""email"": ""user17@example.com""}, ""actor_type"": ""user""}"
2026-02-18T01:00:00,2026-02-18T02:00:00,0.779,ALL_PURPOSE,123456789,"{""run_as"": {""email"": ""user17@example.com""}, ""actor_type"": ""user""}"
2026-02-18T02:00:00,2026-02-18T03:00:00,0.0,ALL_PURPOSE,123456789,"{""run_as"": {""email"": ""user17@example.com""}, ""actor_type"": ""user""}"
2026-02-18T03:00:00,2026-02-18T04:00:00,0.1536,ALL_PURPOSE,123456789,"{""run_as"": {""email"": ""user17@example.com""}, ""actor_type"": ""user""}"
2026-02-18T04:00:00,2026-02-18T05:00:00,1.004,ALL_PURPOSE,123456789,"{""run_as"": {""email"": ""user17@example.com""}, ""actor_type"": ""user""}"
2026-02-18T05:00:00,2026-02-18T06:00:00,0.0,ALL_PURPOSE,123456789,"{""run_as"": {""email"": ""user17@example.com""}, ""actor_type"": ""user""}"
2026-02-18T06:00:00,2026-02-18T07:00:00,0.0,ALL_PURPOSE,123456789,"{""run_as"": {""email"": ""user17@example.com""}, ""actor_type"": ""user""}"
2026-02-18T07:00:00,2026-02-18T08:00:00,0.3158,ALL_PURPOSE,123456789,"{""run_as"": {""email"": ""user17@example.com""}, ""actor_type"": ""user""}"
2026-02-18T08:00:00,2026-02-18T09:00:00,0.2293,ALL_PURPOSE,123456789,"{""run_as"": {""email"": ""user17@example.com""}, ""actor_type"": ""user""}"
2026-02-18T09:00:00,2026-02-18T10:00:00,0.1025,ALL_PURPOSE,123456789,"{""run_as"": {""email"": ""user17@example.com""}, ""actor_type"": ""user""}"
2026-02-18T10:00:00,2026-02-18T11:00:00,0.2898,ALL_PURPOSE,123456789,"{""run_as"": {""email"": ""user17@example.com""}, ""actor_type"": ""user""}"
2026-02-18T11:00:00,2026-02-18T12:00:00,0.0973,ALL_PURPOSE,123456789,"{""run_as"": {""email"": ""user17@example.com""}, ""actor_type"": ""user""}"
2026-02-18T12:00:00,2026-02-18T13:00:00,0.0242,ALL_PURPOSE,123456789,"{""run_as"": {""email"": ""user17@example.com""}, ""actor_type"": ""user""}"
2026-02-18T13:00:00,2026-02-18T14:00:00,0.1743,ALL_PURPOSE,123456789,"{""run_as"": {""email"": ""user17@example.com""}, ""actor_type"": ""user""}"
2026-02-18T14:00:00,2026-02-18T15:00:00,0.3017,ALL_PURPOSE,123456789,"{""run_as"": {""email"": ""user17@example.com""}, ""actor_type"": ""user""}"
2026-02-18T15:00:00,2026-02-18T16:00:00,0.3541,ALL_PURPOSE,123456789,"{""run_as"": {""email"": ""user17@example.com""}, ""actor_type"": ""user""}"
2026-02-18T16:00:00,2026-02-18T17:00:00,0.059,ALL_PURPOSE,123456789,"{""run_as"": {""email"": ""user17@example.com""}, ""actor_type"": ""user""}"
2026-02-18T17:00:00,2026-02-18T18:00:00,0.1372,ALL_PURPOSE,123456789,"{""run_as"": {""email"": ""user17@example.com""}, ""actor_type"": ""user""}"
2026-02-18T18:00:00,2026-02-18T19:00:00,0.0032,ALL_PURPOSE,123456789,"{""run_as"": {""email"": ""user17@example.com""}, ""actor_type"": ""user""}"
2026-02-18T19:00:00,2026-02-18T20:00:00,0.0,ALL_PURPOSE,123456789,"{""run_as"": {""email"": ""user17@example.com""}, ""actor_type"": ""user""}"
2026-02-18T20:00:00,2026-02-18T21:00:00,0.2028,ALL_PURPOSE,123456789,"{""run_as"": {""email"": ""user17@example.com""}, ""actor_type"": ""user""}"
2026-02-18T21:00:00,2026-02-18T22:00:00,0.3435,ALL_PURPOSE,123456789,"{""run_as"": {""email"": ""user17@example.com""}, ""actor_type"": ""user""}"
2026-02-18T22:00:00,2026-02-18T23:00:00,0.8141,ALL_PURPOSE,123456789,"{""run_as"": {""email"": ""user17@example.com""}, ""actor_type"": ""user""}"
2026-02-18T23:00:00,2026-02-19T00:00:00,0.1366,ALL_PURPOSE,123456789,"{""run_as"": {""email"": ""user17@example.com""}, ""actor_type"": ""user""}"
2026-02-19T00:00:00,2026-02-19T01:00:00,0.3928,ALL_PURPOSE,123456789,"{""run_as"": {""email"": ""user17@example.com""}, ""actor_type"": ""user""}"
2026-02-19T01:00:00,2026-02-19T02:00:00,0.2314,ALL_PURPOSE,123456789,"{""run_as"": {""email"": ""user17@example.com""}, ""actor_type"": ""user""}"
2026-02-19T02:00:00,2026-02-19T03:00:00,0.5855,ALL_PURPOSE,123456789,"{""run_as"": {""email"": ""user17@example.com""}, ""actor_type"": ""user""}"
2026-02-19T03:00:00,2026-02-19T04:00:00,0.1195,ALL_PURPOSE,123456789,"{""run_as"": {""email"": ""user17@example.com""}, ""actor_type"": ""user""}"
2026-02-19T04:00:00,2026-02-19T05:00:00,0.0921,ALL_PURPOSE,123456789,"{""run_as"": {""email"": ""user17@example.com""}, ""actor_type"": ""user""}"
2026-02-19T05:00:00,2026-02-19T06:00:00,0.2938,ALL_PURPOSE,123456789,"{""run_as"": {""email"": ""user17@example.com""}, ""actor_type"": ""user""}"
2026-02-19T06:00:00,2026-02-19T07:00:00,0.296,ALL_PURPOSE,123456789,"{""run_as"": {""email"": ""user17@example.com""}, ""actor_type"": ""user""}"
2026-02-19T07:00:00,2026-02-19T08:00:00,0.0737,ALL_PURPOSE,123456789,"{""run_as"": {""email"": ""user17@example.com""}, ""actor_type"": ""user""}"
2026-02-19T08:00:00,2026-02-19T09:00:00,0.0,ALL_PURPOSE,123456789,"{""run_as"": {""email"": ""user17@example.com""}, ""actor_type"": ""user""}"
2026-02-19T09:00:00,2026-02-19T10:00:00,0.0,ALL_PURPOSE,123456789,"{""run_as"": {""email"": ""user17@example.com""}, ""actor_type"": ""user""}"
2026-02-19T10:00:00,2026-02-19T11:00:00,0.1162,ALL_PURPOSE,123456789,"{""run_as"": {""email"": ""user17@example.com""}, ""actor_type"": ""user""}"
2026-02-19T11:00:00,2026-02-19T12:00:00,0.2343,ALL_PURPOSE,123456789,"{""run_as"": {""email"": ""user17@example.com""}, ""actor_type"": ""user""}"
2026-02-19T12:00:00,2026-02-19T13:00:00,0.0,ALL_PURPOSE,123456789,"{""run_as"": {""email"": ""user17@example.com""}, ""actor_type"": ""user""}"
2026-02-19T13:00:00,2026-02-19T14:00:00,0.0791,ALL_PURPOSE,123456789,"{""run_as"": {""email"": ""user17@example.com""}, ""actor_type"": ""user""}"
2026-02-19T14:00:00,2026-02-19T15:00:00,0.3542,ALL_PURPOSE,123456789,"{""run_as"": {""email"": ""user17@example.com""}, ""actor_type"": ""user""}"
2026-02-19T15:00:00,2026-02-19T16:00:00,0.1359,ALL_PURPOSE,123456789,"{""run_as"": {""email"": ""user17@example.com""}, ""actor_type"": ""user""}"
2026-02-19T16:00:00,2026-02-19T17:00:00,0.0,ALL_PURPOSE,123456789,"{""run_as"": {""email"": ""user17@example.com""}, ""actor_type"": ""user""}"
2026-02-19T17:00:00,2026-02-19T18:00:00,0.3372,ALL_PURPOSE,123456789,"{""run_as"": {""email"": ""user17@example.com""}, ""actor_type"": ""user""}"
2026-02-19T18:00:00,2026-02-19T19:00:00,0.0084,ALL_PURPOSE,123456789,"{""run_as"": {""email"": ""user17@example.com""}, ""actor_type"": ""user""}"
2026-02-19T19:00:00,2026-02-19T20:00:00,0.1516,ALL_PURPOSE,123456789,"{""run_as"": {""email"": ""user17@example.com""}, ""actor_type"": ""user""}"
2026-02-19T20:00:00,2026-02-19T21:00:00,0.0444,ALL_PURPOSE,123456789,"{""run_as"": {""email"": ""user17@example.com""}, ""actor_type"": ""user""}"
2026-02-19T21:00:00,2026-02-19T22:00:00,0.122,ALL_PURPOSE,123456789,"{""run_as"": {""email"": ""user17@example.com""}, ""actor_type"": ""user""}"
2026-02-19T22:00:00,2026-02-19T23:00:00,0.3238,ALL_PURPOSE,123456789,"{""run_as"": {""email"": ""user17@example.com""}, ""actor_type"": ""user""}"
2026-02-19T23:00:00,2026-02-20T00:00:00,0.3908,ALL_PURPOSE,123456789,"{""run_as"": {""email"": ""user17@example.com""}, ""actor_type"": ""user""}"
2026-02-20T00:00:00,2026-02-20T01:00:00,0.5525,ALL_PURPOSE,123456789,"{""run_as"": {""email"": ""user17@example.com""}, ""actor_type"": ""user""}"
2026-02-20T01:00:00,2026-02-20T02:00:00,0.6827,ALL_PURPOSE,123456789,"{""run_as"": {""email"": ""user17@example.com""}, ""actor_type"": ""user""}"
2026-02-20T02:00:00,2026-02-20T03:00:00,0.2398,ALL_PURPOSE,123456789,"{""run_as"": {""email"": ""user17@example.com""}, ""actor_type"": ""user""}"
2026-02-20T03:00:00,2026-02-20T04:00:00,0.0185,ALL_PURPOSE,123456789,"{""run_as"": {""email"": ""user17@example.com""}, ""actor_type"": ""user""}"
2026-02-20T04:00:00,2026-02-20T05:00:00,0.2142,ALL_PURPOSE,123456789,"{""run_as"": {""email"": ""user17@example.com""}, ""actor_type"": ""user""}"
2026-02-20T05:00:00,2026-02-20T06:00:00,0.0213,ALL_PURPOSE,123456789,"{""run_as"": {""email"": ""user17@example.com""}, ""actor_type"": ""user""}"
2026-02-20T06:00:00,2026-02-20T07:00:00,0.3406,ALL_PURPOSE,123456789,"{""run_as"": {""email"": ""user17@example.com""}, ""actor_type"": ""user""}"
2026-02-20T07:00:00,2026-02-20T08:00:00,0.3543,ALL_PURPOSE,123456789,"{""run_as"": {""email"": ""user17@example.com""}, ""actor_type"": ""user""}"
2026-02-20T08:00:00,2026-02-20T09:00:00,0.0326,ALL_PURPOSE,123456789,"{""run_as"": {""email"": ""user17@example.com""}, ""actor_type"": ""user""}"
2026-02-20T09:00:00,2026-02-20T10:00:00,0.0,ALL_PURPOSE,123456789,"{""run_as"": {""email"": ""user17@example.com""}, ""actor_type"": ""user""}"
2026-02-20T10:00:00,2026-02-20T11:00:00,0.2034,ALL_PURPOSE,123456789,"{""run_as"": {""email"": ""user17@example.com""}, ""actor_type"": ""user""}"
2026-02-20T11:00:00,2026-02-20T12:00:00,0.258,ALL_PURPOSE,123456789,"{""run_as"": {""email"": ""user17@example.com""}, ""actor_type"": ""user""}"
2026-02-20T12:00:00,2026-02-20T13:00:00,0.1994,ALL_PURPOSE,123456789,"{""run_as"": {""email"": ""user17@example.com""}, ""actor_type"": ""user""}"
2026-02-20T13:00:00,2026-02-20T14:00:00,0.1287,ALL_PURPOSE,123456789,"{""run_as"": {""email"": ""user17@example.com""}, ""actor_type"": ""user""}"
2026-02-20T14:00:00,2026-02-20T15:00:00,0.2778,ALL_PURPOSE,123456789,"{""run_as"": {""email"": ""user17@example.com""}, ""actor_type"": ""user""}"
2026-02-20T15:00:00,2026-02-20T16:00:00,0.1979,ALL_PURPOSE,123456789,"{""run_as"": {""email"": ""user17@example.com""}, ""actor_type"": ""user""}"
2026-02-20T16:00:00,2026-02-20T17:00:00,0.1604,ALL_PURPOSE,123456789,"{""run_as"": {""email"": ""user17@example.com""}, ""actor_type"": ""user""}"
2026-02-13T17:00:00,2026-02-13T18:00:00,0.0,ALL_PURPOSE,123456789,"{""run_as"": {""email"": ""user18@example.com""}, ""actor_type"": ""user""}"
2026-02-13T18:00:00,2026-02-13T19:00:00,0.0878,ALL_PURPOSE,123456789,"{""run_as"": {""email"": ""user18@example.com""}, ""actor_type"": ""user""}"
2026-02-13T19:00:00,2026-02-13T20:00:00,0.3453,ALL_PURPOSE,123456789,"{""run_as"": {""email"": ""user18@example.com""}, ""actor_type"": ""user""}"
2026-02-13T20:00:00,2026-02-13T21:00:00,0.1224,ALL_PURPOSE,123456789,"{""run_as"": {""email"": ""user18@example.com""}, ""actor_type"": ""user""}"
2026-02-13T21:00:00,2026-02-13T22:00:00,0.2285,ALL_PURPOSE,123456789,"{""run_as"": {""email"": ""user18@example.com""}, ""actor_type"": ""user""}"
2026-02-13T22:00:00,2026-02-13T23:00:00,0.0,ALL_PURPOSE,123456789,"{""run_as"": {""email"": ""user18@example.com""}, ""actor_type"": ""user""}"
2026-02-13T23:00:00,2026-02-14T00:00:00,0.0336,ALL_PURPOSE,123456789,"{""run_as"": {""email"": ""user18@example.com""}, ""actor_type"": ""user""}"
2026-02-14T00:00:00,2026-02-14T01:00:00,0.2336,ALL_PURPOSE,123456789,"{""run_as"": {""email"": ""user18@example.com""}, ""actor_type"": ""user""}"
2026-02-14T01:00:00,2026-02-14T02:00:00,0.1704,ALL_PURPOSE,123456789,"{""run_as"": {""email"": ""user18@example.com""}, ""actor_type"": ""user""}"
2026-02-14T02:00:00,2026-02-14T03:00:00,0.6895,ALL_PURPOSE,123456789,"{""run_as"": {""email"": ""user18@example.com""}, ""actor_type"": ""user""}"
2026-02-14T03:00:00,2026-02-14T04:00:00,0.0935,ALL_PURPOSE,123456789,"{""run_as"": {""email"": ""user18@example.com""}, ""actor_type"": ""user""}"
2026-02-14T04:00:00,2026-02-14T05:00:00,0.033,ALL_PURPOSE,123456789,"{""run_as"": {""email"": ""user18@example.com""}, ""actor_type"": ""user""}"
2026-02-14T05:00:00,2026-02-14T06:00:00,0.2575,ALL_PURPOSE,123456789,"{""run_as"": {""email"": ""user18@example.com""}, ""actor_type"": ""user""}"
2026-02-14T06:00:00,2026-02-14T07:00:00,0.0,ALL_PURPOSE,123456789,"{""run_as"": {""email"": ""user18@example.com""}, ""actor_type"": ""user""}"
2026-02-14T07:00:00,2026-02-14T08:00:00,0.0153,ALL_PURPOSE,123456789,"{""run_as"": {""email"": ""user18@example.com""}, ""actor_type"": ""user""}"
2026-02-14T08:00:00,2026-02-14T09:00:00,0.0787,ALL_PURPOSE,123456789,"{""run_as"": {""email"": ""user18@example.com""}, ""actor_type"": ""user""}"
2026-02-14T09:00:00,2026-02-14T10:00:00,0.1211,ALL_PURPOSE,123456789,"{""run_as"": {""email"": ""user18@example.com""}, ""actor_type"": ""user""}"
2026-02-14T10:00:00,2026-02-14T11:00:00,0.2734,ALL_PURPOSE,123456789,"{""run_as"": {""email"": ""user18@example.com""}, ""actor_type"": ""user""}"
2026-02-14T11:00:00,2026-02-14T12:00:00,0.2823,ALL_PURPOSE,123456789,"{""run_as"": {""email"": ""user18@example.com""}, ""actor_type"": ""user""}"
2026-02-14T12:00:00,2026-02-14T13:00:00,0.3994,ALL_PURPOSE,123456789,"{""run_as"": {""email"": ""user18@example.com""}, ""actor_type"": ""user""}"
2026-02-14T13:00:00,2026-02-14T14:00:00,0.2959,ALL_PURPOSE,123456789,"{""run_as"": {""email"": ""user18@example.com""}, ""actor_type"": ""user""}"
2026-02-14T14:00:00,2026-02-14T15:00:00,0.0034,ALL_PURPOSE,123456789,"{""run_as"": {""email"": ""user18@example.com""}, ""actor_type"": ""user""}"
2026-02-14T15:00:00,2026-02-14T16:00:00,0.3289,ALL_PURPOSE,123456789,"{""run_as"": {""email"": ""user18@example.com""}, ""actor_type"": ""user""}"
2026-02-14T16:00:00,2026-02-14T17:00:00,0.1615,ALL_PURPOSE,123456789,"{""run_as"": {""email"": ""user18@example.com""}, ""actor_type"": ""user""}"
2026-02-14T17:00:00,2026-02-14T18:00:00,0.232,ALL_PURPOSE,123456789,"{""run_as"": {""email"": ""user18@example.com""}, ""actor_type"": ""user""}"
2026-02-14T18:00:00,2026-02-14T19:00:00,0.1888,ALL_PURPOSE,123456789,"{""run_as"": {""email"": ""user18@example.com""}, ""actor_type"": ""user""}"
2026-02-14T19:00:00,2026-02-14T20:00:00,0.0,ALL_PURPOSE,123456789,"{""run_as"": {""email"": ""user18@example.com""}, ""actor_type"": ""user""}"
2026-02-14T20:00:00,2026-02-14T21:00:00,0.159,ALL_PURPOSE,123456789,"{""run_as"": {""email"": ""user18@example.com""}, ""actor_type"": ""user""}"
2026-02-14T21:00:00,2026-02-14T22:00:00,0.2997,ALL_PURPOSE,123456789,"{""run_as"": {""email"": ""user18@example.com""}, ""actor_type"": ""user""}"
2026-02-14T22:00:00,2026-02-14T23:00:00,0.2063,ALL_PURPOSE,123456789,"{""run_as"": {""email"": ""user18@example.com""}, ""actor_type"": ""user""}"
2026-02-14T23:00:00,2026-02-15T00:00:00,0.289,ALL_PURPOSE,123456789,"{""run_as"": {""email"": ""user18@example.com""}, ""actor_type"": ""user""}"
2026-02-15T00:00:00,2026-02-15T01:00:00,0.7643,ALL_PURPOSE,123456789,"{""run_as"": {""email"": ""user18@example.com""}, ""actor_type"": ""user""}"
2026-02-15T01:00:00,2026-02-15T02:00:00,0.0838,ALL_PURPOSE,123456789,"{""run_as"": {""email"": ""user18@example.com""}, ""actor_type"": ""user""}"
2026-02-15T02:00:00,2026-02-15T03:00:00,0.0,ALL_PURPOSE,123456789,"{""run_as"": {""email"": ""user18@example.com""}, ""actor_type"": ""user""}"
2026-02-15T03:00:00,2026-02-15T04:00:00,1.0446,ALL_PURPOSE,123456789,"{""run_as"": {""email"": ""user18@example.com""}, ""actor_type"": ""user""}"
2026-02-15T04:00:00,2026-02-15T05:00:00,0.1359,ALL_PURPOSE,123456789,"{""run_as"": {""email"": ""user18@example.com""}, ""actor_type"": ""user""}"
2026-02-15T05:00:00,2026-02-15T06:00:00,0.1613,ALL_PURPOSE,123456789,"{""run_as"": {""email"": ""user18@example.com""}, ""actor_type"": ""user""}"
2026-02-15T06:00:00,2026-02-15T07:00:00,0.0,ALL_PURPOSE,123456789,"{""run_as"": {""email"": ""user18@example.com""}, ""actor_type"": ""user""}"
2026-02-15T07:00:00,2026-02-15T08:00:00,0.3141,ALL_PURPOSE,123456789,"{""run_as"": {""email"": ""user18@example.com""}, ""actor_type"": ""user""}"
2026-02-15T08:00:00,2026-02-15T09:00:00,0.0615,ALL_PURPOSE,123456789,"{""run_as"": {""email"": ""user18@example.com""}, ""actor_type"": ""user""}"
2026-02-15T09:00:00,2026-02-15T10:00:00,0.1321,ALL_PURPOSE,123456789,"{""run_as"": {""email"": ""user18@example.com""}, ""actor_type"": ""user""}"
2026-02-15T10:00:00,2026-02-15T11:00:00,0.2412,ALL_PURPOSE,123456789,"{""run_as"": {""email"": ""user18@example.com""}, ""actor_type"": ""user""}"
2026-02-15T11:00:00,2026-02-15T12:00:00,0.3468,ALL_PURPOSE,123456789,"{""run_as"": {""email"": ""user18@example.com""}, ""actor_type"": ""user""}"
2026-02-15T12:00:00,2026-02-15T13:00:00,0.0817,ALL_PURPOSE,123456789,"{""run_as"": {""email"": ""user18@example.com""}, ""actor_type"": ""user""}"
2026-02-15T13:00:00,2026-02-15T14:00:00,0.2138,ALL_PURPOSE,123456789,"{""run_as"": {""email"": ""user18@example.com""}, ""actor_type"": ""user""}"
2026-02-15T14:00:00,2026-02-15T15:00:00,0.0435,ALL_PURPOSE,123456789,"{""run_as"": {""email"": ""user18@example.com""}, ""actor_type"": ""user""}"
2026-02-15T15:00:00,2026-02-15T16:00:00,0.1806,ALL_PURPOSE,123456789,"{""run_as"": {""email"": ""user18@example.com""}, ""actor_type"": ""user""}"
2026-02-15T16:00:00,2026-02-15T17:00:00,0.0,ALL_PURPOSE,123456789,"{""run_as"": {""email"": ""user18@example.com""}, ""actor_type"": ""user""}"
2026-02-15T17:00:00,2026-02-15T18:00:00,0.0,ALL_PURPOSE,123456789,"{""run_as"": {""email"": ""user18@example.com""}, ""actor_type"": ""user""}"
2026-02-15T18:00:00,2026-02-15T19:00:00,0.2756,ALL_PURPOSE,123456789,"{""run_as"": {""email"": ""user18@example.com""}, ""actor_type"": ""user""}"
2026-02-15T19:00:00,2026-02-15T20:00:00,0.0,ALL_PURPOSE,123456789,"{""run_as"": {""email"": ""user18@example.com""}, ""actor_type"": ""user""}"
2026-02-15T20:00:00,2026-02-15T21:00:00,0.3852,ALL_PURPOSE,123456789,"{""run_as"": {""email"": ""user18@example.com""}, ""actor_type"": ""user""}"
2026-02-15T21:00:00,2026-02-15T22:00:00,0.0932,ALL_PURPOSE,123456789,"{""run_as"": {""email"": ""user18@example.com""}, ""actor_type"": ""user""}"
2026-02-15T22:00:00,2026-02-15T23:00:00,0.491,ALL_PURPOSE,123456789,"{""run_as"": {""email"": ""user18@example.com""}, ""actor_type"": ""user""}"
2026-02-15T23:00:00,2026-02-16T00:00:00,0.3439,ALL_PURPOSE,123456789,"{""run_as"": {""email"": ""user18@example.com""}, ""actor_type"": ""user""}"
2026-02-16T00:00:00,2026-02-16T01:00:00,0.0443,ALL_PURPOSE,123456789,"{""run_as"": {""email"": ""user18@example.com""}, ""actor_type"": ""user""}"
2026-02-16T01:00:00,2026-02-16T02:00:00,0.0275,ALL_PURPOSE,123456789,"{""run_as"": {""email"": ""user18@example.com""}, ""actor_type"": ""user""}"
2026-02-16T02:00:00,2026-02-16T03:00:00,0.4545,ALL_PURPOSE,123456789,"{""run_as"": {""email"": ""user18@example.com""}, ""actor_type"": ""user""}"
2026-02-16T03:00:00,2026-02-16T04:00:00,0.1899,ALL_PURPOSE,123456789,"{""run_as"": {""email"": ""user18@example.com""}, ""actor_type"": ""user""}"
2026-02-16T04:00:00,2026-02-16T05:00:00,0.235,ALL_PURPOSE,123456789,"{""run_as"": {""email"": ""user18@example.com""}, ""actor_type"": ""user""}"
2026-02-16T05:00:00,2026-02-16T06:00:00,0.0,ALL_PURPOSE,123456789,"{""run_as"": {""email"": ""user18@example.com""}, ""actor_type"": ""user""}"
2026-02-16T06:00:00,2026-02-16T07:00:00,0.1597,ALL_PURPOSE,123456789,"{""run_as"": {""email"": ""user18@example.com""}, ""actor_type"": ""user""}"
2026-02-16T07:00:00,2026-02-16T08:00:00,0.2103,ALL_PURPOSE,123456789,"{""run_as"": {""email"": ""user18@example.com""}, ""actor_type"": ""user""}"
2026-02-16T08:00:00,2026-02-16T09:00:00,0.3517,ALL_PURPOSE,123456789,"{""run_as"": {""email"": ""user18@example.com""}, ""actor_type"": ""user""}"
2026-02-16T09:00:00,2026-02-16T10:00:00,0.2305,ALL_PURPOSE,123456789,"{""run_as"": {""email"": ""user18@example.com""}, ""actor_type"": ""user""}"
2026-02-16T10:00:00,2026-02-16T11:00:00,0.1152,ALL_PURPOSE,123456789,"{""run_as"": {""email"": ""user18@example.com""}, ""actor_type"": ""user""}"
2026-02-16T11:00:00,2026-02-16T12:00:00,0.1825,ALL_PURPOSE,123456789,"{""run_as"": {""email"": ""user18@example.com""}, ""actor_type"": ""user""}"
2026-02-16T12:00:00,2026-02-16T13:00:00,0.2847,ALL_PURPOSE,123456789,"{""run_as"": {""email"": ""user18@example.com""}, ""actor_type"": ""user""}"
2026-02-16T13:00:00,2026-02-16T14:00:00,0.2452,ALL_PURPOSE,123456789,"{""run_as"": {""email"": ""user18@example.com""}, ""actor_type"": ""user""}"
2026-02-16T14:00:00,2026-02-16T15:00:00,0.0701,ALL_PURPOSE,123456789,"{""run_as"": {""email"": ""user18@example.com""}, ""actor_type"": ""user""}"
2026-02-16T15:00:00,2026-02-16T16:00:00,0.36,ALL_PURPOSE,123456789,"{""run_as"": {""email"": ""user18@example.com""}, ""actor_type"": ""user""}"
2026-02-16T16:00:00,2026-02-16T17:00:00,0.1831,ALL_PURPOSE,123456789,"{""run_as"": {""email"": ""user18@example.com""}, ""actor_type"": ""user""}"
2026-02-16T17:00:00,2026-02-16T18:00:00,0.0734,ALL_PURPOSE,123456789,"{""run_as"": {""email"": ""user18@example.com""}, ""actor_type"": ""user""}"
2026-02-16T18:00:00,2026-02-16T19:00:00,0.1574,ALL_PURPOSE,123456789,"{""run_as"": {""email"": ""user18@example.com""}, ""actor_type"": ""user""}"
2026-02-16T19:00:00,2026-02-16T20:00:00,0.0959,ALL_PURPOSE,123456789,"{""run_as"": {""email"": ""user18@example.com""}, ""actor_type"": ""user""}"
2026-02-16T20:00:00,2026-02-16T21:00:00,0.1095,ALL_PURPOSE,123456789,"{""run_as"": {""email"": ""user18@example.com""}, ""actor_type"": ""user""}"
2026-02-16T21:00:00,2026-02-16T22:00:00,0.1168,ALL_PURPOSE,123456789,"{""run_as"": {""email"": ""user18@example.com""}, ""actor_type"": ""user""}"
2026-02-16T22:00:00,2026-02-16T23:00:00,0.2792,ALL_PURPOSE,123456789,"{""run_as"": {""email"": ""user18@example.com""}, ""actor_type"": ""user""}"
2026-02-16T23:00:00,2026-02-17T00:00:00,0.1974,ALL_PURPOSE,123456789,"{""run_as"": {""email"": ""user18@example.com""}, ""actor_type"": ""user""}"
2026-02-17T00:00:00,2026-02-17T01:00:00,0.5718,ALL_PURPOSE,123456789,"{""run_as"": {""email"": ""user18@example.com""}, ""actor_type"": ""user""}"
2026-02-17T01:00:00,2026-02-17T02:00:00,0.1304,ALL_PURPOSE,123456789,"{""run_as"": {""email"": ""user18@example.com""}, ""actor_type"": ""user""}"
2026-02-17T02:00:00,2026-02-17T03:00:00,0.0,ALL_PURPOSE,123456789,"{""run_as"": {""email"": ""user18@example.com""}, ""actor_type"": ""user""}"
2026-02-17T03:00:00,2026-02-17T04:00:00,0.2778,ALL_PURPOSE,123456789,"{""run_as"": {""email"": ""user18@example.com""}, ""actor_type"": ""user""}"
2026-02-17T04:00:00,2026-02-17T05:00:00,0.2984,ALL_PURPOSE,123456789,"{""run_as"": {""email"": ""user18@example.com""}, ""actor_type"": ""user""}"
2026-02-17T05:00:00,2026-02-17T06:00:00,0.7463,ALL_PURPOSE,123456789,"{""run_as"": {""email"": ""user18@example.com""}, ""actor_type"": ""user""}"
2026-02-17T06:00:00,2026-02-17T07:00:00,0.2995,ALL_PURPOSE,123456789,"{""run_as"": {""email"": ""user18@example.com""}, ""actor_type"": ""user""}"
2026-02-17T07:00:00,2026-02-17T08:00:00,0.0273,ALL_PURPOSE,123456789,"{""run_as"": {""email"": ""user18@example.com""}, ""actor_type"": ""user""}"
2026-02-17T08:00:00,2026-02-17T09:00:00,0.0969,ALL_PURPOSE,123456789,"{""run_as"": {""email"": ""user18@example.com""}, ""actor_type"": ""user""}"
2026-02-17T09:00:00,2026-02-17T10:00:00,0.0561,ALL_PURPOSE,123456789,"{""run_as"": {""email"": ""user18@example.com""}, ""actor_type"": ""user""}"
2026-02-17T10:00:00,2026-02-17T11:00:00,0.3366,ALL_PURPOSE,123456789,"{""run_as"": {""email"": ""user18@example.com""}, ""actor_type"": ""user""}"
2026-02-17T11:00:00,2026-02-17T12:00:00,0.0,ALL_PURPOSE,123456789,"{""run_as"": {""email"": ""user18@example.com""}, ""actor_type"": ""user""}"
2026-02-17T12:00:00,2026-02-17T13:00:00,0.1177,ALL_PURPOSE,123456789,"{""run_as"": {""email"": ""user18@example.com""}, ""actor_type"": ""user""}"
2026-02-17T13:00:00,2026-02-17T14:00:00,0.0,ALL_PURPOSE,123456789,"{""run_as"": {""email"": ""user18@example.com""}, ""actor_type"": ""user""}"
2026-02-17T14:00:00,2026-02-17T15:00:00,0.3054,ALL_PURPOSE,123456789,"{""run_as"": {""email"": ""user18@example.com""}, ""actor_type"": ""user""}"
2026-02-17T15:00:00,2026-02-17T16:00:00,0.0614,ALL_PURPOSE,123456789,"{""run_as"": {""email"": ""user18@example.com""}, ""actor_type"": ""user""}"
2026-02-17T16:00:00,2026-02-17T17:00:00,0.0,ALL_PURPOSE,123456789,"{""run_as"": {""email"": ""user18@example.com""}, ""actor_type"": ""user""}"
2026-02-17T17:00:00,2026-02-17T18:00:00,0.27,ALL_PURPOSE,123456789,"{""run_as"": {""email"": ""user18@example.com""}, ""actor_type"": ""user""}"
2026-02-17T18:00:00,2026-02-17T19:00:00,0.2787,ALL_PURPOSE,123456789,"{""run_as"": {""email"": ""user18@example.com""}, ""actor_type"": ""user""}"
2026-02-17T19:00:00,2026-02-17T20:00:00,0.3246,ALL_PURPOSE,123456789,"{""run_as"": {""email"": ""user18@example.com""}, ""actor_type"": ""user""}"
2026-02-17T20:00:00,2026-02-17T21:00:00,0.2866,ALL_PURPOSE,123456789,"{""run_as"": {""email"": ""user18@example.com""}, ""actor_type"": ""user""}"
2026-02-17T21:00:00,2026-02-17T22:00:00,0.1562,ALL_PURPOSE,123456789,"{""run_as"": {""email"": ""user18@example.com""}, ""actor_type"": ""user""}"
2026-02-17T22:00:00,2026-02-17T23:00:00,0.6617,ALL_PURPOSE,123456789,"{""run_as"": {""email"": ""user18@example.com""}, ""actor_type"": ""user""}"
2026-02-17T23:00:00,2026-02-18T00:00:00,0.3715,ALL_PURPOSE,123456789,"{""run_as"": {""email"": ""user18@example.com""}, ""actor_type"": ""user""}"
2026-02-18T00:00:00,2026-02-18T01:00:00,0.0366,ALL_PURPOSE,123456789,"{""run_as"": {""email"": ""user18@example.com""}, ""actor_type"": ""user""}"
2026-02-18T01:00:00,2026-02-18T02:00:00,0.7031,ALL_PURPOSE,123456789,"{""run_as"": {""email"": ""user18@example.com""}, ""actor_type"": ""user""}"
2026-02-18T02:00:00,2026-02-18T03:00:00,0.3529,ALL_PURPOSE,123456789,"{""run_as"": {""email"": ""user18@example.com""}, ""actor_type"": ""user""}"
2026-02-18T03:00:00,2026-02-18T04:00:00,0.0,ALL_PURPOSE,123456789,"{""run_as"": {""email"": ""user18@example.com""}, ""actor_type"": ""user""}"
2026-02-18T04:00:00,2026-02-18T05:00:00,0.1309,ALL_PURPOSE,123456789,"{""run_as"": {""email"": ""user18@example.com""}, ""actor_type"": ""user""}"
2026-02-18T05:00:00,2026-02-18T06:00:00,0.0828,ALL_PURPOSE,123456789,"{""run_as"": {""email"": ""user18@example.com""}, ""actor_type"": ""user""}"
2026-02-18T06:00:00,2026-02-18T07:00:00,0.0483,ALL_PURPOSE,123456789,"{""run_as"": {""email"": ""user18@example.com""}, ""actor_type"": ""user""}"
2026-02-18T07:00:00,2026-02-18T08:00:00,0.1426,ALL_PURPOSE,123456789,"{""run_as"": {""email"": ""user18@example.com""}, ""actor_type"": ""user""}"
2026-02-18T08:00:00,2026-02-18T09:00:00,0.1609,ALL_PURPOSE,123456789,"{""run_as"": {""email"": ""user18@example.com""}, ""actor_type"": ""user""}"
2026-02-18T09:00:00,2026-02-18T10:00:00,0.1557,ALL_PURPOSE,123456789,"{""run_as"": {""email"": ""user18@example.com""}, ""actor_type"": ""user""}"
2026-02-18T10:00:00,2026-02-18T11:00:00,0.0264,ALL_PURPOSE,123456789,"{""run_as"": {""email"": ""user18@example.com""}, ""actor_type"": ""user""}"
2026-02-18T11:00:00,2026-02-18T12:00:00,0.26,ALL_PURPOSE,123456789,"{""run_as"": {""email"": ""user18@example.com""}, ""actor_type"": ""user""}"
2026-02-18T12:00:00,2026-02-18T13:00:00,0.0269,ALL_PURPOSE,123456789,"{""run_as"": {""email"": ""user18@example.com""}, ""actor_type"": ""user""}"
2026-02-18T13:00:00,2026-02-18T14:00:00,0.1206,ALL_PURPOSE,123456789,"{""run_as"": {""email"": ""user18@example.com""}, ""actor_type"": ""user""}"
2026-02-18T14:00:00,2026-02-18T15:00:00,0.0,ALL_PURPOSE,123456789,"{""run_as"": {""email"": ""user18@example.com""}, ""actor_type"": ""user""}"
2026-02-18T15:00:00,2026-02-18T16:00:00,0.2145,ALL_PURPOSE,123456789,"{""run_as"": {""email"": ""user18@example.com""}, ""actor_type"": ""user""}"
2026-02-18T16:00:00,2026-02-18T17:00:00,0.3402,ALL_PURPOSE,123456789,"{""run_as"": {""email"": ""user18@example.com""}, ""actor_type"": ""user""}"
2026-02-18T17:00:00,2026-02-18T18:00:00,0.3836,ALL_PURPOSE,123456789,"{""run_as"": {""email"": ""user18@example.com""}, ""actor_type"": ""user""}"
2026-02-18T18:00:00,2026-02-18T19:00:00,0.3926,ALL_PURPOSE,123456789,"{""run_as"": {""email"": ""user18@example.com""}, ""actor_type"": ""user""}"
2026-02-18T19:00:00,2026-02-18T20:00:00,0.2712,ALL_PURPOSE,123456789,"{""run_as"": {""email"": ""user18@example.com""}, ""actor_type"": ""user""}"
2026-02-18T20:00:00,2026-02-18T21:00:00,0.2775,ALL_PURPOSE,123456789,"{""run_as"": {""email"": ""user18@example.com""}, ""actor_type"": ""user""}"
2026-02-18T21:00:00,2026-02-18T22:00:00,0.2541,ALL_PURPOSE,123456789,"{""run_as"": {""email"": ""user18@example.com""}, ""actor_type"": ""user""}"
2026-02-18T22:00:00,2026-02-18T23:00:00,0.1272,ALL_PURPOSE,123456789,"{""run_as"": {""email"": ""user18@example.com""}, ""actor_type"": ""user""}"
2026-02-18T23:00:00,2026-02-19T00:00:00,0.134,ALL_PURPOSE,123456789,"{""run_as"": {""email"": ""user18@example.com""}, ""actor_type"": ""user""}"
2026-02-19T00:00:00,2026-02-19T01:00:00,0.1529,ALL_PURPOSE,123456789,"{""run_as"": {""email"": ""user18@example.com""}, ""actor_type"": ""user""}"
2026-02-19T01:00:00,2026-02-19T02:00:00,0.235,ALL_PURPOSE,123456789,"{""run_as"": {""email"": ""user18@example.com""}, ""actor_type"": ""user""}"
2026-02-19T02:00:00,2026-02-19T03:00:00,0.2465,ALL_PURPOSE,123456789,"{""run_as"": {""email"": ""user18@example.com""}, ""actor_type"": ""user""}"
2026-02-19T03:00:00,2026-02-19T04:00:00,0.2952,ALL_PURPOSE,123456789,"{""run_as"": {""email"": ""user18@example.com""}, ""actor_type"": ""user""}"
2026-02-19T04:00:00,2026-02-19T05:00:00,0.024,ALL_PURPOSE,123456789,"{""run_as"": {""email"": ""user18@example.com""}, ""actor_type"": ""user""}"
2026-02-19T05:00:00,2026-02-19T06:00:00,0.1872,ALL_PURPOSE,123456789,"{""run_as"": {""email"": ""user18@example.com""}, ""actor_type"": ""user""}"
2026-02-19T06:00:00,2026-02-19T07:00:00,0.2392,ALL_PURPOSE,123456789,"{""run_as"": {""email"": ""user18@example.com""}, ""actor_type"": ""user""}"
2026-02-19T07:00:00,2026-02-19T08:00:00,0.2957,ALL_PURPOSE,123456789,"{""run_as"": {""email"": ""user18@example.com""}, ""actor_type"": ""user""}"
2026-02-19T08:00:00,2026-02-19T09:00:00,0.1113,ALL_PURPOSE,123456789,"{""run_as"": {""email"": ""user18@example.com""}, ""actor_type"": ""user""}"
2026-02-19T09:00:00,2026-02-19T10:00:00,0.3042,ALL_PURPOSE,123456789,"{""run_as"": {""email"": ""user18@example.com""}, ""actor_type"": ""user""}"
2026-02-19T10:00:00,2026-02-19T11:00:00,0.391,ALL_PURPOSE,123456789,"{""run_as"": {""email"": ""user18@example.com""}, ""actor_type"": ""user""}"
2026-02-19T11:00:00,2026-02-19T12:00:00,0.0,ALL_PURPOSE,123456789,"{""run_as"": {""email"": ""user18@example.com""}, ""actor_type"": ""user""}"
2026-02-19T12:00:00,2026-02-19T13:00:00,0.3388,ALL_PURPOSE,123456789,"{""run_as"": {""email"": ""user18@example.com""}, ""actor_type"": ""user""}"
2026-02-19T13:00:00,2026-02-19T14:00:00,0.0969,ALL_PURPOSE,123456789,"{""run_as"": {""email"": ""user18@example.com""}, ""actor_type"": ""user""}"
2026-02-19T14:00:00,2026-02-19T15:00:00,0.3627,ALL_PURPOSE,123456789,"{""run_as"": {""email"": ""user18@example.com""}, ""actor_type"": ""user""}"
2026-02-19T15:00:00,2026-02-19T16:00:00,0.0993,ALL_PURPOSE,123456789,"{""run_as"": {""email"": ""user18@example.com""}, ""actor_type"": ""user""}"
2026-02-19T16:00:00,2026-02-19T17:00:00,0.2878,ALL_PURPOSE,123456789,"{""run_as"": {""email"": ""user18@example.com""}, ""actor_type"": ""user""}"
2026-02-19T17:00:00,2026-02-19T18:00:00,0.1526,ALL_PURPOSE,123456789,"{""run_as"": {""email"": ""user18@example.com""}, ""actor_type"": ""user""}"
2026-02-19T18:00:00,2026-02-19T19:00:00,0.0,ALL_PURPOSE,123456789,"{""run_as"": {""email"": ""user18@example.com""}, ""actor_type"": ""user""}"
2026-02-19T19:00:00,2026-02-19T20:00:00,0.0,ALL_PURPOSE,123456789,"{""run_as"": {""email"": ""user18@example.com""}, ""actor_type"": ""user""}"
2026-02-19T20:00:00,2026-02-19T21:00:00,0.077,ALL_PURPOSE,123456789,"{""run_as"": {""email"": ""user18@example.com""}, ""actor_type"": ""user""}"
2026-02-19T21:00:00,2026-02-19T22:00:00,0.0566,ALL_PURPOSE,123456789,"{""run_as"": {""email"": ""user18@example.com""}, ""actor_type"": ""user""}"
2026-02-19T22:00:00,2026-02-19T23:00:00,0.0367,ALL_PURPOSE,123456789,"{""run_as"": {""email"": ""user18@example.com""}, ""actor_type"": ""user""}"
2026-02-19T23:00:00,2026-02-20T00:00:00,0.5274,ALL_PURPOSE,123456789,"{""run_as"": {""email"": ""user18@example.com""}, ""actor_type"": ""user""}"
2026-02-20T00:00:00,2026-02-20T01:00:00,0.1246,ALL_PURPOSE,123456789,"{""run_as"": {""email"": ""user18@example.com""}, ""actor_type"": ""user""}"
2026-02-20T01:00:00,2026-02-20T02:00:00,0.3703,ALL_PURPOSE,123456789,"{""run_as"": {""email"": ""user18@example.com""}, ""actor_type"": ""user""}"
2026-02-20T02:00:00,2026-02-20T03:00:00,0.0,ALL_PURPOSE,123456789,"{""run_as"": {""email"": ""user18@example.com""}, ""actor_type"": ""user""}"
2026-02-20T03:00:00,2026-02-20T04:00:00,0.389,ALL_PURPOSE,123456789,"{""run_as"": {""email"": ""user18@example.com""}, ""actor_type"": ""user""}"
2026-02-20T04:00:00,2026-02-20T05:00:00,0.1766,ALL_PURPOSE,123456789,"{""run_as"": {""email"": ""user18@example.com""}, ""actor_type"": ""user""}"
2026-02-20T05:00:00,2026-02-20T06:00:00,0.3041,ALL_PURPOSE,123456789,"{""run_as"": {""email"": ""user18@example.com""}, ""actor_type"": ""user""}"
2026-02-20T06:00:00,2026-02-20T07:00:00,0.0079,ALL_PURPOSE,123456789,"{""run_as"": {""email"": ""user18@example.com""}, ""actor_type"": ""user""}"
2026-02-20T07:00:00,2026-02-20T08:00:00,0.3416,ALL_PURPOSE,123456789,"{""run_as"": {""email"": ""user18@example.com""}, ""actor_type"": ""user""}"
2026-02-20T08:00:00,2026-02-20T09:00:00,0.3686,ALL_PURPOSE,123456789,"{""run_as"": {""email"": ""user18@example.com""}, ""actor_type"": ""user""}"
2026-02-20T09:00:00,2026-02-20T10:00:00,0.0611,ALL_PURPOSE,123456789,"{""run_as"": {""email"": ""user18@example.com""}, ""actor_type"": ""user""}"
2026-02-20T10:00:00,2026-02-20T11:00:00,0.1029,ALL_PURPOSE,123456789,"{""run_as"": {""email"": ""user18@example.com""}, ""actor_type"": ""user""}"
2026-02-20T11:00:00,2026-02-20T12:00:00,0.1814,ALL_PURPOSE,123456789,"{""run_as"": {""email"": ""user18@example.com""}, ""actor_type"": ""user""}"
2026-02-20T12:00:00,2026-02-20T13:00:00,0.0,ALL_PURPOSE,123456789,"{""run_as"": {""email"": ""user18@example.com""}, ""actor_type"": ""user""}"
2026-02-20T13:00:00,2026-02-20T14:00:00,0.0547,ALL_PURPOSE,123456789,"{""run_as"": {""email"": ""user18@example.com""}, ""actor_type"": ""user""}"
2026-02-20T14:00:00,2026-02-20T15:00:00,0.0619,ALL_PURPOSE,123456789,"{""run_as"": {""email"": ""user18@example.com""}, ""actor_type"": ""user""}"
2026-02-20T15:00:00,2026-02-20T16:00:00,0.0051,ALL_PURPOSE,123456789,"{""run_as"": {""email"": ""user18@example.com""}, ""actor_type"": ""user""}"
2026-02-20T16:00:00,2026-02-20T17:00:00,0.2901,ALL_PURPOSE,123456789,"{""run_as"": {""email"": ""user18@example.com""}, ""actor_type"": ""user""}"
2026-02-13T17:00:00,2026-02-13T18:00:00,0.3703,ALL_PURPOSE,123456789,"{""run_as"": {""email"": ""user19@example.com""}, ""actor_type"": ""user""}"
2026-02-13T18:00:00,2026-02-13T19:00:00,0.3882,ALL_PURPOSE,123456789,"{""run_as"": {""email"": ""user19@example.com""}, ""actor_type"": ""user""}"
2026-02-13T19:00:00,2026-02-13T20:00:00,0.1958,ALL_PURPOSE,123456789,"{""run_as"": {""email"": ""user19@example.com""}, ""actor_type"": ""user""}"
2026-02-13T20:00:00,2026-02-13T21:00:00,0.2353,ALL_PURPOSE,123456789,"{""run_as"": {""email"": ""user19@example.com""}, ""actor_type"": ""user""}"
2026-02-13T21:00:00,2026-02-13T22:00:00,0.0155,ALL_PURPOSE,123456789,"{""run_as"": {""email"": ""user19@example.com""}, ""actor_type"": ""user""}"
2026-02-13T22:00:00,2026-02-13T23:00:00,0.1539,ALL_PURPOSE,123456789,"{""run_as"": {""email"": ""user19@example.com""}, ""actor_type"": ""user""}"
2026-02-13T23:00:00,2026-02-14T00:00:00,0.9137,ALL_PURPOSE,123456789,"{""run_as"": {""email"": ""user19@example.com""}, ""actor_type"": ""user""}"
2026-02-14T00:00:00,2026-02-14T01:00:00,0.2038,ALL_PURPOSE,123456789,"{""run_as"": {""email"": ""user19@example.com""}, ""actor_type"": ""user""}"
2026-02-14T01:00:00,2026-02-14T02:00:00,0.2786,ALL_PURPOSE,123456789,"{""run_as"": {""email"": ""user19@example.com""}, ""actor_type"": ""user""}"
2026-02-14T02:00:00,2026-02-14T03:00:00,0.4184,ALL_PURPOSE,123456789,"{""run_as"": {""email"": ""user19@example.com""}, ""actor_type"": ""user""}"
2026-02-14T03:00:00,2026-02-14T04:00:00,0.2524,ALL_PURPOSE,123456789,"{""run_as"": {""email"": ""user19@example.com""}, ""actor_type"": ""user""}"
2026-02-14T04:00:00,2026-02-14T05:00:00,0.677,ALL_PURPOSE,123456789,"{""run_as"": {""email"": ""user19@example.com""}, ""actor_type"": ""user""}"
2026-02-14T05:00:00,2026-02-14T06:00:00,0.1017,ALL_PURPOSE,123456789,"{""run_as"": {""email"": ""user19@example.com""}, ""actor_type"": ""user""}"
2026-02-14T06:00:00,2026-02-14T07:00:00,0.0,ALL_PURPOSE,123456789,"{""run_as"": {""email"": ""user19@example.com""}, ""actor_type"": ""user""}"
2026-02-14T07:00:00,2026-02-14T08:00:00,0.3084,ALL_PURPOSE,123456789,"{""run_as"": {""email"": ""user19@example.com""}, ""actor_type"": ""user""}"
2026-02-14T08:00:00,2026-02-14T09:00:00,0.3668,ALL_PURPOSE,123456789,"{""run_as"": {""email"": ""user19@example.com""}, ""actor_type"": ""user""}"
2026-02-14T09:00:00,2026-02-14T10:00:00,0.2345,ALL_PURPOSE,123456789,"{""run_as"": {""email"": ""user19@example.com""}, ""actor_type"": ""user""}"
2026-02-14T10:00:00,2026-02-14T11:00:00,0.2074,ALL_PURPOSE,123456789,"{""run_as"": {""email"": ""user19@example.com""}, ""actor_type"": ""user""}"
2026-02-14T11:00:00,2026-02-14T12:00:00,0.1692,ALL_PURPOSE,123456789,"{""run_as"": {""email"": ""user19@example.com""}, ""actor_type"": ""user""}"
2026-02-14T12:00:00,2026-02-14T13:00:00,0.1011,ALL_PURPOSE,123456789,"{""run_as"": {""email"": ""user19@example.com""}, ""actor_type"": ""user""}"
2026-02-14T13:00:00,2026-02-14T14:00:00,0.3871,ALL_PURPOSE,123456789,"{""run_as"": {""email"": ""user19@example.com""}, ""actor_type"": ""user""}"
2026-02-14T14:00:00,2026-02-14T15:00:00,0.1531,ALL_PURPOSE,123456789,"{""run_as"": {""email"": ""user19@example.com""}, ""actor_type"": ""user""}"
2026-02-14T15:00:00,2026-02-14T16:00:00,0.1646,ALL_PURPOSE,123456789,"{""run_as"": {""email"": ""user19@example.com""}, ""actor_type"": ""user""}"
2026-02-14T16:00:00,2026-02-14T17:00:00,0.0,ALL_PURPOSE,123456789,"{""run_as"": {""email"": ""user19@example.com""}, ""actor_type"": ""user""}"
2026-02-14T17:00:00,2026-02-14T18:00:00,0.2545,ALL_PURPOSE,123456789,"{""run_as"": {""email"": ""user19@example.com""}, ""actor_type"": ""user""}"
2026-02-14T18:00:00,2026-02-14T19:00:00,0.0,ALL_PURPOSE,123456789,"{""run_as"": {""email"": ""user19@example.com""}, ""actor_type"": ""user""}"
2026-02-14T19:00:00,2026-02-14T20:00:00,0.2995,ALL_PURPOSE,123456789,"{""run_as"": {""email"": ""user19@example.com""}, ""actor_type"": ""user""}"
2026-02-14T20:00:00,2026-02-14T21:00:00,0.1592,ALL_PURPOSE,123456789,"{""run_as"": {""email"": ""user19@example.com""}, ""actor_type"": ""user""}"
2026-02-14T21:00:00,2026-02-14T22:00:00,0.3948,ALL_PURPOSE,123456789,"{""run_as"": {""email"": ""user19@example.com""}, ""actor_type"": ""user""}"
2026-02-14T22:00:00,2026-02-14T23:00:00,0.5881,ALL_PURPOSE,123456789,"{""run_as"": {""email"": ""user19@example.com""}, ""actor_type"": ""user""}"
2026-02-14T23:00:00,2026-02-15T00:00:00,0.2618,ALL_PURPOSE,123456789,"{""run_as"": {""email"": ""user19@example.com""}, ""actor_type"": ""user""}"
2026-02-15T00:00:00,2026-02-15T01:00:00,0.1499,ALL_PURPOSE,123456789,"{""run_as"": {""email"": ""user19@example.com""}, ""actor_type"": ""user""}"
2026-02-15T01:00:00,2026-02-15T02:00:00,0.0728,ALL_PURPOSE,123456789,"{""run_as"": {""email"": ""user19@example.com""}, ""actor_type"": ""user""}"
2026-02-15T02:00:00,2026-02-15T03:00:00,0.467,ALL_PURPOSE,123456789,"{""run_as"": {""email"": ""user19@example.com""}, ""actor_type"": ""user""}"
2026-02-15T03:00:00,2026-02-15T04:00:00,1.0353,ALL_PURPOSE,123456789,"{""run_as"": {""email"": ""user19@example.com""}, ""actor_type"": ""user""}"
2026-02-15T04:00:00,2026-02-15T05:00:00,0.2507,ALL_PURPOSE,123456789,"{""run_as"": {""email"": ""user19@example.com""}, ""actor_type"": ""user""}"
2026-02-15T05:00:00,2026-02-15T06:00:00,0.4309,ALL_PURPOSE,123456789,"{""run_as"": {""email"": ""user19@example.com""}, ""actor_type"": ""user""}"
2026-02-15T06:00:00,2026-02-15T07:00:00,0.1369,ALL_PURPOSE,123456789,"{""run_as"": {""email"": ""user19@example.com""}, ""actor_type"": ""user""}"
2026-02-15T07:00:00,2026-02-15T08:00:00,0.1912,ALL_PURPOSE,123456789,"{""run_as"": {""email"": ""user19@example.com""}, ""actor_type"": ""user""}"
2026-02-15T08:00:00,2026-02-15T09:00:00,0.0,ALL_PURPOSE,123456789,"{""run_as"": {""email"": ""user19@example.com""}, ""actor_type"": ""user""}"
2026-02-15T09:00:00,2026-02-15T10:00:00,0.0,ALL_PURPOSE,123456789,"{""run_as"": {""email"": ""user19@example.com""}, ""actor_type"": ""user""}"
2026-02-15T10:00:00,2026-02-15T11:00:00,0.233,ALL_PURPOSE,123456789,"{""run_as"": {""email"": ""user19@example.com""}, ""actor_type"": ""user""}"
2026-02-15T11:00:00,2026-02-15T12:00:00,0.0387,ALL_PURPOSE,123456789,"{""run_as"": {""email"": ""user19@example.com""}, ""actor_type"": ""user""}"
2026-02-15T12:00:00,2026-02-15T13:00:00,0.0029,ALL_PURPOSE,123456789,"{""run_as"": {""email"": ""user19@example.com""}, ""actor_type"": ""user""}"
2026-02-15T13:00:00,2026-02-15T14:00:00,0.3948,ALL_PURPOSE,123456789,"{""run_as"": {""email"": ""user19@example.com""}, ""actor_type"": ""user""}"
2026-02-15T14:00:00,2026-02-15T15:00:00,0.3729,ALL_PURPOSE,123456789,"{""run_as"": {""email"": ""user19@example.com""}, ""actor_type"": ""user""}"
2026-02-15T15:00:00,2026-02-15T16:00:00,0.1348,ALL_PURPOSE,123456789,"{""run_as"": {""email"": ""user19@example.com""}, ""actor_type"": ""user""}"
2026-02-15T16:00:00,2026-02-15T17:00:00,0.1483,ALL_PURPOSE,123456789,"{""run_as"": {""email"": ""user19@example.com""}, ""actor_type"": ""user""}"
2026-02-15T17:00:00,2026-02-15T18:00:00,0.3998,ALL_PURPOSE,123456789,"{""run_as"": {""email"": ""user19@example.com""}, ""actor_type"": ""user""}"
2026-02-15T18:00:00,2026-02-15T19:00:00,0.3764,ALL_PURPOSE,123456789,"{""run_as"": {""email"": ""user19@example.com""}, ""actor_type"": ""user""}"
2026-02-15T19:00:00,2026-02-15T20:00:00,0.0,ALL_PURPOSE,123456789,"{""run_as"": {""email"": ""user19@example.com""}, ""actor_type"": ""user""}"
2026-02-15T20:00:00,2026-02-15T21:00:00,0.1424,ALL_PURPOSE,123456789,"{""run_as"": {""email"": ""user19@example.com""}, ""actor_type"": ""user""}"
2026-02-15T21:00:00,2026-02-15T22:00:00,0.0401,ALL_PURPOSE,123456789,"{""run_as"": {""email"": ""user19@example.com""}, ""actor_type"": ""user""}"
2026-02-15T22:00:00,2026-02-15T23:00:00,0.2793,ALL_PURPOSE,123456789,"{""run_as"": {""email"": ""user19@example.com""}, ""actor_type"": ""user""}"
2026-02-15T23:00:00,2026-02-16T00:00:00,0.0555,ALL_PURPOSE,123456789,"{""run_as"": {""email"": ""user19@example.com""}, ""actor_type"": ""user""}"
2026-02-16T00:00:00,2026-02-16T01:00:00,0.1118,ALL_PURPOSE,123456789,"{""run_as"": {""email"": ""user19@example.com""}, ""actor_type"": ""user""}"
2026-02-16T01:00:00,2026-02-16T02:00:00,0.1474,ALL_PURPOSE,123456789,"{""run_as"": {""email"": ""user19@example.com""}, ""actor_type"": ""user""}"
2026-02-16T02:00:00,2026-02-16T03:00:00,0.1901,ALL_PURPOSE,123456789,"{""run_as"": {""email"": ""user19@example.com""}, ""actor_type"": ""user""}"
2026-02-16T03:00:00,2026-02-16T04:00:00,0.3945,ALL_PURPOSE,123456789,"{""run_as"": {""email"": ""user19@example.com""}, ""actor_type"": ""user""}"
2026-02-16T04:00:00,2026-02-16T05:00:00,0.0,ALL_PURPOSE,123456789,"{""run_as"": {""email"": ""user19@example.com""}, ""actor_type"": ""user""}"
2026-02-16T05:00:00,2026-02-16T06:00:00,0.734,ALL_PURPOSE,123456789,"{""run_as"": {""email"": ""user19@example.com""}, ""actor_type"": ""user""}"
2026-02-16T06:00:00,2026-02-16T07:00:00,0.1601,ALL_PURPOSE,123456789,"{""run_as"": {""email"": ""user19@example.com""}, ""actor_type"": ""user""}"
2026-02-16T07:00:00,2026-02-16T08:00:00,0.0325,ALL_PURPOSE,123456789,"{""run_as"": {""email"": ""user19@example.com""}, ""actor_type"": ""user""}"
2026-02-16T08:00:00,2026-02-16T09:00:00,0.3726,ALL_PURPOSE,123456789,"{""run_as"": {""email"": ""user19@example.com""}, ""actor_type"": ""user""}"
2026-02-16T09:00:00,2026-02-16T10:00:00,0.3947,ALL_PURPOSE,123456789,"{""run_as"": {""email"": ""user19@example.com""}, ""actor_type"": ""user""}"
2026-02-16T10:00:00,2026-02-16T11:00:00,0.3621,ALL_PURPOSE,123456789,"{""run_as"": {""email"": ""user19@example.com""}, ""actor_type"": ""user""}"
2026-02-16T11:00:00,2026-02-16T12:00:00,0.1175,ALL_PURPOSE,123456789,"{""run_as"": {""email"": ""user19@example.com""}, ""actor_type"": ""user""}"
2026-02-16T12:00:00,2026-02-16T13:00:00,0.0573,ALL_PURPOSE,123456789,"{""run_as"": {""email"": ""user19@example.com""}, ""actor_type"": ""user""}"
2026-02-16T13:00:00,2026-02-16T14:00:00,0.2288,ALL_PURPOSE,123456789,"{""run_as"": {""email"": ""user19@example.com""}, ""actor_type"": ""user""}"
2026-02-16T14:00:00,2026-02-16T15:00:00,0.0,ALL_PURPOSE,123456789,"{""run_as"": {""email"": ""user19@example.com""}, ""actor_type"": ""user""}"
2026-02-16T15:00:00,2026-02-16T16:00:00,0.3187,ALL_PURPOSE,123456789,"{""run_as"": {""email"": ""user19@example.com""}, ""actor_type"": ""user""}"
2026-02-16T16:00:00,2026-02-16T17:00:00,0.2692,ALL_PURPOSE,123456789,"{""run_as"": {""email"": ""user19@example.com""}, ""actor_type"": ""user""}"
2026-02-16T17:00:00,2026-02-16T18:00:00,0.3499,ALL_PURPOSE,123456789,"{""run_as"": {""email"": ""user19@example.com""}, ""actor_type"": ""user""}"
2026-02-16T18:00:00,2026-02-16T19:00:00,0.0,ALL_PURPOSE,123456789,"{""run_as"": {""email"": ""user19@example.com""}, ""actor_type"": ""user""}"
2026-02-16T19:00:00,2026-02-16T20:00:00,0.2651,ALL_PURPOSE,123456789,"{""run_as"": {""email"": ""user19@example.com""}, ""actor_type"": ""user""}"
2026-02-16T20:00:00,2026-02-16T21:00:00,0.0847,ALL_PURPOSE,123456789,"{""run_as"": {""email"": ""user19@example.com""}, ""actor_type"": ""user""}"
2026-02-16T21:00:00,2026-02-16T22:00:00,0.0,ALL_PURPOSE,123456789,"{""run_as"": {""email"": ""user19@example.com""}, ""actor_type"": ""user""}"
2026-02-16T22:00:00,2026-02-16T23:00:00,0.174,ALL_PURPOSE,123456789,"{""run_as"": {""email"": ""user19@example.com""}, ""actor_type"": ""user""}"
2026-02-16T23:00:00,2026-02-17T00:00:00,0.3716,ALL_PURPOSE,123456789,"{""run_as"": {""email"": ""user19@example.com""}, ""actor_type"": ""user""}"
2026-02-17T00:00:00,2026-02-17T01:00:00,0.5216,ALL_PURPOSE,123456789,"{""run_as"": {""email"": ""user19@example.com""}, ""actor_type"": ""user""}"
2026-02-17T01:00:00,2026-02-17T02:00:00,0.5234,ALL_PURPOSE,123456789,"{""run_as"": {""email"": ""user19@example.com""}, ""actor_type"": ""user""}"
2026-02-17T02:00:00,2026-02-17T03:00:00,0.0362,ALL_PURPOSE,123456789,"{""run_as"": {""email"": ""user19@example.com""}, ""actor_type"": ""user""}"
2026-02-17T03:00:00,2026-02-17T04:00:00,0.3727,ALL_PURPOSE,123456789,"{""run_as"": {""email"": ""user19@example.com""}, ""actor_type"": ""user""}"
2026-02-17T04:00:00,2026-02-17T05:00:00,0.2576,ALL_PURPOSE,123456789,"{""run_as"": {""email"": ""user19@example.com""}, ""actor_type"": ""user""}"
2026-02-17T05:00:00,2026-02-17T06:00:00,0.2944,ALL_PURPOSE,123456789,"{""run_as"": {""email"": ""user19@example.com""}, ""actor_type"": ""user""}"
2026-02-17T06:00:00,2026-02-17T07:00:00,0.2248,ALL_PURPOSE,123456789,"{""run_as"": {""email"": ""user19@example.com""}, ""actor_type"": ""user""}"
2026-02-17T07:00:00,2026-02-17T08:00:00,0.3234,ALL_PURPOSE,123456789,"{""run_as"": {""email"": ""user19@example.com""}, ""actor_type"": ""user""}"
2026-02-17T08:00:00,2026-02-17T09:00:00,0.0,ALL_PURPOSE,123456789,"{""run_as"": {""email"": ""user19@example.com""}, ""actor_type"": ""user""}"
2026-02-17T09:00:00,2026-02-17T10:00:00,0.0357,ALL_PURPOSE,123456789,"{""run_as"": {""email"": ""user19@example.com""}, ""actor_type"": ""user""}"
2026-02-17T10:00:00,2026-02-17T11:00:00,0.3749,ALL_PURPOSE,123456789,"{""run_as"": {""email"": ""user19@example.com""}, ""actor_type"": ""user""}"
2026-02-17T11:00:00,2026-02-17T12:00:00,0.0464,ALL_PURPOSE,123456789,"{""run_as"": {""email"": ""user19@example.com""}, ""actor_type"": ""user""}"
2026-02-17T12:00:00,2026-02-17T13:00:00,0.3413,ALL_PURPOSE,123456789,"{""run_as"": {""email"": ""user19@example.com""}, ""actor_type"": ""user""}"
2026-02-17T13:00:00,2026-02-17T14:00:00,0.0,ALL_PURPOSE,123456789,"{""run_as"": {""email"": ""user19@example.com""}, ""actor_type"": ""user""}"
2026-02-17T14:00:00,2026-02-17T15:00:00,0.0248,ALL_PURPOSE,123456789,"{""run_as"": {""email"": ""user19@example.com""}, ""actor_type"": ""user""}"
2026-02-17T15:00:00,2026-02-17T16:00:00,0.3388,ALL_PURPOSE,123456789,"{""run_as"": {""email"": ""user19@example.com""}, ""actor_type"": ""user""}"
2026-02-17T16:00:00,2026-02-17T17:00:00,0.1279,ALL_PURPOSE,123456789,"{""run_as"": {""email"": ""user19@example.com""}, ""actor_type"": ""user""}"
2026-02-17T17:00:00,2026-02-17T18:00:00,0.2717,ALL_PURPOSE,123456789,"{""run_as"": {""email"": ""user19@example.com""}, ""actor_type"": ""user""}"
2026-02-17T18:00:00,2026-02-17T19:00:00,0.2079,ALL_PURPOSE,123456789,"{""run_as"": {""email"": ""user19@example.com""}, ""actor_type"": ""user""}"
2026-02-17T19:00:00,2026-02-17T20:00:00,0.0889,ALL_PURPOSE,123456789,"{""run_as"": {""email"": ""user19@example.com""}, ""actor_type"": ""user""}"
2026-02-17T20:00:00,2026-02-17T21:00:00,0.2153,ALL_PURPOSE,123456789,"{""run_as"": {""email"": ""user19@example.com""}, ""actor_type"": ""user""}"
2026-02-17T21:00:00,2026-02-17T22:00:00,0.0579,ALL_PURPOSE,123456789,"{""run_as"": {""email"": ""user19@example.com""}, ""actor_type"": ""user""}"
2026-02-17T22:00:00,2026-02-17T23:00:00,0.3349,ALL_PURPOSE,123456789,"{""run_as"": {""email"": ""user19@example.com""}, ""actor_type"": ""user""}"
2026-02-17T23:00:00,2026-02-18T00:00:00,0.8063,ALL_PURPOSE,123456789,"{""run_as"": {""email"": ""user19@example.com""}, ""actor_type"": ""user""}"
2026-02-18T00:00:00,2026-02-18T01:00:00,0.2812,ALL_PURPOSE,123456789,"{""run_as"": {""email"": ""user19@example.com""}, ""actor_type"": ""user""}"
2026-02-18T01:00:00,2026-02-18T02:00:00,1.1939,ALL_PURPOSE,123456789,"{""run_as"": {""email"": ""user19@example.com""}, ""actor_type"": ""user""}"
2026-02-18T02:00:00,2026-02-18T03:00:00,0.1913,ALL_PURPOSE,123456789,"{""run_as"": {""email"": ""user19@example.com""}, ""actor_type"": ""user""}"
2026-02-18T03:00:00,2026-02-18T04:00:00,0.2817,ALL_PURPOSE,123456789,"{""run_as"": {""email"": ""user19@example.com""}, ""actor_type"": ""user""}"
2026-02-18T04:00:00,2026-02-18T05:00:00,0.1333,ALL_PURPOSE,123456789,"{""run_as"": {""email"": ""user19@example.com""}, ""actor_type"": ""user""}"
2026-02-18T05:00:00,2026-02-18T06:00:00,0.2931,ALL_PURPOSE,123456789,"{""run_as"": {""email"": ""user19@example.com""}, ""actor_type"": ""user""}"
2026-02-18T06:00:00,2026-02-18T07:00:00,0.021,ALL_PURPOSE,123456789,"{""run_as"": {""email"": ""user19@example.com""}, ""actor_type"": ""user""}"
2026-02-18T07:00:00,2026-02-18T08:00:00,0.0716,ALL_PURPOSE,123456789,"{""run_as"": {""email"": ""user19@example.com""}, ""actor_type"": ""user""}"
2026-02-18T08:00:00,2026-02-18T09:00:00,0.1567,ALL_PURPOSE,123456789,"{""run_as"": {""email"": ""user19@example.com""}, ""actor_type"": ""user""}"
2026-02-18T09:00:00,2026-02-18T10:00:00,0.2637,ALL_PURPOSE,123456789,"{""run_as"": {""email"": ""user19@example.com""}, ""actor_type"": ""user""}"
2026-02-18T10:00:00,2026-02-18T11:00:00,0.3964,ALL_PURPOSE,123456789,"{""run_as"": {""email"": ""user19@example.com""}, ""actor_type"": ""user""}"
2026-02-18T11:00:00,2026-02-18T12:00:00,0.135,ALL_PURPOSE,123456789,"{""run_as"": {""email"": ""user19@example.com""}, ""actor_type"": ""user""}"
2026-02-18T12:00:00,2026-02-18T13:00:00,0.3961,ALL_PURPOSE,123456789,"{""run_as"": {""email"": ""user19@example.com""}, ""actor_type"": ""user""}"
2026-02-18T13:00:00,2026-02-18T14:00:00,0.1564,ALL_PURPOSE,123456789,"{""run_as"": {""email"": ""user19@example.com""}, ""actor_type"": ""user""}"
2026-02-18T14:00:00,2026-02-18T15:00:00,0.1132,ALL_PURPOSE,123456789,"{""run_as"": {""email"": ""user19@example.com""}, ""actor_type"": ""user""}"
2026-02-18T15:00:00,2026-02-18T16:00:00,0.078,ALL_PURPOSE,123456789,"{""run_as"": {""email"": ""user19@example.com""}, ""actor_type"": ""user""}"
2026-02-18T16:00:00,2026-02-18T17:00:00,0.0,ALL_PURPOSE,123456789,"{""run_as"": {""email"": ""user19@example.com""}, ""actor_type"": ""user""}"
2026-02-18T17:00:00,2026-02-18T18:00:00,0.3009,ALL_PURPOSE,123456789,"{""run_as"": {""email"": ""user19@example.com""}, ""actor_type"": ""user""}"
2026-02-18T18:00:00,2026-02-18T19:00:00,0.322,ALL_PURPOSE,123456789,"{""run_as"": {""email"": ""user19@example.com""}, ""actor_type"": ""user""}"
2026-02-18T19:00:00,2026-02-18T20:00:00,0.2838,ALL_PURPOSE,123456789,"{""run_as"": {""email"": ""user19@example.com""}, ""actor_type"": ""user""}"
2026-02-18T20:00:00,2026-02-18T21:00:00,0.0,ALL_PURPOSE,123456789,"{""run_as"": {""email"": ""user19@example.com""}, ""actor_type"": ""user""}"
2026-02-18T21:00:00,2026-02-18T22:00:00,0.2784,ALL_PURPOSE,123456789,"{""run_as"": {""email"": ""user19@example.com""}, ""actor_type"": ""user""}"
2026-02-18T22:00:00,2026-02-18T23:00:00,0.6818,ALL_PURPOSE,123456789,"{""run_as"": {""email"": ""user19@example.com""}, ""actor_type"": ""user""}"
2026-02-18T23:00:00,2026-02-19T00:00:00,0.0037,ALL_PURPOSE,123456789,"{""run_as"": {""email"": ""user19@example.com""}, ""actor_type"": ""user""}"
2026-02-19T00:00:00,2026-02-19T01:00:00,0.0,ALL_PURPOSE,123456789,"{""run_as"": {""email"": ""user19@example.com""}, ""actor_type"": ""user""}"
2026-02-19T01:00:00,2026-02-19T02:00:00,0.3802,ALL_PURPOSE,123456789,"{""run_as"": {""email"": ""user19@example.com""}, ""actor_type"": ""user""}"
2026-02-19T02:00:00,2026-02-19T03:00:00,1.1523,ALL_PURPOSE,123456789,"{""run_as"": {""email"": ""user19@example.com""}, ""actor_type"": ""user""}"
2026-02-19T03:00:00,2026-02-19T04:00:00,0.021,ALL_PURPOSE,123456789,"{""run_as"": {""email"": ""user19@example.com""}, ""actor_type"": ""user""}"
2026-02-19T04:00:00,2026-02-19T05:00:00,0.2374,ALL_PURPOSE,123456789,"{""run_as"": {""email"": ""user19@example.com""}, ""actor_type"": ""user""}"
2026-02-19T05:00:00,2026-02-19T06:00:00,0.4302,ALL_PURPOSE,123456789,"{""run_as"": {""email"": ""user19@example.com""}, ""actor_type"": ""user""}"
2026-02-19T06:00:00,2026-02-19T07:00:00,0.2752,ALL_PURPOSE,123456789,"{""run_as"": {""email"": ""user19@example.com""}, ""actor_type"": ""user""}"
2026-02-19T07:00:00,2026-02-19T08:00:00,0.2611,ALL_PURPOSE,123456789,"{""run_as"": {""email"": ""user19@example.com""}, ""actor_type"": ""user""}"
2026-02-19T08:00:00,2026-02-19T09:00:00,0.2767,ALL_PURPOSE,123456789,"{""run_as"": {""email"": ""user19@example.com""}, ""actor_type"": ""user""}"
2026-02-19T09:00:00,2026-02-19T10:00:00,0.2634,ALL_PURPOSE,123456789,"{""run_as"": {""email"": ""user19@example.com""}, ""actor_type"": ""user""}"
2026-02-19T10:00:00,2026-02-19T11:00:00,0.346,ALL_PURPOSE,123456789,"{""run_as"": {""email"": ""user19@example.com""}, ""actor_type"": ""user""}"
2026-02-19T11:00:00,2026-02-19T12:00:00,0.1101,ALL_PURPOSE,123456789,"{""run_as"": {""email"": ""user19@example.com""}, ""actor_type"": ""user""}"
2026-02-19T12:00:00,2026-02-19T13:00:00,0.0,ALL_PURPOSE,123456789,"{""run_as"": {""email"": ""user19@example.com""}, ""actor_type"": ""user""}"
2026-02-19T13:00:00,2026-02-19T14:00:00,0.0331,ALL_PURPOSE,123456789,"{""run_as"": {""email"": ""user19@example.com""}, ""actor_type"": ""user""}"
2026-02-19T14:00:00,2026-02-19T15:00:00,0.2675,ALL_PURPOSE,123456789,"{""run_as"": {""email"": ""user19@example.com""}, ""actor_type"": ""user""}"
2026-02-19T15:00:00,2026-02-19T16:00:00,0.0092,ALL_PURPOSE,123456789,"{""run_as"": {""email"": ""user19@example.com""}, ""actor_type"": ""user""}"
2026-02-19T16:00:00,2026-02-19T17:00:00,0.2291,ALL_PURPOSE,123456789,"{""run_as"": {""email"": ""user19@example.com""}, ""actor_type"": ""user""}"
2026-02-19T17:00:00,2026-02-19T18:00:00,0.2981,ALL_PURPOSE,123456789,"{""run_as"": {""email"": ""user19@example.com""}, ""actor_type"": ""user""}"
2026-02-19T18:00:00,2026-02-19T19:00:00,0.0724,ALL_PURPOSE,123456789,"{""run_as"": {""email"": ""user19@example.com""}, ""actor_type"": ""user""}"
2026-02-19T19:00:00,2026-02-19T20:00:00,0.2578,ALL_PURPOSE,123456789,"{""run_as"": {""email"": ""user19@example.com""}, ""actor_type"": ""user""}"
2026-02-19T20:00:00,2026-02-19T21:00:00,0.0,ALL_PURPOSE,123456789,"{""run_as"": {""email"": ""user19@example.com""}, ""actor_type"": ""user""}"
2026-02-19T21:00:00,2026-02-19T22:00:00,0.0254,ALL_PURPOSE,123456789,"{""run_as"": {""email"": ""user19@example.com""}, ""actor_type"": ""user""}"
2026-02-19T22:00:00,2026-02-19T23:00:00,0.0,ALL_PURPOSE,123456789,"{""run_as"": {""email"": ""user19@example.com""}, ""actor_type"": ""user""}"
2026-02-19T23:00:00,2026-02-20T00:00:00,0.2224,ALL_PURPOSE,123456789,"{""run_as"": {""email"": ""user19@example.com""}, ""actor_type"": ""user""}"
2026-02-20T00:00:00,2026-02-20T01:00:00,0.1954,ALL_PURPOSE,123456789,"{""run_as"": {""email"": ""user19@example.com""}, ""actor_type"": ""user""}"
2026-02-20T01:00:00,2026-02-20T02:00:00,0.0,ALL_PURPOSE,123456789,"{""run_as"": {""email"": ""user19@example.com""}, ""actor_type"": ""user""}"
2026-02-20T02:00:00,2026-02-20T03:00:00,0.3012,ALL_PURPOSE,123456789,"{""run_as"": {""email"": ""user19@example.com""}, ""actor_type"": ""user""}"
2026-02-20T03:00:00,2026-02-20T04:00:00,0.0723,ALL_PURPOSE,123456789,"{""run_as"": {""email"": ""user19@example.com""}, ""actor_type"": ""user""}"
2026-02-20T04:00:00,2026-02-20T05:00:00,0.0,ALL_PURPOSE,123456789,"{""run_as"": {""email"": ""user19@example.com""}, ""actor_type"": ""user""}"
2026-02-20T05:00:00,2026-02-20T06:00:00,0.2644,ALL_PURPOSE,123456789,"{""run_as"": {""email"": ""user19@example.com""}, ""actor_type"": ""user""}"
2026-02-20T06:00:00,2026-02-20T07:00:00,0.0,ALL_PURPOSE,123456789,"{""run_as"": {""email"": ""user19@example.com""}, ""actor_type"": ""user""}"
2026-02-20T07:00:00,2026-02-20T08:00:00,0.392,ALL_PURPOSE,123456789,"{""run_as"": {""email"": ""user19@example.com""}, ""actor_type"": ""user""}"
2026-02-20T08:00:00,2026-02-20T09:00:00,0.1454,ALL_PURPOSE,123456789,"{""run_as"": {""email"": ""user19@example.com""}, ""actor_type"": ""user""}"
2026-02-20T09:00:00,2026-02-20T10:00:00,0.1692,ALL_PURPOSE,123456789,"{""run_as"": {""email"": ""user19@example.com""}, ""actor_type"": ""user""}"
2026-02-20T10:00:00,2026-02-20T11:00:00,0.0,ALL_PURPOSE,123456789,"{""run_as"": {""email"": ""user19@example.com""}, ""actor_type"": ""user""}"
2026-02-20T11:00:00,2026-02-20T12:00:00,0.3785,ALL_PURPOSE,123456789,"{""run_as"": {""email"": ""user19@example.com""}, ""actor_type"": ""user""}"
2026-02-20T12:00:00,2026-02-20T13:00:00,0.3131,ALL_PURPOSE,123456789,"{""run_as"": {""email"": ""user19@example.com""}, ""actor_type"": ""user""}"
2026-02-20T13:00:00,2026-02-20T14:00:00,0.178,ALL_PURPOSE,123456789,"{""run_as"": {""email"": ""user19@example.com""}, ""actor_type"": ""user""}"
2026-02-20T14:00:00,2026-02-20T15:00:00,0.278,ALL_PURPOSE,123456789,"{""run_as"": {""email"": ""user19@example.com""}, ""actor_type"": ""user""}"
2026-02-20T15:00:00,2026-02-20T16:00:00,0.3944,ALL_PURPOSE,123456789,"{""run_as"": {""email"": ""user19@example.com""}, ""actor_type"": ""user""}"
2026-02-20T16:00:00,2026-02-20T17:00:00,0.2153,ALL_PURPOSE,123456789,"{""run_as"": {""email"": ""user19@example.com""}, ""actor_type"": ""user""}"
