usage_start_time,usage_end_time,usage_quantity,sku,workspace_id,identity_metadata
2026-02-02T21:00:00,2026-02-02T22:00:00,0.2914,ALL_PURPOSE,123456789,"{""run_as"": {""email"": ""user00@example.com""}, ""actor_type"": ""user""}"
2026-02-02T22:00:00,2026-02-02T23:00:00,0.2425,ALL_PURPOSE,123456789,"{""run_as"": {""email"": ""user00@example.com""}, ""actor_type"": ""user""}"
2026-02-02T23:00:00,2026-02-03T00:00:00,0.0,ALL_PURPOSE,123456789,"{""run_as"": {""email"": ""user00@example.com""}, ""actor_type"": ""user""}"
2026-02-03T00:00:00,2026-02-03T01:00:00,0.3702,ALL_PURPOSE,123456789,"{""run_as"": {""email"": ""user00@example.com""}, ""actor_type"": ""user""}"
2026-02-03T01:00:00,2026-02-03T02:00:00,0.2968,ALL_PURPOSE,123456789,"{""run_as"": {""email"": ""user00@example.com""}, ""actor_type"": ""user""}"
2026-02-03T02:00:00,2026-02-03T03:00:00,0.028,ALL_PURPOSE,123456789,"{""run_as"": {""email"": ""user00@example.com""}, ""actor_type"": ""user""}"
2026-02-03T03:00:00,2026-02-03T04:00:00,0.1256,ALL_PURPOSE,123456789,"{""run_as"": {""email"": ""user00@example.com""}, ""actor_type"": ""user""}"
2026-02-03T04:00:00,2026-02-03T05:00:00,0.506,ALL_PURPOSE,123456789,"{""run_as"": {""email"": ""user00@example.com""}, ""actor_type"": ""user""}"
2026-02-03T05:00:00,2026-02-03T06:00:00,0.5126,ALL_PURPOSE,123456789,"{""run_as"": {""email"": ""user00@example.com""}, ""actor_type"": ""user""}"
2026-02-03T06:00:00,2026-02-03T07:00:00,0.2709,ALL_PURPOSE,123456789,"{""run_as"": {""email"": ""user00@example.com""}, ""actor_type"": ""user""}"
2026-02-03T07:00:00,2026-02-03T08:00:00,0.2462,ALL_PURPOSE,123456789,"{""run_as"": {""email"": ""user00@example.com""}, ""actor_type"": ""user""}"
2026-02-03T08:00:00,2026-02-03T09:00:00,0.0,ALL_PURPOSE,123456789,"{""run_as"": {""email"": ""user00@example.com""}, ""actor_type"": ""user""}"
2026-02-03T09:00:00,2026-02-03T10:00:00,0.1148,ALL_PURPOSE,123456789,"{""run_as"": {""email"": ""user00@example.com""}, ""actor_type"": ""user""}"
2026-02-03T10:00:00,2026-02-03T11:00:00,0.232,ALL_PURPOSE,123456789,"{""run_as"": {""email"": ""user00@example.com""}, ""actor_type"": ""user""}"
2026-02-03T11:00:00,2026-02-03T12:00:00,0.186,ALL_PURPOSE,123456789,"{""run_as"": {""email"": ""user00@example.com""}, ""actor_type"": ""user""}"
2026-02-03T12:00:00,2026-02-03T13:00:00,0.0855,ALL_PURPOSE,123456789,"{""run_as"": {""email"": ""user00@example.com""}, ""actor_type"": ""user""}"
2026-02-03T13:00:00,2026-02-03T14:00:00,0.3605,ALL_PURPOSE,123456789,"{""run_as"": {""email"": ""user00@example.com""}, ""actor_type"": ""user""}"
2026-02-03T14:00:00,2026-02-03T15:00:00,0.0,ALL_PURPOSE,123456789,"{""run_as"": {""email"": ""user00@example.com""}, ""actor_type"": ""user""}"
2026-02-03T15:00:00,2026-02-03T16:00:00,0.2062,ALL_PURPOSE,123456789,"{""run_as"": {""email"": ""user00@example.com""}, ""actor_type"": ""user""}"
2026-02-03T16:00:00,2026-02-03T17:00:00,0.1341,ALL_PURPOSE,123456789,"{""run_as"": {""email"": ""user00@example.com""}, ""actor_type"": ""user""}"
2026-02-03T17:00:00,2026-02-03T18:00:00,0.3005,ALL_PURPOSE,123456789,"{""run_as"": {""email"": ""user00@example.com""}, ""actor_type"": ""user""}"
2026-02-03T18:00:00,2026-02-03T19:00:00,0.0899,ALL_PURPOSE,123456789,"{""run_as"": {""email"": ""user00@example.com""}, ""actor_type"": ""user""}"
2026-02-03T19:00:00,2026-02-03T20:00:00,0.0098,ALL_PURPOSE,123456789,"{""run_as"": {""email"": ""user00@example.com""}, ""actor_type"": ""user""}"
2026-02-03T20:00:00,2026-02-03T21:00:00,0.1901,ALL_PURPOSE,123456789,"{""run_as"": {""email"": ""user00@example.com""}, ""actor_type"": ""user""}"
2026-02-03T21:00:00,2026-02-03T22:00:00,0.0291,ALL_PURPOSE,123456789,"{""run_as"": {""email"": ""user00@example.com""}, ""actor_type"": ""user""}"
2026-02-03T22:00:00,2026-02-03T23:00:00,0.8394,ALL_PURPOSE,123456789,"{""run_as"": {""email"": ""user00@example.com""}, ""actor_type"": ""user""}"
2026-02-03T23:00:00,2026-02-04T00:00:00,0.0,ALL_PURPOSE,123456789,"{""run_as"": {""email"": ""user00@example.com""}, ""actor_type"": ""user""}"
2026-02-04T00:00:00,2026-02-04T01:00:00,0.0,ALL_PURPOSE,123456789,"{""run_as"": {""email"": ""user00@example.com""}, ""actor_type"": ""user""}"
2026-02-04T01:00:00,2026-02-04T02:00:00,0.9406,ALL_PURPOSE,123456789,"{""run_as"": {""email"": ""user00@example.com""}, ""actor_type"": ""user""}"
2026-02-04T02:00:00,2026-02-04T03:00:00,0.7139,ALL_PURPOSE,123456789,"{""run_as"": {""email"": ""user00@example.com""}, ""actor_type"": ""user""}"
2026-02-04T03:00:00,2026-02-04T04:00:00,0.3206,ALL_PURPOSE,123456789,"{""run_as"": {""email"": ""user00@example.com""}, ""actor_type"": ""user""}"
2026-02-04T04:00:00,2026-02-04T05:00:00,0.2382,ALL_PURPOSE,123456789,"{""run_as"": {""email"": ""user00@example.com""}, ""actor_type"": ""user""}"
2026-02-04T05:00:00,2026-02-04T06:00:00,0.2451,ALL_PURPOSE,123456789,"{""run_as"": {""email"": ""user00@example.com""}, ""actor_type"": ""user""}"
2026-02-04T06:00:00,2026-02-04T07:00:00,0.3322,ALL_PURPOSE,123456789,"{""run_as"": {""email"": ""user00@example.com""}, ""actor_type"": ""user""}"
2026-02-04T07:00:00,2026-02-04T08:00:00,0.3589,ALL_PURPOSE,123456789,"{""run_as"": {""email"": ""user00@example.com""}, ""actor_type"": ""user""}"
2026-02-04T08:00:00,2026-02-04T09:00:00,0.1899,ALL_PURPOSE,123456789,"{""run_as"": {""email"": ""user00@example.com""}, ""actor_type"": ""user""}"
2026-02-04T09:00:00,2026-02-04T10:00:00,0.0989,ALL_PURPOSE,123456789,"{""run_as"": {""email"": ""user00@example.com""}, ""actor_type"": ""user""}"
2026-02-04T10:00:00,2026-02-04T11:00:00,0.3063,ALL_PURPOSE,123456789,"{""run_as"": {""email"": ""user00@example.com""}, ""actor_type"": ""user""}"
2026-02-04T11:00:00,2026-02-04T12:00:00,0.2507,ALL_PURPOSE,123456789,"{""run_as"": {""email"": ""user00@example.com""}, ""actor_type"": ""user""}"
2026-02-04T12:00:00,2026-02-04T13:00:00,0.031,ALL_PURPOSE,123456789,"{""run_as"": {""email"": ""user00@example.com""}, ""actor_type"": ""user""}"
2026-02-04T13:00:00,2026-02-04T14:00:00,0.1087,ALL_PURPOSE,123456789,"{""run_as"": {""email"": ""user00@example.com""}, ""actor_type"": ""user""}"
2026-02-04T14:00:00,2026-02-04T15:00:00,0.0,ALL_PURPOSE,123456789,"{""run_as"": {""email"": ""user00@example.com""}, ""actor_type"": ""user""}"
2026-02-04T15:00:00,2026-02-04T16:00:00,0.0925,ALL_PURPOSE,123456789,"{""run_as"": {""email"": ""user00@example.com""}, ""actor_type"": ""user""}"
2026-02-04T16:00:00,2026-02-04T17:00:00,0.0,ALL_PURPOSE,123456789,"{""run_as"": {""email"": ""user00@example.com""}, ""actor_type"": ""user""}"
2026-02-04T17:00:00,2026-02-04T18:00:00,0.163,ALL_PURPOSE,123456789,"{""run_as"": {""email"": ""user00@example.com""}, ""actor_type"": ""user""}"
2026-02-04T18:00:00,2026-02-04T19:00:00,0.1663,ALL_PURPOSE,123456789,"{""run_as"": {""email"": ""user00@example.com""}, ""actor_type"": ""user""}"
2026-02-04T19:00:00,2026-02-04T20:00:00,0.1681,ALL_PURPOSE,123456789,"{""run_as"": {""email"": ""user00@example.com""}, ""actor_type"": ""user""}"
2026-02-04T20:00:00,2026-02-04T21:00:00,0.2336,ALL_PURPOSE,123456789,"{""run_as"": {""email"": ""user00@example.com""}, ""actor_type"": ""user""}"
2026-02-04T21:00:00,2026-02-04T22:00:00,0.3427,ALL_PURPOSE,123456789,"{""run_as"": {""email"": ""user00@example.com""}, ""actor_type"": ""user""}"
2026-02-04T22:00:00,2026-02-04T23:00:00,0.4984,ALL_PURPOSE,123456789,"{""run_as"": {""email"": ""user00@example.com""}, ""actor_type"": ""user""}"
2026-02-04T23:00:00,2026-02-05T00:00:00,0.3414,ALL_PURPOSE,123456789,"{""run_as"": {""email"": ""user00@example.com""}, ""actor_type"": ""user""}"
2026-02-05T00:00:00,2026-02-05T01:00:00,0.299,ALL_PURPOSE,123456789,"{""run_as"": {""email"": ""user00@example.com""}, ""actor_type"": ""user""}"
2026-02-05T01:00:00,2026-02-05T02:00:00,0.0,ALL_PURPOSE,123456789,"{""run_as"": {""email"": ""user00@example.com""}, ""actor_type"": ""user""}"
2026-02-05T02:00:00,2026-02-05T03:00:00,0.1345,ALL_PURPOSE,123456789,"{""run_as"": {""email"": ""user00@example.com""}, ""actor_type"": ""user""}"
2026-02-05T03:00:00,2026-02-05T04:00:00,0.0,ALL_PURPOSE,123456789,"{""run_as"": {""email"": ""user00@example.com""}, ""actor_type"": ""user""}"
2026-02-05T04:00:00,2026-02-05T05:00:00,0.6247,ALL_PURPOSE,123456789,"{""run_as"": {""email"": ""user00@example.com""}, ""actor_type"": ""user""}"
2026-02-05T05:00:00,2026-02-05T06:00:00,0.0,ALL_PURPOSE,123456789,"{""run_as"": {""email"": ""user00@example.com""}, ""actor_type"": ""user""}"
2026-02-05T06:00:00,2026-02-05T07:00:00,0.0,ALL_PURPOSE,123456789,"{""run_as"": {""email"": ""user00@example.com""}, ""actor_type"": ""user""}"
2026-02-05T07:00:00,2026-02-05T08:00:00,0.1516,ALL_PURPOSE,123456789,"{""run_as"": {""email"": ""user00@example.com""}, ""actor_type"": ""user""}"
2026-02-05T08:00:00,2026-02-05T09:00:00,0.1307,ALL_PURPOSE,123456789,"{""run_as"": {""email"": ""user00@example.com""}, ""actor_type"": ""user""}"
2026-02-05T09:00:00,2026-02-05T10:00:00,0.1517,ALL_PURPOSE,123456789,"{""run_as"": {""email"": ""user00@example.com""}, ""actor_type"": ""user""}"
2026-02-05T10:00:00,2026-02-05T11:00:00,0.3328,ALL_PURPOSE,123456789,"{""run_as"": {""email"": ""user00@example.com""}, ""actor_type"": ""user""}"
2026-02-05T11:00:00,2026-02-05T12:00:00,0.0,ALL_PURPOSE,123456789,"{""run_as"": {""email"": ""user00@example.com""}, ""actor_type"": ""user""}"
2026-02-05T12:00:00,2026-02-05T13:00:00,0.2158,ALL_PURPOSE,123456789,"{""run_as"": {""email"": ""user00@example.com""}, ""actor_type"": ""user""}"
2026-02-05T13:00:00,2026-02-05T14:00:00,0.14,ALL_PURPOSE,123456789,"{""run_as"": {""email"": ""user00@example.com""}, ""actor_type"": ""user""}"
2026-02-05T14:00:00,2026-02-05T15:00:00,0.3125,ALL_PURPOSE,123456789,"{""run_as"": {""email"": ""user00@example.com""}, ""actor_type"": ""user""}"
2026-02-05T15:00:00,2026-02-05T16:00:00,0.3017,ALL_PURPOSE,123456789,"{""run_as"": {""email"": ""user00@example.com""}, ""actor_type"": ""user""}"
2026-02-05T16:00:00,2026-02-05T17:00:00,0.0,ALL_PURPOSE,123456789,"{""run_as"": {""email"": ""user00@example.com""}, ""actor_type"": ""user""}"
2026-02-05T17:00:00,2026-02-05T18:00:00,0.0,ALL_PURPOSE,123456789,"{""run_as"": {""email"": ""user00@example.com""}, ""actor_type"": ""user""}"
2026-02-05T18:00:00,2026-02-05T19:00:00,0.2678,ALL_PURPOSE,123456789,"{""run_as"": {""email"": ""user00@example.com""}, ""actor_type"": ""user""}"
2026-02-05T19:00:00,2026-02-05T20:00:00,0.0872,ALL_PURPOSE,123456789,"{""run_as"": {""email"": ""user00@example.com""}, ""actor_type"": ""user""}"
2026-02-05T20:00:00,2026-02-05T21:00:00,0.3068,ALL_PURPOSE,123456789,"{""run_as"": {""email"": ""user00@example.com""}, ""actor_type"": ""user""}"
2026-02-05T21:00:00,2026-02-05T22:00:00,0.2429,ALL_PURPOSE,123456789,"{""run_as"": {""email"": ""user00@example.com""}, ""actor_type"": ""user""}"
2026-02-05T22:00:00,2026-02-05T23:00:00,0.0458,ALL_PURPOSE,123456789,"{""run_as"": {""email"": ""user00@example.com""}, ""actor_type"": ""user""}"
2026-02-05T23:00:00,2026-02-06T00:00:00,0.3616,ALL_PURPOSE,123456789,"{""run_as"": {""email"": ""user00@example.com""}, ""actor_type"": ""user""}"
2026-02-06T00:00:00,2026-02-06T01:00:00,0.3833,ALL_PURPOSE,123456789,"{""run_as"": {""email"": ""user00@example.com""}, ""actor_type"": ""user""}"
2026-02-06T01:00:00,2026-02-06T02:00:00,0.0304,ALL_PURPOSE,123456789,"{""run_as"": {""email"": ""user00@example.com""}, ""actor_type"": ""user""}"
2026-02-06T02:00:00,2026-02-06T03:00:00,0.0408,ALL_PURPOSE,123456789,"{""run_as"": {""email"": ""user00@example.com""}, ""actor_type"": ""user""}"
2026-02-06T03:00:00,2026-02-06T04:00:00,1.0289,ALL_PURPOSE,123456789,"{""run_as"": {""email"": ""user00@example.com""}, ""actor_type"": ""user""}"
2026-02-06T04:00:00,2026-02-06T05:00:00,0.1389,ALL_PURPOSE,123456789,"{""run_as"": {""email"": ""user00@example.com""}, ""actor_type"": ""user""}"
2026-02-06T05:00:00,2026-02-06T06:00:00,0.8971,ALL_PURPOSE,123456789,"{""run_as"": {""email"": ""user00@example.com""}, ""actor_type"": ""user""}"
2026-02-06T06:00:00,2026-02-06T07:00:00,0.0422,ALL_PURPOSE,123456789,"{""run_as"": {""email"": ""user00@example.com""}, ""actor_type"": ""user""}"
2026-02-06T07:00:00,2026-02-06T08:00:00,0.2542,ALL_PURPOSE,123456789,"{""run_as"": {""email"": ""user00@example.com""}, ""actor_type"": ""user""}"
2026-02-06T08:00:00,2026-02-06T09:00:00,0.2829,ALL_PURPOSE,123456789,"{""run_as"": {""email"": ""user00@example.com""}, ""actor_type"": ""user""}"
2026-02-06T09:00:00,2026-02-06T10:00:00,0.2935,ALL_PURPOSE,123456789,"{""run_as"": {""email"": ""user00@example.com""}, ""actor_type"": ""user""}"
2026-02-06T10:00:00,2026-02-06T11:00:00,0.108,ALL_PURPOSE,123456789,"{""run_as"": {""email"": ""user00@example.com""}, ""actor_type"": ""user""}"
2026-02-06T11:00:00,2026-02-06T12:00:00,0.2153,ALL_PURPOSE,123456789,"{""run_as"": {""email"": ""user00@example.com""}, ""actor_type"": ""user""}"
2026-02-06T12:00:00,2026-02-06T13:00:00,0.1742,ALL_PURPOSE,123456789,"{""run_as"": {""email"": ""user00@example.com""}, ""actor_type"": ""user""}"
2026-02-06T13:00:00,2026-02-06T14:00:00,0.1074,ALL_PURPOSE,123456789,"{""run_as"": {""email"": ""user00@example.com""}, ""actor_type"": ""user""}"
2026-02-06T14:00:00,2026-02-06T15:00:00,0.0,ALL_PURPOSE,123456789,"{""run_as"": {""email"": ""user00@example.com""}, ""actor_type"": ""user""}"
2026-02-06T15:00:00,2026-02-06T16:00:00,0.3527,ALL_PURPOSE,123456789,"{""run_as"": {""email"": ""user00@example.com""}, ""actor_type"": ""user""}"
2026-02-06T16:00:00,2026-02-06T17:00:00,0.1859,ALL_PURPOSE,123456789,"{""run_as"": {""email"": ""user00@example.com""}, ""actor_type"": ""user""}"
2026-02-06T17:00:00,2026-02-06T18:00:00,0.0,ALL_PURPOSE,123456789,"{""run_as"": {""email"": ""user00@example.com""}, ""actor_type"": ""user""}"
2026-02-06T18:00:00,2026-02-06T19:00:00,0.3404,ALL_PURPOSE,123456789,"{""run_as"": {""email"": ""user00@example.com""}, ""actor_type"": ""user""}"
2026-02-06T19:00:00,2026-02-06T20:00:00,0.0848,ALL_PURPOSE,123456789,"{""run_as"": {""email"": ""user00@example.com""}, ""actor_type"": ""user""}"
2026-02-06T20:00:00,2026-02-06T21:00:00,0.1361,ALL_PURPOSE,123456789,"{""run_as"": {""email"": ""user00@example.com""}, ""actor_type"": ""user""}"
2026-02-06T21:00:00,2026-02-06T22:00:00,0.2805,ALL_PURPOSE,123456789,"{""run_as"": {""email"": ""user00@example.com""}, ""actor_type"": ""user""}"
2026-02-06T22:00:00,2026-02-06T23:00:00,0.0,ALL_PURPOSE,123456789,"{""run_as"": {""email"": ""user00@example.com""}, ""actor_type"": ""user""}"
2026-02-06T23:00:00,2026-02-07T00:00:00,0.288,ALL_PURPOSE,123456789,"{""run_as"": {""email"": ""user00@example.com""}, ""actor_type"": ""user""}"
2026-02-07T00:00:00,2026-02-07T01:00:00,0.2762,ALL_PURPOSE,123456789,"{""run_as"": {""email"": ""user00@example.com""}, ""actor_type"": ""user""}"
2026-02-07T01:00:00,2026-02-07T02:00:00,0.5723,ALL_PURPOSE,123456789,"{""run_as"": {""email"": ""user00@example.com""}, ""actor_type"": ""user""}"
2026-02-07T02:00:00,2026-02-07T03:00:00,0.1225,ALL_PURPOSE,123456789,"{""run_as"": {""email"": ""user00@example.com""}, ""actor_type"": ""user""}"
2026-02-07T03:00:00,2026-02-07T04:00:00,0.2124,ALL_PURPOSE,123456789,"{""run_as"": {""email"": ""user00@example.com""}, ""actor_type"": ""user""}"
2026-02-07T04:00:00,2026-02-07T05:00:00,0.1323,ALL_PURPOSE,123456789,"{""run_as"": {""email"": ""user00@example.com""}, ""actor_type"": ""user""}"
2026-02-07T05:00:00,2026-02-07T06:00:00,0.0,ALL_PURPOSE,123456789,"{""run_as"": {""email"": ""user00@example.com""}, ""actor_type"": ""user""}"
2026-02-07T06:00:00,2026-02-07T07:00:00,0.2143,ALL_PURPOSE,123456789,"{""run_as"": {""email"": ""user00@example.com""}, ""actor_type"": ""user""}"
2026-02-07T07:00:00,2026-02-07T08:00:00,0.0741,ALL_PURPOSE,123456789,"{""run_as"": {""email"": ""user00@example.com""}, ""actor_type"": ""user""}"
2026-02-07T08:00:00,2026-02-07T09:00:00,0.1937,ALL_PURPOSE,123456789,"{""run_as"": {""email"": ""user00@example.com""}, ""actor_type"": ""user""}"
2026-02-07T09:00:00,2026-02-07T10:00:00,0.3906,ALL_PURPOSE,123456789,"{""run_as"": {""email"": ""user00@example.com""}, ""actor_type"": ""user""}"
2026-02-07T10:00:00,2026-02-07T11:00:00,0.0,ALL_PURPOSE,123456789,"{""run_as"": {""email"": ""user00@example.com""}, ""actor_type"": ""user""}"
2026-02-07T11:00:00,2026-02-07T12:00:00,0.0776,ALL_PURPOSE,123456789,"{""run_as"": {""email"": ""user00@example.com""}, ""actor_type"": ""user""}"
2026-02-07T12:00:00,2026-02-07T13:00:00,0.0,ALL_PURPOSE,123456789,"{""run_as"": {""email"": ""user00@example.com""}, ""actor_type"": ""user""}"
2026-02-07T13:00:00,2026-02-07T14:00:00,0.2137,ALL_PURPOSE,123456789,"{""run_as"": {""email"": ""user00@example.com""}, ""actor_type"": ""user""}"
2026-02-07T14:00:00,2026-02-07T15:00:00,0.3897,ALL_PURPOSE,123456789,"{""run_as"": {""email"": ""user00@example.com""}, ""actor_type"": ""user""}"
2026-02-07T15:00:00,2026-02-07T16:00:00,0.0,ALL_PURPOSE,123456789,"{""run_as"": {""email"": ""user00@example.com""}, ""actor_type"": ""user""}"
2026-02-07T16:00:00,2026-02-07T17:00:00,0.3474,ALL_PURPOSE,123456789,"{""run_as"": {""email"": ""user00@example.com""}, ""actor_type"": ""user""}"
2026-02-07T17:00:00,2026-02-07T18:00:00,0.3491,ALL_PURPOSE,123456789,"{""run_as"": {""email"": ""user00@example.com""}, ""actor_type"": ""user""}"
2026-02-07T18:00:00,2026-02-07T19:00:00,0.1878,ALL_PURPOSE,123456789,"{""run_as"": {""email"": ""user00@example.com""}, ""actor_type"": ""user""}"
2026-02-07T19:00:00,2026-02-07T20:00:00,0.0,ALL_PURPOSE,123456789,"{""run_as"": {""email"": ""user00@example.com""}, ""actor_type"": ""user""}"
2026-02-07T20:00:00,2026-02-07T21:00:00,0.3764,ALL_PURPOSE,123456789,"{""run_as"": {""email"": ""user00@example.com""}, ""actor_type"": ""user""}"
2026-02-07T21:00:00,2026-02-07T22:00:00,0.3288,ALL_PURPOSE,123456789,"{""run_as"": {""email"": ""user00@example.com""}, ""actor_type"": ""user""}"
2026-02-07T22:00:00,2026-02-07T23:00:00,0.0,ALL_PURPOSE,123456789,"{""run_as"": {""email"": ""user00@example.com""}, ""actor_type"": ""user""}"
2026-02-07T23:00:00,2026-02-08T00:00:00,0.0597,ALL_PURPOSE,123456789,"{""run_as"": {""email"": ""user00@example.com""}, ""actor_type"": ""user""}"
2026-02-08T00:00:00,2026-02-08T01:00:00,1.0327,ALL_PURPOSE,123456789,"{""run_as"": {""email"": ""user00@example.com""}, ""actor_type"": ""user""}"
2026-02-08T01:00:00,2026-02-08T02:00:00,0.7821,ALL_PURPOSE,123456789,"{""run_as"": {""email"": ""user00@example.com""}, ""actor_type"": ""user""}"
2026-02-08T02:00:00,2026-02-08T03:00:00,0.1771,ALL_PURPOSE,123456789,"{""run_as"": {""email"": ""user00@example.com""}, ""actor_type"": ""user""}"
2026-02-08T03:00:00,2026-02-08T04:00:00,0.1222,ALL_PURPOSE,123456789,"{""run_as"": {""email"": ""user00@example.com""}, ""actor_type"": ""user""}"
2026-02-08T04:00:00,2026-02-08T05:00:00,0.296,ALL_PURPOSE,123456789,"{""run_as"": {""email"": ""user00@example.com""}, ""actor_type"": ""user""}"
2026-02-08T05:00:00,2026-02-08T06:00:00,0.0844,ALL_PURPOSE,123456789,"{""run_as"": {""email"": ""user00@example.com""}, ""actor_type"": ""user""}"
2026-02-08T06:00:00,2026-02-08T07:00:00,0.0,ALL_PURPOSE,123456789,"{""run_as"": {""email"": ""user00@example.com""}, ""actor_type"": ""user""}"
2026-02-08T07:00:00,2026-02-08T08:00:00,0.0011,ALL_PURPOSE,123456789,"{""run_as"": {""email"": ""user00@example.com""}, ""actor_type"": ""user""}"
2026-02-08T08:00:00,2026-02-08T09:00:00,0.2375,ALL_PURPOSE,123456789,"{""run_as"": {""email"": ""user00@example.com""}, ""actor_type"": ""user""}"
2026-02-08T09:00:00,2026-02-08T10:00:00,0.0926,ALL_PURPOSE,123456789,"{""run_as"": {""email"": ""user00@example.com""}, ""actor_type"": ""user""}"
2026-02-08T10:00:00,2026-02-08T11:00:00,0.2812,ALL_PURPOSE,123456789,"{""run_as"": {""email"": ""user00@example.com""}, ""actor_type"": ""user""}"
2026-02-08T11:00:00,2026-02-08T12:00:00,0.275,ALL_PURPOSE,123456789,"{""run_as"": {""email"": ""user00@example.com""}, ""actor_type"": ""user""}"
2026-02-08T12:00:00,2026-02-08T13:00:00,0.3151,ALL_PURPOSE,123456789,"{""run_as"": {""email"": ""user00@example.com""}, ""actor_type"": ""user""}"
2026-02-08T13:00:00,2026-02-08T14:00:00,0.2645,ALL_PURPOSE,123456789,"{""run_as"": {""email"": ""user00@example.com""}, ""actor_type"": ""user""}"
2026-02-08T14:00:00,2026-02-08T15:00:00,0.1701,ALL_PURPOSE,123456789,"{""run_as"": {""email"": ""user00@example.com""}, ""actor_type"": ""user""}"
2026-02-08T15:00:00,2026-02-08T16:00:00,0.2591,ALL_PURPOSE,123456789,"{""run_as"": {""email"": ""user00@example.com""}, ""actor_type"": ""user""}"
2026-02-08T16:00:00,2026-02-08T17:00:00,0.0,ALL_PURPOSE,123456789,"{""run_as"": {""email"": ""user00@example.com""}, ""actor_type"": ""user""}"
2026-02-08T17:00:00,2026-02-08T18:00:00,0.0664,ALL_PURPOSE,123456789,"{""run_as"": {""email"": ""user00@example.com""}, ""actor_type"": ""user""}"
2026-02-08T18:00:00,2026-02-08T19:00:00,0.2996,ALL_PURPOSE,123456789,"{""run_as"": {""email"": ""user00@example.com""}, ""actor_type"": ""user""}"
2026-02-08T19:00:00,2026-02-08T20:00:00,0.0,ALL_PURPOSE,123456789,"{""run_as"": {""email"": ""user00@example.com""}, ""actor_type"": ""user""}"
2026-02-08T20:00:00,2026-02-08T21:00:00,0.2755,ALL_PURPOSE,123456789,"{""run_as"": {""email"": ""user00@example.com""}, ""actor_type"": ""user""}"
2026-02-08T21:00:00,2026-02-08T22:00:00,0.3771,ALL_PURPOSE,123456789,"{""run_as"": {""email"": ""user00@example.com""}, ""actor_type"": ""user""}"
2026-02-08T22:00:00,2026-02-08T23:00:00,0.3254,ALL_PURPOSE,123456789,"{""run_as"": {""email"": ""user00@example.com""}, ""actor_type"": ""user""}"
2026-02-08T23:00:00,2026-02-09T00:00:00,0.2929,ALL_PURPOSE,123456789,"{""run_as"": {""email"": ""user00@example.com""}, ""actor_type"": ""user""}"
2026-02-09T00:00:00,2026-02-09T01:00:00,0.3344,ALL_PURPOSE,123456789,"{""run_as"": {""email"": ""user00@example.com""}, ""actor_type"": ""user""}"
2026-02-09T01:00:00,2026-02-09T02:00:00,0.3998,ALL_PURPOSE,123456789,"{""run_as"": {""email"": ""user00@example.com""}, ""actor_type"": ""user""}"
2026-02-09T02:00:00,2026-02-09T03:00:00,0.0161,ALL_PURPOSE,123456789,"{""run_as"": {""email"": ""user00@example.com""}, ""actor_type"": ""user""}"
2026-02-09T03:00:00,2026-02-09T04:00:00,0.2606,ALL_PURPOSE,123456789,"{""run_as"": {""email"": ""user00@example.com""}, ""actor_type"": ""user""}"
2026-02-09T04:00:00,2026-02-09T05:00:00,0.2341,ALL_PURPOSE,123456789,"{""run_as"": {""email"": ""user00@example.com""}, ""actor_type"": ""user""}"
2026-02-09T05:00:00,2026-02-09T06:00:00,0.3698,ALL_PURPOSE,123456789,"{""run_as"": {""email"": ""user00@example.com""}, ""actor_type"": ""user""}"
2026-02-09T06:00:00,2026-02-09T07:00:00,0.3431,ALL_PURPOSE,123456789,"{""run_as"": {""email"": ""user00@example.com""}, ""actor_type"": ""user""}"
2026-02-09T07:00:00,2026-02-09T08:00:00,0.2775,ALL_PURPOSE,123456789,"{""run_as"": {""email"": ""user00@example.com""}, ""actor_type"": ""user""}"
2026-02-09T08:00:00,2026-02-09T09:00:00,0.3781,ALL_PURPOSE,123456789,"{""run_as"": {""email"": ""user00@example.com""}, ""actor_type"": ""user""}"
2026-02-09T09:00:00,2026-02-09T10:00:00,0.22,ALL_PURPOSE,123456789,"{""run_as"": {""email"": ""user00@example.com""}, ""actor_type"": ""user""}"
2026-02-09T10:00:00,2026-02-09T11:00:00,0.1258,ALL_PURPOSE,123456789,"{""run_as"": {""email"": ""user00@example.com""}, ""actor_type"": ""user""}"
2026-02-09T11:00:00,2026-02-09T12:00:00,0.3881,ALL_PURPOSE,123456789,"{""run_as"": {""email"": ""user00@example.com""}, ""actor_type"": ""user""}"
2026-02-09T12:00:00,2026-02-09T13:00:00,0.2058,ALL_PURPOSE,123456789,"{""run_as"": {""email"": ""user00@example.com""}, ""actor_type"": ""user""}"
2026-02-09T13:00:00,2026-02-09T14:00:00,0.2631,ALL_PURPOSE,123456789,"{""run_as"": {""email"": ""user00@example.com""}, ""actor_type"": ""user""}"
2026-02-09T14:00:00,2026-02-09T15:00:00,0.1653,ALL_PURPOSE,123456789,"{""run_as"": {""email"": ""user00@example.com""}, ""actor_type"": ""user""}"
2026-02-09T15:00:00,2026-02-09T16:00:00,0.1447,ALL_PURPOSE,123456789,"{""run_as"": {""email"": ""user00@example.com""}, ""actor_type"": ""user""}"
2026-02-09T16:00:00,2026-02-09T17:00:00,0.2502,ALL_PURPOSE,123456789,"{""run_as"": {""email"": ""user00@example.com""}, ""actor_type"": ""user""}"
2026-02-09T17:00:00,2026-02-09T18:00:00,0.0814,ALL_PURPOSE,123456789,"{""run_as"": {""email"": ""user00@example.com""}, ""actor_type"": ""user""}"
2026-02-09T18:00:00,2026-02-09T19:00:00,0.3711,ALL_PURPOSE,123456789,"{""run_as"": {""email"": ""user00@example.com""}, ""actor_type"": ""user""}"
2026-02-09T19:00:00,2026-02-09T20:00:00,0.0,ALL_PURPOSE,123456789,"{""run_as"": {""email"": ""user00@example.com""}, ""actor_type"": ""user""}"
2026-02-09T20:00:00,2026-02-09T21:00:00,0.3893,ALL_PURPOSE,123456789,"{""run_as"": {""email"": ""user00@example.com""}, ""actor_type"": ""user""}"
2026-02-02T21:00:00,2026-02-02T22:00:00,0.0957,ALL_PURPOSE,123456789,"{""run_as"": {""email"": ""user01@example.com""}, ""actor_type"": ""user""}"
2026-02-02T22:00:00,2026-02-02T23:00:00,0.0,ALL_PURPOSE,123456789,"{""run_as"": {""email"": ""user01@example.com""}, ""actor_type"": ""user""}"
2026-02-02T23:00:00,2026-02-03T00:00:00,0.3969,ALL_PURPOSE,123456789,"{""run_as"": {""email"": ""user01@example.com""}, ""actor_type"": ""user""}"
2026-02-03T00:00:00,2026-02-03T01:00:00,0.047,ALL_PURPOSE,123456789,"{""run_as"": {""email"": ""user01@example.com""}, ""actor_type"": ""user""}"
2026-02-03T01:00:00,2026-02-03T02:00:00,0.2866,ALL_PURPOSE,123456789,"{""run_as"": {""email"": ""user01@example.com""}, ""actor_type"": ""user""}"
2026-02-03T02:00:00,2026-02-03T03:00:00,0.3339,ALL_PURPOSE,123456789,"{""run_as"": {""email"": ""user01@example.com""}, ""actor_type"": ""user""}"
2026-02-03T03:00:00,2026-02-03T04:00:00,0.2205,ALL_PURPOSE,123456789,"{""run_as"": {""email"": ""user01@example.com""}, ""actor_type"": ""user""}"
2026-02-03T04:00:00,2026-02-03T05:00:00,0.2033,ALL_PURPOSE,123456789,"{""run_as"": {""email"": ""user01@example.com""}, ""actor_type"": ""user""}"
2026-02-03T05:00:00,2026-02-03T06:00:00,0.1105,ALL_PURPOSE,123456789,"{""run_as"": {""email"": ""user01@example.com""}, ""actor_type"": ""user""}"
2026-02-03T06:00:00,2026-02-03T07:00:00,0.3737,ALL_PURPOSE,123456789,"{""run_as"": {""email"": ""user01@example.com""}, ""actor_type"": ""user""}"
2026-02-03T07:00:00,2026-02-03T08:00:00,0.3282,ALL_PURPOSE,123456789,"{""run_as"": {""email"": ""user01@example.com""}, ""actor_type"": ""user""}"
2026-02-03T08:00:00,2026-02-03T09:00:00,0.1194,ALL_PURPOSE,123456789,"{""run_as"": {""email"": ""user01@example.com""}, ""actor_type"": ""user""}"
2026-02-03T09:00:00,2026-02-03T10:00:00,0.3996,ALL_PURPOSE,123456789,"{""run_as"": {""email"": ""user01@example.com""}, ""actor_type"": ""user""}"
2026-02-03T10:00:00,2026-02-03T11:00:00,0.0594,ALL_PURPOSE,123456789,"{""run_as"": {""email"": ""user01@example.com""}, ""actor_type"": ""user""}"
2026-02-03T11:00:00,2026-02-03T12:00:00,0.138,ALL_PURPOSE,123456789,"{""run_as"": {""email"": ""user01@example.com""}, ""actor_type"": ""user""}"
2026-02-03T12:00:00,2026-02-03T13:00:00,0.2174,ALL_PURPOSE,123456789,"{""run_as"": {""email"": ""user01@example.com""}, ""actor_type"": ""user""}"
2026-02-03T13:00:00,2026-02-03T14:00:00,0.1287,ALL_PURPOSE,123456789,"{""run_as"": {""email"": ""user01@example.com""}, ""actor_type"": ""user""}"
2026-02-03T14:00:00,2026-02-03T15:00:00,0.279,ALL_PURPOSE,123456789,"{""run_as"": {""email"": ""user01@example.com""}, ""actor_type"": ""user""}"
2026-02-03T15:00:00,2026-02-03T16:00:00,0.0934,ALL_PURPOSE,123456789,"{""run_as"": {""email"": ""user01@example.com""}, ""actor_type"": ""user""}"
2026-02-03T16:00:00,2026-02-03T17:00:00,0.0175,ALL_PURPOSE,123456789,"{""run_as"": {""email"": ""user01@example.com""}, ""actor_type"": ""user""}"
2026-02-03T17:00:00,2026-02-03T18:00:00,0.2821,ALL_PURPOSE,123456789,"{""run_as"": {""email"": ""user01@example.com""}, ""actor_type"": ""user""}"
2026-02-03T18:00:00,2026-02-03T19:00:00,0.1544,ALL_PURPOSE,123456789,"{""run_as"": {""email"": ""user01@example.com""}, ""actor_type"": ""user""}"
2026-02-03T19:00:00,2026-02-03T20:00:00,0.3283,ALL_PURPOSE,123456789,"{""run_as"": {""email"": ""user01@example.com""}, ""actor_type"": ""user""}"
2026-02-03T20:00:00,2026-02-03T21:00:00,0.0,ALL_PURPOSE,123456789,"{""run_as"": {""email"": ""user01@example.com""}, ""actor_type"": ""user""}"
2026-02-03T21:00:00,2026-02-03T22:00:00,0.2009,ALL_PURPOSE,123456789,"{""run_as"": {""email"": ""user01@example.com""}, ""actor_type"": ""user""}"
2026-02-03T22:00:00,2026-02-03T23:00:00,0.3479,ALL_PURPOSE,123456789,"{""run_as"": {""email"": ""user01@example.com""}, ""actor_type"": ""user""}"
2026-02-03T23:00:00,2026-02-04T00:00:00,0.2104,ALL_PURPOSE,123456789,"{""run_as"": {""email"": ""user01@example.com""}, ""actor_type"": ""user""}"
2026-02-04T00:00:00,2026-02-04T01:00:00,0.164,ALL_PURPOSE,123456789,"{""run_as"": {""email"": ""user01@example.com""}, ""actor_type"": ""user""}"
2026-02-04T01:00:00,2026-02-04T02:00:00,0.1878,ALL_PURPOSE,123456789,"{""run_as"": {""email"": ""user01@example.com""}, ""actor_type"": ""user""}"
2026-02-04T02:00:00,2026-02-04T03:00:00,0.2771,ALL_PURPOSE,123456789,"{""run_as"": {""email"": ""user01@example.com""}, ""actor_type"": ""user""}"
2026-02-04T03:00:00,2026-02-04T04:00:00,0.3409,ALL_PURPOSE,123456789,"{""run_as"": {""email"": ""user01@example.com""}, ""actor_type"": ""user""}"
2026-02-04T04:00:00,2026-02-04T05:00:00,0.1267,ALL_PURPOSE,123456789,"{""run_as"": {""email"": ""user01@example.com""}, ""actor_type"": ""user""}"
2026-02-04T05:00:00,2026-02-04T06:00:00,0.4968,ALL_PURPOSE,123456789,"{""run_as"": {""email"": ""user01@example.com""}, ""actor_type"": ""user""}"
2026-02-04T06:00:00,2026-02-04T07:00:00,0.3684,ALL_PURPOSE,123456789,"{""run_as"": {""email"": ""user01@example.com""}, ""actor_type"": ""user""}"
2026-02-04T07:00:00,2026-02-04T08:00:00,0.2987,ALL_PURPOSE,123456789,"{""run_as"": {""email"": ""user01@example.com""}, ""actor_type"": ""user""}"
2026-02-04T08:00:00,2026-02-04T09:00:00,0.0394,ALL_PURPOSE,123456789,"{""run_as"": {""email"": ""user01@example.com""}, ""actor_type"": ""user""}"
2026-02-04T09:00:00,2026-02-04T10:00:00,0.349,ALL_PURPOSE,123456789,"{""run_as"": {""email"": ""user01@example.com""}, ""actor_type"": ""user""}"
2026-02-04T10:00:00,2026-02-04T11:00:00,0.2776,ALL_PURPOSE,123456789,"{""run_as"": {""email"": ""user01@example.com""}, ""actor_type"": ""user""}"
2026-02-04T11:00:00,2026-02-04T12:00:00,0.0184,ALL_PURPOSE,123456789,"{""run_as"": {""email"": ""user01@example.com""}, ""actor_type"": ""user""}"
2026-02-04T12:00:00,2026-02-04T13:00:00,0.1173,ALL_PURPOSE,123456789,"{""run_as"": {""email"": ""user01@example.com""}, ""actor_type"": ""user""}"
2026-02-04T13:00:00,2026-02-04T14:00:00,0.0582,ALL_PURPOSE,123456789,"{""run_as"": {""email"": ""user01@example.com""}, ""actor_type"": ""user""}"
2026-02-04T14:00:00,2026-02-04T15:00:00,0.2264,ALL_PURPOSE,123456789,"{""run_as"": {""email"": ""user01@example.com""}, ""actor_type"": ""user""}"
2026-02-04T15:00:00,2026-02-04T16:00:00,0.0,ALL_PURPOSE,123456789,"{""run_as"": {""email"": ""user01@example.com""}, ""actor_type"": ""user""}"
2026-02-04T16:00:00,2026-02-04T17:00:00,0.3483,ALL_PURPOSE,123456789,"{""run_as"": {""email"": ""user01@example.com""}, ""actor_type"": ""user""}"
2026-02-04T17:00:00,2026-02-04T18:00:00,0.0963,ALL_PURPOSE,123456789,"{""run_as"": {""email"": ""user01@example.com""}, ""actor_type"": ""user""}"
2026-02-04T18:00:00,2026-02-04T19:00:00,0.0572,ALL_PURPOSE,123456789,"{""run_as"": {""email"": ""user01@example.com""}, ""actor_type"": ""user""}"
2026-02-04T19:00:00,2026-02-04T20:00:00,0.1016,ALL_PURPOSE,123456789,"{""run_as"": {""email"": ""user01@example.com""}, ""actor_type"": ""user""}"
2026-02-04T20:00:00,2026-02-04T21:00:00,0.0038,ALL_PURPOSE,123456789,"{""run_as"": {""email"": ""user01@example.com""}, ""actor_type"": ""user""}"
2026-02-04T21:00:00,2026-02-04T22:00:00,0.3605,ALL_PURPOSE,123456789,"{""run_as"": {""email"": ""user01@example.com""}, ""actor_type"": ""user""}"
2026-02-04T22:00:00,2026-02-04T23:00:00,0.0632,ALL_PURPOSE,123456789,"{""run_as"": {""email"": ""user01@example.com""}, ""actor_type"": ""user""}"
2026-02-04T23:00:00,2026-02-05T00:00:00,0.235,ALL_PURPOSE,123456789,"{""run_as"": {""email"": ""user01@example.com""}, ""actor_type"": ""user""}"
2026-02-05T00:00:00,2026-02-05T01:00:00,0.1,ALL_PURPOSE,123456789,"{""run_as"": {""email"": ""user01@example.com""}, ""actor_type"": ""user""}"
2026-02-05T01:00:00,2026-02-05T02:00:00,0.1539,ALL_PURPOSE,123456789,"{""run_as"": {""email"": ""user01@example.com""}, ""actor_type"": ""user""}"
2026-02-05T02:00:00,2026-02-05T03:00:00,0.2288,ALL_PURPOSE,123456789,"{""run_as"": {""email"": ""user01@example.com""}, ""actor_type"": ""user""}"
2026-02-05T03:00:00,2026-02-05T04:00:00,0.1181,ALL_PURPOSE,123456789,"{""run_as"": {""email"": ""user01@example.com""}, ""actor_type"": ""user""}"
2026-02-05T04:00:00,2026-02-05T05:00:00,0.1098,ALL_PURPOSE,123456789,"{""run_as"": {""email"": ""user01@example.com""}, ""actor_type"": ""user""}"
2026-02-05T05:00:00,2026-02-05T06:00:00,0.8224,ALL_PURPOSE,123456789,"{""run_as"": {""email"": ""user01@example.com""}, ""actor_type"": ""user""}"
2026-02-05T06:00:00,2026-02-05T07:00:00,0.3617,ALL_PURPOSE,123456789,"{""run_as"": {""email"": ""user01@example.com""}, ""actor_type"": ""user""}"
2026-02-05T07:00:00,2026-02-05T08:00:00,0.3195,ALL_PURPOSE,123456789,"{""run_as"": {""email"": ""user01@example.com""}, ""actor_type"": ""user""}"
2026-02-05T08:00:00,2026-02-05T09:00:00,0.1409,ALL_PURPOSE,123456789,"{""run_as"": {""email"": ""user01@example.com""}, ""actor_type"": ""user""}"
2026-02-05T09:00:00,2026-02-05T10:00:00,0.2484,ALL_PURPOSE,123456789,"{""run_as"": {""email"": ""user01@example.com""}, ""actor_type"": ""user""}"
2026-02-05T10:00:00,2026-02-05T11:00:00,0.2884,ALL_PURPOSE,123456789,"{""run_as"": {""email"": ""user01@example.com""}, ""actor_type"": ""user""}"
2026-02-05T11:00:00,2026-02-05T12:00:00,0.3353,ALL_PURPOSE,123456789,"{""run_as"": {""email"": ""user01@example.com""}, ""actor_type"": ""user""}"
2026-02-05T12:00:00,2026-02-05T13:00:00,0.3614,ALL_PURPOSE,123456789,"{""run_as"": {""email"": ""user01@example.com""}, ""actor_type"": ""user""}"
2026-02-05T13:00:00,2026-02-05T14:00:00,0.1236,ALL_PURPOSE,123456789,"{""run_as"": {""email"": ""user01@example.com""}, ""actor_type"": ""user""}"
2026-02-05T14:00:00,2026-02-05T15:00:00,0.2318,ALL_PURPOSE,123456789,"{""run_as"": {""email"": ""user01@example.com""}, ""actor_type"": ""user""}"
2026-02-05T15:00:00,2026-02-05T16:00:00,0.0361,ALL_PURPOSE,123456789,"{""run_as"": {""email"": ""user01@example.com""}, ""actor_type"": ""user""}"
2026-02-05T16:00:00,2026-02-05T17:00:00,0.299,ALL_PURPOSE,123456789,"{""run_as"": {""email"": ""user01@example.com""}, ""actor_type"": ""user""}"
2026-02-05T17:00:00,2026-02-05T18:00:00,0.0529,ALL_PURPOSE,123456789,"{""run_as"": {""email"": ""user01@example.com""}, ""actor_type"": ""user""}"
2026-02-05T18:00:00,2026-02-05T19:00:00,0.3886,ALL_PURPOSE,123456789,"{""run_as"": {""email"": ""user01@example.com""}, ""actor_type"": ""user""}"
2026-02-05T19:00:00,2026-02-05T20:00:00,0.3654,ALL_PURPOSE,123456789,"{""run_as"": {""email"": ""user01@example.com""}, ""actor_type"": ""user""}"
2026-02-05T20:00:00,2026-02-05T21:00:00,0.1028,ALL_PURPOSE,123456789,"{""run_as"": {""email"": ""user01@example.com""}, ""actor_type"": ""user""}"
2026-02-05T21:00:00,2026-02-05T22:00:00,0.1927,ALL_PURPOSE,123456789,"{""run_as"": {""email"": ""user01@example.com""}, ""actor_type"": ""user""}"
2026-02-05T22:00:00,2026-02-05T23:00:00,0.4792,ALL_PURPOSE,123456789,"{""run_as"": {""email"": ""user01@example.com""}, ""actor_type"": ""user""}"
2026-02-05T23:00:00,2026-02-06T00:00:00,0.0563,ALL_PURPOSE,123456789,"{""run_as"": {""email"": ""user01@example.com""}, ""actor_type"": ""user""}"
2026-02-06T00:00:00,2026-02-06T01:00:00,0.2897,ALL_PURPOSE,123456789,"{""run_as"": {""email"": ""user01@example.com""}, ""actor_type"": ""user""}"
2026-02-06T01:00:00,2026-02-06T02:00:00,0.3218,ALL_PURPOSE,123456789,"{""run_as"": {""email"": ""user01@example.com""}, ""actor_type"": ""user""}"
2026-02-06T02:00:00,2026-02-06T03:00:00,0.0056,ALL_PURPOSE,123456789,"{""run_as"": {""email"": ""user01@example.com""}, ""actor_type"": ""user""}"
2026-02-06T03:00:00,2026-02-06T04:00:00,0.2691,ALL_PURPOSE,123456789,"{""run_as"": {""email"": ""user01@example.com""}, ""actor_type"": ""user""}"
2026-02-06T04:00:00,2026-02-06T05:00:00,0.0,ALL_PURPOSE,123456789,"{""run_as"": {""email"": ""user01@example.com""}, ""actor_type"": ""user""}"
2026-02-06T05:00:00,2026-02-06T06:00:00,0.8125,ALL_PURPOSE,123456789,"{""run_as"": {""email"": ""user01@example.com""}, ""actor_type"": ""user""}"
2026-02-06T06:00:00,2026-02-06T07:00:00,0.3661,ALL_PURPOSE,123456789,"{""run_as"": {""email"": ""user01@example.com""}, ""actor_type"": ""user""}"
2026-02-06T07:00:00,2026-02-06T08:00:00,0.0253,ALL_PURPOSE,123456789,"{""run_as"": {""email"": ""user01@example.com""}, ""actor_type"": ""user""}"
2026-02-06T08:00:00,2026-02-06T09:00:00,0.3638,ALL_PURPOSE,123456789,"{""run_as"": {""email"": ""user01@example.com""}, ""actor_type"": ""user""}"
2026-02-06T09:00:00,2026-02-06T10:00:00,0.0,ALL_PURPOSE,123456789,"{""run_as"": {""email"": ""user01@example.com""}, ""actor_type"": ""user""}"
2026-02-06T10:00:00,2026-02-06T11:00:00,0.3785,ALL_PURPOSE,123456789,"{""run_as"": {""email"": ""user01@example.com""}, ""actor_type"": ""user""}"
2026-02-06T11:00:00,2026-02-06T12:00:00,0.0,ALL_PURPOSE,123456789,"{""run_as"": {""email"": ""user01@example.com""}, ""actor_type"": ""user""}"
2026-02-06T12:00:00,2026-02-06T13:00:00,0.0,ALL_PURPOSE,123456789,"{""run_as"": {""email"": ""user01@example.com""}, ""actor_type"": ""user""}"
2026-02-06T13:00:00,2026-02-06T14:00:00,0.1815,ALL_PURPOSE,123456789,"{""run_as"": {""email"": ""user01@example.com""}, ""actor_type"": ""user""}"
2026-02-06T14:00:00,2026-02-06T15:00:00,0.2973,ALL_PURPOSE,123456789,"{""run_as"": {""email"": ""user01@example.com""}, ""actor_type"": ""user""}"
2026-02-06T15:00:00,2026-02-06T16:00:00,0.1677,ALL_PURPOSE,123456789,"{""run_as"": {""email"": ""user01@example.com""}, ""actor_type"": ""user""}"
2026-02-06T16:00:00,2026-02-06T17:00:00,0.0618,ALL_PURPOSE,123456789,"{""run_as"": {""email"": ""user01@example.com""}, ""actor_type"": ""user""}"
2026-02-06T17:00:00,2026-02-06T18:00:00,0.0396,ALL_PURPOSE,123456789,"{""run_as"": {""email"": ""user01@example.com""}, ""actor_type"": ""user""}"
2026-02-06T18:00:00,2026-02-06T19:00:00,0.1632,ALL_PURPOSE,123456789,"{""run_as"": {""email"": ""user01@example.com""}, ""actor_type"": ""user""}"
2026-02-06T19:00:00,2026-02-06T20:00:00,0.0131,ALL_PURPOSE,123456789,"{""run_as"": {""email"": ""user01@example.com""}, ""actor_type"": ""user""}"
2026-02-06T20:00:00,2026-02-06T21:00:00,0.1774,ALL_PURPOSE,123456789,"{""run_as"": {""email"": ""user01@example.com""}, ""actor_type"": ""user""}"
2026-02-06T21:00:00,2026-02-06T22:00:00,0.0,ALL_PURPOSE,123456789,"{""run_as"": {""email"": ""user01@example.com""}, ""actor_type"": ""user""}"
2026-02-06T22:00:00,2026-02-06T23:00:00,0.2743,ALL_PURPOSE,123456789,"{""run_as"": {""email"": ""user01@example.com""}, ""actor_type"": ""user""}"
2026-02-06T23:00:00,2026-02-07T00:00:00,0.1435,ALL_PURPOSE,123456789,"{""run_as"": {""email"": ""user01@example.com""}, ""actor_type"": ""user""}"
2026-02-07T00:00:00,2026-02-07T01:00:00,0.0489,ALL_PURPOSE,123456789,"{""run_as"": {""email"": ""user01@example.com""}, ""actor_type"": ""user""}"
2026-02-07T01:00:00,2026-02-07T02:00:00,0.2651,ALL_PURPOSE,123456789,"{""run_as"": {""email"": ""user01@example.com""}, ""actor_type"": ""user""}"
2026-02-07T02:00:00,2026-02-07T03:00:00,0.0085,ALL_PURPOSE,123456789,"{""run_as"": {""email"": ""user01@example.com""}, ""actor_type"": ""user""}"
2026-02-07T03:00:00,2026-02-07T04:00:00,0.0,ALL_PURPOSE,123456789,"{""run_as"": {""email"": ""user01@example.com""}, ""actor_type"": ""user""}"
2026-02-07T04:00:00,2026-02-07T05:00:00,0.5572,ALL_PURPOSE,123456789,"{""run_as"": {""email"": ""user01@example.com""}, ""actor_type"": ""user""}"
2026-02-07T05:00:00,2026-02-07T06:00:00,0.0,ALL_PURPOSE,123456789,"{""run_as"": {""email"": ""user01@example.com""}, ""actor_type"": ""user""}"
2026-02-07T06:00:00,2026-02-07T07:00:00,0.0,ALL_PURPOSE,123456789,"{""run_as"": {""email"": ""user01@example.com""}, ""actor_type"": ""user""}"
2026-02-07T07:00:00,2026-02-07T08:00:00,0.052,ALL_PURPOSE,123456789,"{""run_as"": {""email"": ""user01@example.com""}, ""actor_type"": ""user""}"
2026-02-07T08:00:00,2026-02-07T09:00:00,0.0698,ALL_PURPOSE,123456789,"{""run_as"": {""email"": ""user01@example.com""}, ""actor_type"": ""user""}"
2026-02-07T09:00:00,2026-02-07T10:00:00,0.0,ALL_PURPOSE,123456789,"{""run_as"": {""email"": ""user01@example.com""}, ""actor_type"": ""user""}"
2026-02-07T10:00:00,2026-02-07T11:00:00,0.316,ALL_PURPOSE,123456789,"{""run_as"": {""email"": ""user01@example.com""}, ""actor_type"": ""user""}"
2026-02-07T11:00:00,2026-02-07T12:00:00,0.1295,ALL_PURPOSE,123456789,"{""run_as"": {""email"": ""user01@example.com""}, ""actor_type"": ""user""}"
2026-02-07T12:00:00,2026-02-07T13:00:00,0.021,ALL_PURPOSE,123456789,"{""run_as"": {""email"": ""user01@example.com""}, ""actor_type"": ""user""}"
2026-02-07T13:00:00,2026-02-07T14:00:00,0.2104,ALL_PURPOSE,123456789,"{""run_as"": {""email"": ""user01@example.com""}, ""actor_type"": ""user""}"
2026-02-07T14:00:00,2026-02-07T15:00:00,0.1905,ALL_PURPOSE,123456789,"{""run_as"": {""email"": ""user01@example.com""}, ""actor_type"": ""user""}"
2026-02-07T15:00:00,2026-02-07T16:00:00,0.0,ALL_PURPOSE,123456789,"{""run_as"": {""email"": ""user01@example.com""}, ""actor_type"": ""user""}"
2026-02-07T16:00:00,2026-02-07T17:00:00,0.2015,ALL_PURPOSE,123456789,"{""run_as"": {""email"": ""user01@example.com""}, ""actor_type"": ""user""}"
2026-02-07T17:00:00,2026-02-07T18:00:00,0.0173,ALL_PURPOSE,123456789,"{""run_as"": {""email"": ""user01@example.com""}, ""actor_type"": ""user""}"
2026-02-07T18:00:00,2026-02-07T19:00:00,0.3468,ALL_PURPOSE,123456789,"{""run_as"": {""email"": ""user01@example.com""}, ""actor_type"": ""user""}"
2026-02-07T19:00:00,2026-02-07T20:00:00,0.1832,ALL_PURPOSE,123456789,"{""run_as"": {""email"": ""user01@example.com""}, ""actor_type"": ""user""}"
2026-02-07T20:00:00,2026-02-07T21:00:00,0.0243,ALL_PURPOSE,123456789,"{""run_as"": {""email"": ""user01@example.com""}, ""actor_type"": ""user""}"
2026-02-07T21:00:00,2026-02-07T22:00:00,0.1606,ALL_PURPOSE,123456789,"{""run_as"": {""email"": ""user01@example.com""}, ""actor_type"": ""user""}"
2026-02-07T22:00:00,2026-02-07T23:00:00,0.0,ALL_PURPOSE,123456789,"{""run_as"": {""email"": ""user01@example.com""}, ""actor_type"": ""user""}"
2026-02-07T23:00:00,2026-02-08T00:00:00,0.0,ALL_PURPOSE,123456789,"{""run_as"": {""email"": ""user01@example.com""}, ""actor_type"": ""user""}"
2026-02-08T00:00:00,2026-02-08T01:00:00,0.11,ALL_PURPOSE,123456789,"{""run_as"": {""email"": ""user01@example.com""}, ""actor_type"": ""user""}"
2026-02-08T01:00:00,2026-02-08T02:00:00,0.1301,ALL_PURPOSE,123456789,"{""run_as"": {""email"": ""user01@example.com""}, ""actor_type"": ""user""}"
2026-02-08T02:00:00,2026-02-08T03:00:00,0.0,ALL_PURPOSE,123456789,"{""run_as"": {""email"": ""user01@example.com""}, ""actor_type"": ""user""}"
2026-02-08T03:00:00,2026-02-08T04:00:00,0.2807,ALL_PURPOSE,123456789,"{""run_as"": {""email"": ""user01@example.com""}, ""actor_type"": ""user""}"
2026-02-08T04:00:00,2026-02-08T05:00:00,0.3076,ALL_PURPOSE,123456789,"{""run_as"": {""email"": ""user01@example.com""}, ""actor_type"": ""user""}"
2026-02-08T05:00:00,2026-02-08T06:00:00,0.5179,ALL_PURPOSE,123456789,"{""run_as"": {""email"": ""user01@example.com""}, ""actor_type"": ""user""}"
2026-02-08T06:00:00,2026-02-08T07:00:00,0.0,ALL_PURPOSE,123456789,"{""run_as"": {""email"": ""user01@example.com""}, ""actor_type"": ""user""}"
2026-02-08T07:00:00,2026-02-08T08:00:00,0.1707,ALL_PURPOSE,123456789,"{""run_as"": {""email"": ""user01@example.com""}, ""actor_type"": ""user""}"
2026-02-08T08:00:00,2026-02-08T09:00:00,0.1497,ALL_PURPOSE,123456789,"{""run_as"": {""email"": ""user01@example.com""}, ""actor_type"": ""user""}"
2026-02-08T09:00:00,2026-02-08T10:00:00,0.0,ALL_PURPOSE,123456789,"{""run_as"": {""email"": ""user01@example.com""}, ""actor_type"": ""user""}"
2026-02-08T10:00:00,2026-02-08T11:00:00,0.0,ALL_PURPOSE,123456789,"{""run_as"": {""email"": ""user01@example.com""}, ""actor_type"": ""user""}"
2026-02-08T11:00:00,2026-02-08T12:00:00,0.0386,ALL_PURPOSE,123456789,"{""run_as"": {""email"": ""user01@example.com""}, ""actor_type"": ""user""}"
2026-02-08T12:00:00,2026-02-08T13:00:00,0.3247,ALL_PURPOSE,123456789,"{""run_as"": {""email"": ""user01@example.com""}, ""actor_type"": ""user""}"
2026-02-08T13:00:00,2026-02-08T14:00:00,0.2346,ALL_PURPOSE,123456789,"{""run_as"": {""email"": ""user01@example.com""}, ""actor_type"": ""user""}"
2026-02-08T14:00:00,2026-02-08T15:00:00,0.0,ALL_PURPOSE,123456789,"{""run_as"": {""email"": ""user01@example.com""}, ""actor_type"": ""user""}"
2026-02-08T15:00:00,2026-02-08T16:00:00,0.1414,ALL_PURPOSE,123456789,"{""run_as"": {""email"": ""user01@example.com""}, ""actor_type"": ""user""}"
2026-02-08T16:00:00,2026-02-08T17:00:00,0.3001,ALL_PURPOSE,123456789,"{""run_as"": {""email"": ""user01@example.com""}, ""actor_type"": ""user""}"
2026-02-08T17:00:00,2026-02-08T18:00:00,0.2884,ALL_PURPOSE,123456789,"{""run_as"": {""email"": ""user01@example.com""}, ""actor_type"": ""user""}"
2026-02-08T18:00:00,2026-02-08T19:00:00,0.2402,ALL_PURPOSE,123456789,"{""run_as"": {""email"": ""user01@example.com""}, ""actor_type"": ""user""}"
2026-02-08T19:00:00,2026-02-08T20:00:00,0.2312,ALL_PURPOSE,123456789,"{""run_as"": {""email"": ""user01@example.com""}, ""actor_type"": ""user""}"
2026-02-08T20:00:00,2026-02-08T21:00:00,0.2627,ALL_PURPOSE,123456789,"{""run_as"": {""email"": ""user01@example.com""}, ""actor_type"": ""user""}"
2026-02-08T21:00:00,2026-02-08T22:00:00,0.0433,ALL_PURPOSE,123456789,"{""run_as"": {""email"": ""user01@example.com""}, ""actor_type"": ""user""}"
2026-02-08T22:00:00,2026-02-08T23:00:00,0.147,ALL_PURPOSE,123456789,"{""run_as"": {""email"": ""user01@example.com""}, ""actor_type"": ""user""}"
2026-02-08T23:00:00,2026-02-09T00:00:00,0.3229,ALL_PURPOSE,123456789,"{""run_as"": {""email"": ""user01@example.com""}, ""actor_type"": ""user""}"
2026-02-09T00:00:00,2026-02-09T01:00:00,0.3274,ALL_PURPOSE,123456789,"{""run_as"": {""email"": ""user01@example.com""}, ""actor_type"": ""user""}"
2026-02-09T01:00:00,2026-02-09T02:00:00,0.0105,ALL_PURPOSE,123456789,"{""run_as"": {""email"": ""user01@example.com""}, ""actor_type"": ""user""}"
2026-02-09T02:00:00,2026-02-09T03:00:00,0.6989,ALL_PURPOSE,123456789,"{""run_as"": {""email"": ""user01@example.com""}, ""actor_type"": ""user""}"
2026-02-09T03:00:00,2026-02-09T04:00:00,0.8448,ALL_PURPOSE,123456789,"{""run_as"": {""email"": ""user01@example.com""}, ""actor_type"": ""user""}"
2026-02-09T04:00:00,2026-02-09T05:00:00,0.0,ALL_PURPOSE,123456789,"{""run_as"": {""email"": ""user01@example.com""}, ""actor_type"": ""user""}"
2026-02-09T05:00:00,2026-02-09T06:00:00,0.6923,ALL_PURPOSE,123456789,"{""run_as"": {""email"": ""user01@example.com""}, ""actor_type"": ""user""}"
2026-02-09T06:00:00,2026-02-09T07:00:00,0.148,ALL_PURPOSE,123456789,"{""run_as"": {""email"": ""user01@example.com""}, ""actor_type"": ""user""}"
2026-02-09T07:00:00,2026-02-09T08:00:00,0.3107,ALL_PURPOSE,123456789,"{""run_as"": {""email"": ""user01@example.com""}, ""actor_type"": ""user""}"
2026-02-09T08:00:00,2026-02-09T09:00:00,0.0,ALL_PURPOSE,123456789,"{""run_as"": {""email"": ""user01@example.com""}, ""actor_type"": ""user""}"
2026-02-09T09:00:00,2026-02-09T10:00:00,0.063,ALL_PURPOSE,123456789,"{""run_as"": {""email"": ""user01@example.com""}, ""actor_type"": ""user""}"
2026-02-09T10:00:00,2026-02-09T11:00:00,0.2696,ALL_PURPOSE,123456789,"{""run_as"": {""email"": ""user01@example.com""}, ""actor_type"": ""user""}"
2026-02-09T11:00:00,2026-02-09T12:00:00,0.2648,ALL_PURPOSE,123456789,"{""run_as"": {""email"": ""user01@example.com""}, ""actor_type"": ""user""}"
2026-02-09T12:00:00,2026-02-09T13:00:00,0.1768,ALL_PURPOSE,123456789,"{""run_as"": {""email"": ""user01@example.com""}, ""actor_type"": ""user""}"
2026-02-09T13:00:00,2026-02-09T14:00:00,0.0,ALL_PURPOSE,123456789,"{""run_as"": {""email"": ""user01@example.com""}, ""actor_type"": ""user""}"
2026-02-09T14:00:00,2026-02-09T15:00:00,0.172,ALL_PURPOSE,123456789,"{""run_as"": {""email"": ""user01@example.com""}, ""actor_type"": ""user""}"
2026-02-09T15:00:00,2026-02-09T16:00:00,0.2714,ALL_PURPOSE,123456789,"{""run_as"": {""email"": ""user01@example.com""}, ""actor_type"": ""user""}"
2026-02-09T16:00:00,2026-02-09T17:00:00,0.0,ALL_PURPOSE,123456789,"{""run_as"": {""email"": ""user01@example.com""}, ""actor_type"": ""user""}"
2026-02-09T17:00:00,2026-02-09T18:00:00,0.1581,ALL_PURPOSE,123456789,"{""run_as"": {""email"": ""user01@example.com""}, ""actor_type"": ""user""}"
2026-02-09T18:00:00,2026-02-09T19:00:00,0.0031,ALL_PURPOSE,123456789,"{""run_as"": {""email"": ""user01@example.com""}, ""actor_type"": ""user""}"
2026-02-09T19:00:00,2026-02-09T20:00:00,0.0,ALL_PURPOSE,123456789,"{""run_as"": {""email"": ""user01@example.com""}, ""actor_type"": ""user""}"
2026-02-09T20:00:00,2026-02-09T21:00:00,0.1022,ALL_PURPOSE,123456789,"{""run_as"": {""email"": ""user01@example.com""}, ""actor_type"": ""user""}"
2026-02-02T21:00:00,2026-02-02T22:00:00,0.0031,ALL_PURPOSE,123456789,"{""run_as"": {""email"": ""user02@example.com""}, ""actor_type"": ""user""}"
2026-02-02T22:00:00,2026-02-02T23:00:00,0.0703,ALL_PURPOSE,123456789,"{""run_as"": {""email"": ""user02@example.com""}, ""actor_type"": ""user""}"
2026-02-02T23:00:00,2026-02-03T00:00:00,0.2001,ALL_PURPOSE,123456789,"{""run_as"": {""email"": ""user02@example.com""}, ""actor_type"": ""user""}"
2026-02-03T00:00:00,2026-02-03T01:00:00,0.0,ALL_PURPOSE,123456789,"{""run_as"": {""email"": ""user02@example.com""}, ""actor_type"": ""user""}"
2026-02-03T01:00:00,2026-02-03T02:00:00,0.0075,ALL_PURPOSE,123456789,"{""run_as"": {""email"": ""user02@example.com""}, ""actor_type"": ""user""}"
2026-02-03T02:00:00,2026-02-03T03:00:00,0.2303,ALL_PURPOSE,123456789,"{""run_as"": {""email"": ""user02@example.com""}, ""actor_type"": ""user""}"
2026-02-03T03:00:00,2026-02-03T04:00:00,0.2817,ALL_PURPOSE,123456789,"{""run_as"": {""email"": ""user02@example.com""}, ""actor_type"": ""user""}"
2026-02-03T04:00:00,2026-02-03T05:00:00,0.3205,ALL_PURPOSE,123456789,"{""run_as"": {""email"": ""user02@example.com""}, ""actor_type"": ""user""}"
2026-02-03T05:00:00,2026-02-03T06:00:00,1.059,ALL_PURPOSE,123456789,"{""run_as"": {""email"": ""user02@example.com""}, ""actor_type"": ""user""}"
2026-02-03T06:00:00,2026-02-03T07:00:00,0.2355,ALL_PURPOSE,123456789,"{""run_as"": {""email"": ""user02@example.com""}, ""actor_type"": ""user""}"
2026-02-03T07:00:00,2026-02-03T08:00:00,0.1583,ALL_PURPOSE,123456789,"{""run_as"": {""email"": ""user02@example.com""}, ""actor_type"": ""user""}"
2026-02-03T08:00:00,2026-02-03T09:00:00,0.1358,ALL_PURPOSE,123456789,"{""run_as"": {""email"": ""user02@example.com""}, ""actor_type"": ""user""}"
2026-02-03T09:00:00,2026-02-03T10:00:00,0.0673,ALL_PURPOSE,123456789,"{""run_as"": {""email"": ""user02@example.com""}, ""actor_type"": ""user""}"
2026-02-03T10:00:00,2026-02-03T11:00:00,0.0456,ALL_PURPOSE,123456789,"{""run_as"": {""email"": ""user02@example.com""}, ""actor_type"": ""user""}"
2026-02-03T11:00:00,2026-02-03T12:00:00,0.3624,ALL_PURPOSE,123456789,"{""run_as"": {""email"": ""user02@example.com""}, ""actor_type"": ""user""}"
2026-02-03T12:00:00,2026-02-03T13:00:00,0.291,ALL_PURPOSE,123456789,"{""run_as"": {""email"": ""user02@example.com""}, ""actor_type"": ""user""}"
2026-02-03T13:00:00,2026-02-03T14:00:00,0.326,ALL_PURPOSE,123456789,"{""run_as"": {""email"": ""user02@example.com""}, ""actor_type"": ""user""}"
2026-02-03T14:00:00,2026-02-03T15:00:00,0.0586,ALL_PURPOSE,123456789,"{""run_as"": {""email"": ""user02@example.com""}, ""actor_type"": ""user""}"
2026-02-03T15:00:00,2026-02-03T16:00:00,0.241,ALL_PURPOSE,123456789,"{""run_as"": {""email"": ""user02@example.com""}, ""actor_type"": ""user""}"
2026-02-03T16:00:00,2026-02-03T17:00:00,0.2622,ALL_PURPOSE,123456789,"{""run_as"": {""email"": ""user02@example.com""}, ""actor_type"": ""user""}"
2026-02-03T17:00:00,2026-02-03T18:00:00,0.3091,ALL_PURPOSE,123456789,"{""run_as"": {""email"": ""user02@example.com""}, ""actor_type"": ""user""}"
2026-02-03T18:00:00,2026-02-03T19:00:00,0.3018,ALL_PURPOSE,123456789,"{""run_as"": {""email"": ""user02@example.com""}, ""actor_type"": ""user""}"
2026-02-03T19:00:00,2026-02-03T20:00:00,0.1796,ALL_PURPOSE,123456789,"{""run_as"": {""email"": ""user02@example.com""}, ""actor_type"": ""user""}"
2026-02-03T20:00:00,2026-02-03T21:00:00,0.2258,ALL_PURPOSE,123456789,"{""run_as"": {""email"": ""user02@example.com""}, ""actor_type"": ""user""}"
2026-02-03T21:00:00,2026-02-03T22:00:00,0.2498,ALL_PURPOSE,123456789,"{""run_as"": {""email"": ""user02@example.com""}, ""actor_type"": ""user""}"
2026-02-03T22:00:00,2026-02-03T23:00:00,0.3987,ALL_PURPOSE,123456789,"{""run_as"": {""email"": ""user02@example.com""}, ""actor_type"": ""user""}"
2026-02-03T23:00:00,2026-02-04T00:00:00,0.2604,ALL_PURPOSE,123456789,"{""run_as"": {""email"": ""user02@example.com""}, ""actor_type"": ""user""}"
2026-02-04T00:00:00,2026-02-04T01:00:00,0.0,ALL_PURPOSE,123456789,"{""run_as"": {""email"": ""user02@example.com""}, ""actor_type"": ""user""}"
2026-02-04T01:00:00,2026-02-04T02:00:00,1.0377,ALL_PURPOSE,123456789,"{""run_as"": {""email"": ""user02@example.com""}, ""actor_type"": ""user""}"
2026-02-04T02:00:00,2026-02-04T03:00:00,0.246,ALL_PURPOSE,123456789,"{""run_as"": {""email"": ""user02@example.com""}, ""actor_type"": ""user""}"
2026-02-04T03:00:00,2026-02-04T04:00:00,0.2217,ALL_PURPOSE,123456789,"{""run_as"": {""email"": ""user02@example.com""}, ""actor_type"": ""user""}"
2026-02-04T04:00:00,2026-02-04T05:00:00,0.1799,ALL_PURPOSE,123456789,"{""run_as"": {""email"": ""user02@example.com""}, ""actor_type"": ""user""}"
2026-02-04T05:00:00,2026-02-04T06:00:00,0.1286,ALL_PURPOSE,123456789,"{""run_as"": {""email"": ""user02@example.com""}, ""actor_type"": ""user""}"
2026-02-04T06:00:00,2026-02-04T07:00:00,0.0,ALL_PURPOSE,123456789,"{""run_as"": {""email"": ""user02@example.com""}, ""actor_type"": ""user""}"
2026-02-04T07:00:00,2026-02-04T08:00:00,0.3597,ALL_PURPOSE,123456789,"{""run_as"": {""email"": ""user02@example.com""}, ""actor_type"": ""user""}"
2026-02-04T08:00:00,2026-02-04T09:00:00,0.2857,ALL_PURPOSE,123456789,"{""run_as"": {""email"": ""user02@example.com""}, ""actor_type"": ""user""}"
2026-02-04T09:00:00,2026-02-04T10:00:00,0.069,ALL_PURPOSE,123456789,"{""run_as"": {""email"": ""user02@example.com""}, ""actor_type"": ""user""}"
2026-02-04T10:00:00,2026-02-04T11:00:00,0.1751,ALL_PURPOSE,123456789,"{""run_as"": {""email"": ""user02@example.com""}, ""actor_type"": ""user""}"
2026-02-04T11:00:00,2026-02-04T12:00:00,0.2091,ALL_PURPOSE,123456789,"{""run_as"": {""email"": ""user02@example.com""}, ""actor_type"": ""user""}"
2026-02-04T12:00:00,2026-02-04T13:00:00,0.1491,ALL_PURPOSE,123456789,"{""run_as"": {""email"": ""user02@example.com""}, ""actor_type"": ""user""}"
2026-02-04T13:00:00,2026-02-04T14:00:00,0.1635,ALL_PURPOSE,123456789,"{""run_as"": {""email"": ""user02@example.com""}, ""actor_type"": ""user""}"
2026-02-04T14:00:00,2026-02-04T15:00:00,0.2392,ALL_PURPOSE,123456789,"{""run_as"": {""email"": ""user02@example.com""}, ""actor_type"": ""user""}"
2026-02-04T15:00:00,2026-02-04T16:00:00,0.0,ALL_PURPOSE,123456789,"{""run_as"": {""email"": ""user02@example.com""}, ""actor_type"": ""user""}"
2026-02-04T16:00:00,2026-02-04T17:00:00,0.0378,ALL_PURPOSE,123456789,"{""run_as"": {""email"": ""user02@example.com""}, ""actor_type"": ""user""}"
2026-02-04T17:00:00,2026-02-04T18:00:00,0.1137,ALL_PURPOSE,123456789,"{""run_as"": {""email"": ""user02@example.com""}, ""actor_type"": ""user""}"
2026-02-04T18:00:00,2026-02-04T19:00:00,0.2626,ALL_PURPOSE,123456789,"{""run_as"": {""email"": ""user02@example.com""}, ""actor_type"": ""user""}"
2026-02-04T19:00:00,2026-02-04T20:00:00,0.3493,ALL_PURPOSE,123456789,"{""run_as"": {""email"": ""user02@example.com""}, ""actor_type"": ""user""}"
2026-02-04T20:00:00,2026-02-04T21:00:00,0.0,ALL_PURPOSE,123456789,"{""run_as"": {""email"": ""user02@example.com""}, ""actor_type"": ""user""}"
2026-02-04T21:00:00,2026-02-04T22:00:00,0.1399,ALL_PURPOSE,123456789,"{""run_as"": {""email"": ""user02@example.com""}, ""actor_type"": ""user""}"
2026-02-04T22:00:00,2026-02-04T23:00:00,0.2794,ALL_PURPOSE,123456789,"{""run_as"": {""email"": ""user02@example.com""}, ""actor_type"": ""user""}"
2026-02-04T23:00:00,2026-02-05T00:00:00,0.7389,ALL_PURPOSE,123456789,"{""run_as"": {""email"": ""user02@example.com""}, ""actor_type"": ""user""}"
2026-02-05T00:00:00,2026-02-05T01:00:00,0.3253,ALL_PURPOSE,123456789,"{""run_as"": {""email"": ""user02@example.com""}, ""actor_type"": ""user""}"
2026-02-05T01:00:00,2026-02-05T02:00:00,0.2955,ALL_PURPOSE,123456789,"{""run_as"": {""email"": ""user02@example.com""}, ""actor_type"": ""user""}"
2026-02-05T02:00:00,2026-02-05T03:00:00,0.2584,ALL_PURPOSE,123456789,"{""run_as"": {""email"": ""user02@example.com""}, ""actor_type"": ""user""}"
2026-02-05T03:00:00,2026-02-05T04:00:00,0.395,ALL_PURPOSE,123456789,"{""run_as"": {""email"": ""user02@example.com""}, ""actor_type"": ""user""}"
2026-02-05T04:00:00,2026-02-05T05:00:00,0.0,ALL_PURPOSE,123456789,"{""run_as"": {""email"": ""user02@example.com""}, ""actor_type"": ""user""}"
2026-02-05T05:00:00,2026-02-05T06:00:00,0.9774,ALL_PURPOSE,123456789,"{""run_as"": {""email"": ""user02@example.com""}, ""actor_type"": ""user""}"
2026-02-05T06:00:00,2026-02-05T07:00:00,0.0,ALL_PURPOSE,123456789,"{""run_as"": {""email"": ""user02@example.com""}, ""actor_type"": ""user""}"
2026-02-05T07:00:00,2026-02-05T08:00:00,0.1347,ALL_PURPOSE,123456789,"{""run_as"": {""email"": ""user02@example.com""}, ""actor_type"": ""user""}"
2026-02-05T08:00:00,2026-02-05T09:00:00,0.0524,ALL_PURPOSE,123456789,"{""run_as"": {""email"": ""user02@example.com""}, ""actor_type"": ""user""}"
2026-02-05T09:00:00,2026-02-05T10:00:00,0.0649,ALL_PURPOSE,123456789,"{""run_as"": {""email"": ""user02@example.com""}, ""actor_type"": ""user""}"
2026-02-05T10:00:00,2026-02-05T11:00:00,0.3084,ALL_PURPOSE,123456789,"{""run_as"": {""email"": ""user02@example.com""}, ""actor_type"": ""user""}"
2026-02-05T11:00:00,2026-02-05T12:00:00,0.0662,ALL_PURPOSE,123456789,"{""run_as"": {""email"": ""user02@example.com""}, ""actor_type"": ""user""}"
2026-02-05T12:00:00,2026-02-05T13:00:00,0.1643,ALL_PURPOSE,123456789,"{""run_as"": {""email"": ""user02@example.com""}, ""actor_type"": ""user""}"
2026-02-05T13:00:00,2026-02-05T14:00:00,0.095,ALL_PURPOSE,123456789,"{""run_as"": {""email"": ""user02@example.com""}, ""actor_type"": ""user""}"
2026-02-05T14:00:00,2026-02-05T15:00:00,0.114,ALL_PURPOSE,123456789,"{""run_as"": {""email"": ""user02@example.com""}, ""actor_type"": ""user""}"
2026-02-05T15:00:00,2026-02-05T16:00:00,0.1796,ALL_PURPOSE,123456789,"{""run_as"": {""email"": ""user02@example.com""}, ""actor_type"": ""user""}"
2026-02-05T16:00:00,2026-02-05T17:00:00,0.1238,ALL_PURPOSE,123456789,"{""run_as"": {""email"": ""user02@example.com""}, ""actor_type"": ""user""}"
2026-02-05T17:00:00,2026-02-05T18:00:00,0.1876,ALL_PURPOSE,123456789,"{""run_as"": {""email"": ""user02@example.com""}, ""actor_type"": ""user""}"
2026-02-05T18:00:00,2026-02-05T19:00:00,0.1471,ALL_PURPOSE,123456789,"{""run_as"": {""email"": ""user02@example.com""}, ""actor_type"": ""user""}"
2026-02-05T19:00:00,2026-02-05T20:00:00,0.3938,ALL_PURPOSE,123456789,"{""run_as"": {""email"": ""user02@example.com""}, ""actor_type"": ""user""}"
2026-02-05T20:00:00,2026-02-05T21:00:00,0.1127,ALL_PURPOSE,123456789,"{""run_as"": {""email"": ""user02@example.com""}, ""actor_type"": ""user""}"
2026-02-05T21:00:00,2026-02-05T22:00:00,0.211,ALL_PURPOSE,123456789,"{""run_as"": {""email"": ""user02@example.com""}, ""actor_type"": ""user""}"
2026-02-05T22:00:00,2026-02-05T23:00:00,0.0,ALL_PURPOSE,123456789,"{""run_as"": {""email"": ""user02@example.com""}, ""actor_type"": ""user""}"
2026-02-05T23:00:00,2026-02-06T00:00:00,0.1,ALL_PURPOSE,123456789,"{""run_as"": {""email"": ""user02@example.com""}, ""actor_type"": ""user""}"
2026-02-06T00:00:00,2026-02-06T01:00:00,0.9139,ALL_PURPOSE,123456789,"{""run_as"": {""email"": ""user02@example.com""}, ""actor_type"": ""user""}"
2026-02-06T01:00:00,2026-02-06T02:00:00,0.114,ALL_PURPOSE,123456789,"{""run_as"": {""email"": ""user02@example.com""}, ""actor_type"": ""user""}"
2026-02-06T02:00:00,2026-02-06T03:00:00,0.7684,ALL_PURPOSE,123456789,"{""run_as"": {""email"": ""user02@example.com""}, ""actor_type"": ""user""}"
2026-02-06T03:00:00,2026-02-06T04:00:00,0.0888,ALL_PURPOSE,123456789,"{""run_as"": {""email"": ""user02@example.com""}, ""actor_type"": ""user""}"
2026-02-06T04:00:00,2026-02-06T05:00:00,0.4621,ALL_PURPOSE,123456789,"{""run_as"": {""email"": ""user02@example.com""}, ""actor_type"": ""user""}"
2026-02-06T05:00:00,2026-02-06T06:00:00,0.0,ALL_PURPOSE,123456789,"{""run_as"": {""email"": ""user02@example.com""}, ""actor_type"": ""user""}"
2026-02-06T06:00:00,2026-02-06T07:00:00,0.3723,ALL_PURPOSE,123456789,"{""run_as"": {""email"": ""user02@example.com""}, ""actor_type"": ""user""}"
2026-02-06T07:00:00,2026-02-06T08:00:00,0.26,ALL_PURPOSE,123456789,"{""run_as"": {""email"": ""user02@example.com""}, ""actor_type"": ""user""}"
2026-02-06T08:00:00,2026-02-06T09:00:00,0.055,ALL_PURPOSE,123456789,"{""run_as"": {""email"": ""user02@example.com""}, ""actor_type"": ""user""}"
2026-02-06T09:00:00,2026-02-06T10:00:00,0.3319,ALL_PURPOSE,123456789,"{""run_as"": {""email"": ""user02@example.com""}, ""actor_type"": ""user""}"
2026-02-06T10:00:00,2026-02-06T11:00:00,0.0555,ALL_PURPOSE,123456789,"{""run_as"": {""email"": ""user02@example.com""}, ""actor_type"": ""user""}"
2026-02-06T11:00:00,2026-02-06T12:00:00,0.0,ALL_PURPOSE,123456789,"{""run_as"": {""email"": ""user02@example.com""}, ""actor_type"": ""user""}"
2026-02-06T12:00:00,2026-02-06T13:00:00,0.0317,ALL_PURPOSE,123456789,"{""run_as"": {""email"": ""user02@example.com""}, ""actor_type"": ""user""}"
2026-02-06T13:00:00,2026-02-06T14:00:00,0.334,ALL_PURPOSE,123456789,"{""run_as"": {""email"": ""user02@example.com""}, ""actor_type"": ""user""}"
2026-02-06T14:00:00,2026-02-06T15:00:00,0.2909,ALL_PURPOSE,123456789,"{""run_as"": {""email"": ""user02@example.com""}, ""actor_type"": ""user""}"
2026-02-06T15:00:00,2026-02-06T16:00:00,0.0445,ALL_PURPOSE,123456789,"{""run_as"": {""email"": ""user02@example.com""}, ""actor_type"": ""user""}"
2026-02-06T16:00:00,2026-02-06T17:00:00,0.0,ALL_PURPOSE,123456789,"{""run_as"": {""email"": ""user02@example.com""}, ""actor_type"": ""user""}"
2026-02-06T17:00:00,2026-02-06T18:00:00,0.1679,ALL_PURPOSE,123456789,"{""run_as"": {""email"": ""user02@example.com""}, ""actor_type"": ""user""}"
2026-02-06T18:00:00,2026-02-06T19:00:00,0.0,ALL_PURPOSE,123456789,"{""run_as"": {""email"": ""user02@example.com""}, ""actor_type"": ""user""}"
2026-02-06T19:00:00,2026-02-06T20:00:00,0.3621,ALL_PURPOSE,123456789,"{""run_as"": {""email"": ""user02@example.com""}, ""actor_type"": ""user""}"
2026-02-06T20:00:00,2026-02-06T21:00:00,0.0066,ALL_PURPOSE,123456789,"{""run_as"": {""email"": ""user02@example.com""}, ""actor_type"": ""user""}"
2026-02-06T21:00:00,2026-02-06T22:00:00,0.0,ALL_PURPOSE,123456789,"{""run_as"": {""email"": ""user02@example.com""}, ""actor_type"": ""user""}"
2026-02-06T22:00:00,2026-02-06T23:00:00,0.1717,ALL_PURPOSE,123456789,"{""run_as"": {""email"": ""user02@example.com""}, ""actor_type"": ""user""}"
2026-02-06T23:00:00,2026-02-07T00:00:00,0.0,ALL_PURPOSE,123456789,"{""run_as"": {""email"": ""user02@example.com""}, ""actor_type"": ""user""}"
2026-02-07T00:00:00,2026-02-07T01:00:00,0.8581,ALL_PURPOSE,123456789,"{""run_as"": {""email"": ""user02@example.com""}, ""actor_type"": ""user""}"
2026-02-07T01:00:00,2026-02-07T02:00:00,0.3953,ALL_PURPOSE,123456789,"{""run_as"": {""email"": ""user02@example.com""}, ""actor_type"": ""user""}"
2026-02-07T02:00:00,2026-02-07T03:00:00,0.1881,ALL_PURPOSE,123456789,"{""run_as"": {""email"": ""user02@example.com""}, ""actor_type"": ""user""}"
2026-02-07T03:00:00,2026-02-07T04:00:00,0.7534,ALL_PURPOSE,123456789,"{""run_as"": {""email"": ""user02@example.com""}, ""actor_type"": ""user""}"
2026-02-07T04:00:00,2026-02-07T05:00:00,0.2932,ALL_PURPOSE,123456789,"{""run_as"": {""email"": ""user02@example.com""}, ""actor_type"": ""user""}"
2026-02-07T05:00:00,2026-02-07T06:00:00,0.4251,ALL_PURPOSE,123456789,"{""run_as"": {""email"": ""user02@example.com""}, ""actor_type"": ""user""}"
2026-02-07T06:00:00,2026-02-07T07:00:00,0.3254,ALL_PURPOSE,123456789,"{""run_as"": {""email"": ""user02@example.com""}, ""actor_type"": ""user""}"
2026-02-07T07:00:00,2026-02-07T08:00:00,0.3117,ALL_PURPOSE,123456789,"{""run_as"": {""email"": ""user02@example.com""}, ""actor_type"": ""user""}"
2026-02-07T08:00:00,2026-02-07T09:00:00,0.2782,ALL_PURPOSE,123456789,"{""run_as"": {""email"": ""user02@example.com""}, ""actor_type"": ""user""}"
2026-02-07T09:00:00,2026-02-07T10:00:00,0.0,ALL_PURPOSE,123456789,"{""run_as"": {""email"": ""user02@example.com""}, ""actor_type"": ""user""}"
2026-02-07T10:00:00,2026-02-07T11:00:00,0.3105,ALL_PURPOSE,123456789,"{""run_as"": {""email"": ""user02@example.com""}, ""actor_type"": ""user""}"
2026-02-07T11:00:00,2026-02-07T12:00:00,0.0,ALL_PURPOSE,123456789,"{""run_as"": {""email"": ""user02@example.com""}, ""actor_type"": ""user""}"
2026-02-07T12:00:00,2026-02-07T13:00:00,0.0,ALL_PURPOSE,123456789,"{""run_as"": {""email"": ""user02@example.com""}, ""actor_type"": ""user""}"
2026-02-07T13:00:00,2026-02-07T14:00:00,0.3733,ALL_PURPOSE,123456789,"{""run_as"": {""email"": ""user02@example.com""}, ""actor_type"": ""user""}"
2026-02-07T14:00:00,2026-02-07T15:00:00,0.3956,ALL_PURPOSE,123456789,"{""run_as"": {""email"": ""user02@example.com""}, ""actor_type"": ""user""}"
2026-02-07T15:00:00,2026-02-07T16:00:00,0.1013,ALL_PURPOSE,123456789,"{""run_as"": {""email"": ""user02@example.com""}, ""actor_type"": ""user""}"
2026-02-07T16:00:00,2026-02-07T17:00:00,0.0764,ALL_PURPOSE,123456789,"{""run_as"": {""email"": ""user02@example.com""}, ""actor_type"": ""user""}"
2026-02-07T17:00:00,2026-02-07T18:00:00,0.3123,ALL_PURPOSE,123456789,"{""run_as"": {""email"": ""user02@example.com""}, ""actor_type"": ""user""}"
2026-02-07T18:00:00,2026-02-07T19:00:00,0.0,ALL_PURPOSE,123456789,"{""run_as"": {""email"": ""user02@example.com""}, ""actor_type"": ""user""}"
2026-02-07T19:00:00,2026-02-07T20:00:00,0.1472,ALL_PURPOSE,123456789,"{""run_as"": {""email"": ""user02@example.com""}, ""actor_type"": ""user""}"
2026-02-07T20:00:00,2026-02-07T21:00:00,0.2973,ALL_PURPOSE,123456789,"{""run_as"": {""email"": ""user02@example.com""}, ""actor_type"": ""user""}"
2026-02-07T21:00:00,2026-02-07T22:00:00,0.1547,ALL_PURPOSE,123456789,"{""run_as"": {""email"": ""user02@example.com""}, ""actor_type"": ""user""}"
2026-02-07T22:00:00,2026-02-07T23:00:00,0.1985,ALL_PURPOSE,123456789,"{""run_as"": {""email"": ""user02@example.com""}, ""actor_type"": ""user""}"
2026-02-07T23:00:00,2026-02-08T00:00:00,0.2077,ALL_PURPOSE,123456789,"{""run_as"": {""email"": ""user02@example.com""}, ""actor_type"": ""user""}"
2026-02-08T00:00:00,2026-02-08T01:00:00,0.0316,ALL_PURPOSE,123456789,"{""run_as"": {""email"": ""user02@example.com""}, ""actor_type"": ""user""}"
2026-02-08T01:00:00,2026-02-08T02:00:00,0.3742,ALL_PURPOSE,123456789,"{""run_as"": {""email"": ""user02@example.com""}, ""actor_type"": ""user""}"
2026-02-08T02:00:00,2026-02-08T03:00:00,0.1226,ALL_PURPOSE,123456789,"{""run_as"": {""email"": ""user02@example.com""}, ""actor_type"": ""user""}"
2026-02-08T03:00:00,2026-02-08T04:00:00,0.0,ALL_PURPOSE,123456789,"{""run_as"": {""email"": ""user02@example.com""}, ""actor_type"": ""user""}"
2026-02-08T04:00:00,2026-02-08T05:00:00,0.348,ALL_PURPOSE,123456789,"{""run_as"": {""email"": ""user02@example.com""}, ""actor_type"": ""user""}"
2026-02-08T05:00:00,2026-02-08T06:00:00,0.1098,ALL_PURPOSE,123456789,"{""run_as"": {""email"": ""user02@example.com""}, ""actor_type"": ""user""}"
2026-02-08T06:00:00,2026-02-08T07:00:00,0.03,ALL_PURPOSE,123456789,"{""run_as"": {""email"": ""user02@example.com""}, ""actor_type"": ""user""}"
2026-02-08T07:00:00,2026-02-08T08:00:00,0.1453,ALL_PURPOSE,123456789,"{""run_as"": {""email"": ""user02@example.com""}, ""actor_type"": ""user""}"
2026-02-08T08:00:00,2026-02-08T09:00:00,0.2718,ALL_PURPOSE,123456789,"{""run_as"": {""email"": ""user02@example.com""}, ""actor_type"": ""user""}"
2026-02-08T09:00:00,2026-02-08T10:00:00,0.0571,ALL_PURPOSE,123456789,"{""run_as"": {""email"": ""user02@example.com""}, ""actor_type"": ""user""}"
2026-02-08T10:00:00,2026-02-08T11:00:00,0.0,ALL_PURPOSE,123456789,"{""run_as"": {""email"": ""user02@example.com""}, ""actor_type"": ""user""}"
2026-02-08T11:00:00,2026-02-08T12:00:00,0.0269,ALL_PURPOSE,123456789,"{""run_as"": {""email"": ""user02@example.com""}, ""actor_type"": ""user""}"
2026-02-08T12:00:00,2026-02-08T13:00:00,0.1465,ALL_PURPOSE,123456789,"{""run_as"": {""email"": ""user02@example.com""}, ""actor_type"": ""user""}"
2026-02-08T13:00:00,2026-02-08T14:00:00,0.2269,ALL_PURPOSE,123456789,"{""run_as"": {""email"": ""user02@example.com""}, ""actor_type"": ""user""}"
2026-02-08T14:00:00,2026-02-08T15:00:00,0.2716,ALL_PURPOSE,123456789,"{""run_as"": {""email"": ""user02@example.com""}, ""actor_type"": ""user""}"
2026-02-08T15:00:00,2026-02-08T16:00:00,0.1488,ALL_PURPOSE,123456789,"{""run_as"": {""email"": ""user02@example.com""}, ""actor_type"": ""user""}"
2026-02-08T16:00:00,2026-02-08T17:00:00,0.2296,ALL_PURPOSE,123456789,"{""run_as"": {""email"": ""user02@example.com""}, ""actor_type"": ""user""}"
2026-02-08T17:00:00,2026-02-08T18:00:00,0.1592,ALL_PURPOSE,123456789,"{""run_as"": {""email"": ""user02@example.com""}, ""actor_type"": ""user""}"
2026-02-08T18:00:00,2026-02-08T19:00:00,0.0,ALL_PURPOSE,123456789,"{""run_as"": {""email"": ""user02@example.com""}, ""actor_type"": ""user""}"
2026-02-08T19:00:00,2026-02-08T20:00:00,0.2943,ALL_PURPOSE,123456789,"{""run_as"": {""email"": ""user02@example.com""}, ""actor_type"": ""user""}"
2026-02-08T20:00:00,2026-02-08T21:00:00,0.1548,ALL_PURPOSE,123456789,"{""run_as"": {""email"": ""user02@example.com""}, ""actor_type"": ""user""}"
2026-02-08T21:00:00,2026-02-08T22:00:00,0.1047,ALL_PURPOSE,123456789,"{""run_as"": {""email"": ""user02@example.com""}, ""actor_type"": ""user""}"
2026-02-08T22:00:00,2026-02-08T23:00:00,0.1785,ALL_PURPOSE,123456789,"{""run_as"": {""email"": ""user02@example.com""}, ""actor_type"": ""user""}"
2026-02-08T23:00:00,2026-02-09T00:00:00,0.0,ALL_PURPOSE,123456789,"{""run_as"": {""email"": ""user02@example.com""}, ""actor_type"": ""user""}"
2026-02-09T00:00:00,2026-02-09T01:00:00,0.3411,ALL_PURPOSE,123456789,"{""run_as"": {""email"": ""user02@example.com""}, ""actor_type"": ""user""}"
2026-02-09T01:00:00,2026-02-09T02:00:00,0.7554,ALL_PURPOSE,123456789,"{""run_as"": {""email"": ""user02@example.com""}, ""actor_type"": ""user""}"
2026-02-09T02:00:00,2026-02-09T03:00:00,0.2733,ALL_PURPOSE,123456789,"{""run_as"": {""email"": ""user02@example.com""}, ""actor_type"": ""user""}"
2026-02-09T03:00:00,2026-02-09T04:00:00,0.3565,ALL_PURPOSE,123456789,"{""run_as"": {""email"": ""user02@example.com""}, ""actor_type"": ""user""}"
2026-02-09T04:00:00,2026-02-09T05:00:00,0.3709,ALL_PURPOSE,123456789,"{""run_as"": {""email"": ""user02@example.com""}, ""actor_type"": ""user""}"
2026-02-09T05:00:00,2026-02-09T06:00:00,0.0,ALL_PURPOSE,123456789,"{""run_as"": {""email"": ""user02@example.com""}, ""actor_type"": ""user""}"
2026-02-09T06:00:00,2026-02-09T07:00:00,0.0,ALL_PURPOSE,123456789,"{""run_as"": {""email"": ""user02@example.com""}, ""actor_type"": ""user""}"
2026-02-09T07:00:00,2026-02-09T08:00:00,0.2216,ALL_PURPOSE,123456789,"{""run_as"": {""email"": ""user02@example.com""}, ""actor_type"": ""user""}"
2026-02-09T08:00:00,2026-02-09T09:00:00,0.3215,ALL_PURPOSE,123456789,"{""run_as"": {""email"": ""user02@example.com""}, ""actor_type"": ""user""}"
2026-02-09T09:00:00,2026-02-09T10:00:00,0.0,ALL_PURPOSE,123456789,"{""run_as"": {""email"": ""user02@example.com""}, ""actor_type"": ""user""}"
2026-02-09T10:00:00,2026-02-09T11:00:00,0.1237,ALL_PURPOSE,123456789,"{""run_as"": {""email"": ""user02@example.com""}, ""actor_type"": ""user""}"
2026-02-09T11:00:00,2026-02-09T12:00:00,0.2875,ALL_PURPOSE,123456789,"{""run_as"": {""email"": ""user02@example.com""}, ""actor_type"": ""user""}"
2026-02-09T12:00:00,2026-02-09T13:00:00,0.3077,ALL_PURPOSE,123456789,"{""run_as"": {""email"": ""user02@example.com""}, ""actor_type"": ""user""}"
2026-02-09T13:00:00,2026-02-09T14:00:00,0.0295,ALL_PURPOSE,123456789,"{""run_as"": {""email"": ""user02@example.com""}, ""actor_type"": ""user""}"
2026-02-09T14:00:00,2026-02-09T15:00:00,0.2569,ALL_PURPOSE,123456789,"{""run_as"": {""email"": ""user02@example.com""}, ""actor_type"": ""user""}"
2026-02-09T15:00:00,2026-02-09T16:00:00,0.272,ALL_PURPOSE,123456789,"{""run_as"": {""email"": ""user02@example.com""}, ""actor_type"": ""user""}"
2026-02-09T16:00:00,2026-02-09T17:00:00,0.3512,ALL_PURPOSE,123456789,"{""run_as"": {""email"": ""user02@example.com""}, ""actor_type"": ""user""}"
2026-02-09T17:00:00,2026-02-09T18:00:00,0.2559,ALL_PURPOSE,123456789,"{""run_as"": {""email"": ""user02@example.com""}, ""actor_type"": ""user""}"
2026-02-09T18:00:00,2026-02-09T19:00:00,0.3865,ALL_PURPOSE,123456789,"{""run_as"": {""email"": ""user02@example.com""}, ""actor_type"": ""user""}"
2026-02-09T19:00:00,2026-02-09T20:00:00,0.0,ALL_PURPOSE,123456789,"{""run_as"": {""email"": ""user02@example.com""}, ""actor_type"": ""user""}"
2026-02-09T20:00:00,2026-02-09T21:00:00,0.0497,ALL_PURPOSE,123456789,"{""run_as"": {""email"": ""user02@example.com""}, ""actor_type"": ""user""}"
2026-02-02T21:00:00,2026-02-02T22:00:00,0.0659,ALL_PURPOSE,123456789,"{""run_as"": {""email"": ""user03@example.com""}, ""actor_type"": ""user""}"
2026-02-02T22:00:00,2026-02-02T23:00:00,1.0424,ALL_PURPOSE,123456789,"{""run_as"": {""email"": ""user03@example.com""}, ""actor_type"": ""user""}"
2026-02-02T23:00:00,2026-02-03T00:00:00,0.8829,ALL_PURPOSE,123456789,"{""run_as"": {""email"": ""user03@example.com""}, ""actor_type"": ""user""}"
2026-02-03T00:00:00,2026-02-03T01:00:00,0.5235,ALL_PURPOSE,123456789,"{""run_as"": {""email"": ""user03@example.com""}, ""actor_type"": ""user""}"
2026-02-03T01:00:00,2026-02-03T02:00:00,0.0675,ALL_PURPOSE,123456789,"{""run_as"": {""email"": ""user03@example.com""}, ""actor_type"": ""user""}"
2026-02-03T02:00:00,2026-02-03T03:00:00,0.2635,ALL_PURPOSE,123456789,"{""run_as"": {""email"": ""user03@example.com""}, ""actor_type"": ""user""}"
2026-02-03T03:00:00,2026-02-03T04:00:00,0.337,ALL_PURPOSE,123456789,"{""run_as"": {""email"": ""user03@example.com""}, ""actor_type"": ""user""}"
2026-02-03T04:00:00,2026-02-03T05:00:00,0.5604,ALL_PURPOSE,123456789,"{""run_as"": {""email"": ""user03@example.com""}, ""actor_type"": ""user""}"
2026-02-03T05:00:00,2026-02-03T06:00:00,0.2605,ALL_PURPOSE,123456789,"{""run_as"": {""email"": ""user03@example.com""}, ""actor_type"": ""user""}"
2026-02-03T06:00:00,2026-02-03T07:00:00,0.2556,ALL_PURPOSE,123456789,"{""run_as"": {""email"": ""user03@example.com""}, ""actor_type"": ""user""}"
2026-02-03T07:00:00,2026-02-03T08:00:00,0.2509,ALL_PURPOSE,123456789,"{""run_as"": {""email"": ""user03@example.com""}, ""actor_type"": ""user""}"
2026-02-03T08:00:00,2026-02-03T09:00:00,0.3827,ALL_PURPOSE,123456789,"{""run_as"": {""email"": ""user03@example.com""}, ""actor_type"": ""user""}"
2026-02-03T09:00:00,2026-02-03T10:00:00,0.3219,ALL_PURPOSE,123456789,"{""run_as"": {""email"": ""user03@example.com""}, ""actor_type"": ""user""}"
2026-02-03T10:00:00,2026-02-03T11:00:00,0.0,ALL_PURPOSE,123456789,"{""run_as"": {""email"": ""user03@example.com""}, ""actor_type"": ""user""}"
2026-02-03T11:00:00,2026-02-03T12:00:00,0.024,ALL_PURPOSE,123456789,"{""run_as"": {""email"": ""user03@example.com""}, ""actor_type"": ""user""}"
2026-02-03T12:00:00,2026-02-03T13:00:00,0.1937,ALL_PURPOSE,123456789,"{""run_as"": {""email"": ""user03@example.com""}, ""actor_type"": ""user""}"
2026-02-03T13:00:00,2026-02-03T14:00:00,0.2427,ALL_PURPOSE,123456789,"{""run_as"": {""email"": ""user03@example.com""}, ""actor_type"": ""user""}"
2026-02-03T14:00:00,2026-02-03T15:00:00,0.2873,ALL_PURPOSE,123456789,"{""run_as"": {""email"": ""user03@example.com""}, ""actor_type"": ""user""}"
2026-02-03T15:00:00,2026-02-03T16:00:00,0.3443,ALL_PURPOSE,123456789,"{""run_as"": {""email"": ""user03@example.com""}, ""actor_type"": ""user""}"
2026-02-03T16:00:00,2026-02-03T17:00:00,0.0523,ALL_PURPOSE,123456789,"{""run_as"": {""email"": ""user03@example.com""}, ""actor_type"": ""user""}"
2026-02-03T17:00:00,2026-02-03T18:00:00,0.2247,ALL_PURPOSE,123456789,"{""run_as"": {""email"": ""user03@example.com""}, ""actor_type"": ""user""}"
2026-02-03T18:00:00,2026-02-03T19:00:00,0.1866,ALL_PURPOSE,123456789,"{""run_as"": {""email"": ""user03@example.com""}, ""actor_type"": ""user""}"
2026-02-03T19:00:00,2026-02-03T20:00:00,0.0,ALL_PURPOSE,123456789,"{""run_as"": {""email"": ""user03@example.com""}, ""actor_type"": ""user""}"
2026-02-03T20:00:00,2026-02-03T21:00:00,0.1161,ALL_PURPOSE,123456789,"{""run_as"": {""email"": ""user03@example.com""}, ""actor_type"": ""user""}"
2026-02-03T21:00:00,2026-02-03T22:00:00,0.2462,ALL_PURPOSE,123456789,"{""run_as"": {""email"": ""user03@example.com""}, ""actor_type"": ""user""}"
2026-02-03T22:00:00,2026-02-03T23:00:00,0.6753,ALL_PURPOSE,123456789,"{""run_as"": {""email"": ""user03@example.com""}, ""actor_type"": ""user""}"
2026-02-03T23:00:00,2026-02-04T00:00:00,0.1251,ALL_PURPOSE,123456789,"{""run_as"": {""email"": ""user03@example.com""}, ""actor_type"": ""user""}"
2026-02-04T00:00:00,2026-02-04T01:00:00,0.2059,ALL_PURPOSE,123456789,"{""run_as"": {""email"": ""user03@example.com""}, ""actor_type"": ""user""}"
2026-02-04T01:00:00,2026-02-04T02:00:00,0.0093,ALL_PURPOSE,123456789,"{""run_as"": {""email"": ""user03@example.com""}, ""actor_type"": ""user""}"
2026-02-04T02:00:00,2026-02-04T03:00:00,0.0,ALL_PURPOSE,123456789,"{""run_as"": {""email"": ""user03@example.com""}, ""actor_type"": ""user""}"
2026-02-04T03:00:00,2026-02-04T04:00:00,0.198,ALL_PURPOSE,123456789,"{""run_as"": {""email"": ""user03@example.com""}, ""actor_type"": ""user""}"
2026-02-04T04:00:00,2026-02-04T05:00:00,0.1882,ALL_PURPOSE,123456789,"{""run_as"": {""email"": ""user03@example.com""}, ""actor_type"": ""user""}"
2026-02-04T05:00:00,2026-02-04T06:00:00,0.1724,ALL_PURPOSE,123456789,"{""run_as"": {""email"": ""user03@example.com""}, ""actor_type"": ""user""}"
2026-02-04T06:00:00,2026-02-04T07:00:00,0.3055,ALL_PURPOSE,123456789,"{""run_as"": {""email"": ""user03@example.com""}, ""actor_type"": ""user""}"
2026-02-04T07:00:00,2026-02-04T08:00:00,0.1602,ALL_PURPOSE,123456789,"{""run_as"": {""email"": ""user03@example.com""}, ""actor_type"": ""user""}"
2026-02-04T08:00:00,2026-02-04T09:00:00,0.0779,ALL_PURPOSE,123456789,"{""run_as"": {""email"": ""user03@example.com""}, ""actor_type"": ""user""}"
2026-02-04T09:00:00,2026-02-04T10:00:00,0.0294,ALL_PURPOSE,123456789,"{""run_as"": {""email"": ""user03@example.com""}, ""actor_type"": ""user""}"
2026-02-04T10:00:00,2026-02-04T11:00:00,0.3058,ALL_PURPOSE,123456789,"{""run_as"": {""email"": ""user03@example.com""}, ""actor_type"": ""user""}"
2026-02-04T11:00:00,2026-02-04T12:00:00,0.3956,ALL_PURPOSE,123456789,"{""run_as"": {""email"": ""user03@example.com""}, ""actor_type"": ""user""}"
2026-02-04T12:00:00,2026-02-04T13:00:00,0.0475,ALL_PURPOSE,123456789,"{""run_as"": {""email"": ""user03@example.com""}, ""actor_type"": ""user""}"
2026-02-04T13:00:00,2026-02-04T14:00:00,0.1576,ALL_PURPOSE,123456789,"{""run_as"": {""email"": ""user03@example.com""}, ""actor_type"": ""user""}"
2026-02-04T14:00:00,2026-02-04T15:00:00,0.1356,ALL_PURPOSE,123456789,"{""run_as"": {""email"": ""user03@example.com""}, ""actor_type"": ""user""}"
2026-02-04T15:00:00,2026-02-04T16:00:00,0.302,ALL_PURPOSE,123456789,"{""run_as"": {""email"": ""user03@example.com""}, ""actor_type"": ""user""}"
2026-02-04T16:00:00,2026-02-04T17:00:00,0.2036,ALL_PURPOSE,123456789,"{""run_as"": {""email"": ""user03@example.com""}, ""actor_type"": ""user""}"
2026-02-04T17:00:00,2026-02-04T18:00:00,0.0,ALL_PURPOSE,123456789,"{""run_as"": {""email"": ""user03@example.com""}, ""actor_type"": ""user""}"
2026-02-04T18:00:00,2026-02-04T19:00:00,0.1332,ALL_PURPOSE,123456789,"{""run_as"": {""email"": ""user03@example.com""}, ""actor_type"": ""user""}"
2026-02-04T19:00:00,2026-02-04T20:00:00,0.1828,ALL_PURPOSE,123456789,"{""run_as"": {""email"": ""user03@example.com""}, ""actor_type"": ""user""}"
2026-02-04T20:00:00,2026-02-04T21:00:00,0.2062,ALL_PURPOSE,123456789,"{""run_as"": {""email"": ""user03@example.com""}, ""actor_type"": ""user""}"
2026-02-04T21:00:00,2026-02-04T22:00:00,0.2452,ALL_PURPOSE,123456789,"{""run_as"": {""email"": ""user03@example.com""}, ""actor_type"": ""user""}"
2026-02-04T22:00:00,2026-02-04T23:00:00,0.3962,ALL_PURPOSE,123456789,"{""run_as"": {""email"": ""user03@example.com""}, ""actor_type"": ""user""}"
2026-02-04T23:00:00,2026-02-05T00:00:00,0.1345,ALL_PURPOSE,123456789,"{""run_as"": {""email"": ""user03@example.com""}, ""actor_type"": ""user""}"
2026-02-05T00:00:00,2026-02-05T01:00:00,0.9545,ALL_PURPOSE,123456789,"{""run_as"": {""email"": ""user03@example.com""}, ""actor_type"": ""user""}"
2026-02-05T01:00:00,2026-02-05T02:00:00,0.2695,ALL_PURPOSE,123456789,"{""run_as"": {""email"": ""user03@example.com""}, ""actor_type"": ""user""}"
2026-02-05T02:00:00,2026-02-05T03:00:00,0.3187,ALL_PURPOSE,123456789,"{""run_as"": {""email"": ""user03@example.com""}, ""actor_type"": ""user""}"
2026-02-05T03:00:00,2026-02-05T04:00:00,0.0107,ALL_PURPOSE,123456789,"{""run_as"": {""email"": ""user03@example.com""}, ""actor_type"": ""user""}"
2026-02-05T04:00:00,2026-02-05T05:00:00,0.3132,ALL_PURPOSE,123456789,"{""run_as"": {""email"": ""user03@example.com""}, ""actor_type"": ""user""}"
2026-02-05T05:00:00,2026-02-05T06:00:00,0.2886,ALL_PURPOSE,123456789,"{""run_as"": {""email"": ""user03@example.com""}, ""actor_type"": ""user""}"
2026-02-05T06:00:00,2026-02-05T07:00:00,0.2516,ALL_PURPOSE,123456789,"{""run_as"": {""email"": ""user03@example.com""}, ""actor_type"": ""user""}"
2026-02-05T07:00:00,2026-02-05T08:00:00,0.0,ALL_PURPOSE,123456789,"{""run_as"": {""email"": ""user03@example.com""}, ""actor_type"": ""user""}"
2026-02-05T08:00:00,2026-02-05T09:00:00,0.0,ALL_PURPOSE,123456789,"{""run_as"": {""email"": ""user03@example.com""}, ""actor_type"": ""user""}"
2026-02-05T09:00:00,2026-02-05T10:00:00,0.0,ALL_PURPOSE,123456789,"{""run_as"": {""email"": ""user03@example.com""}, ""actor_type"": ""user""}"
2026-02-05T10:00:00,2026-02-05T11:00:00,0.0076,ALL_PURPOSE,123456789,"{""run_as"": {""email"": ""user03@example.com""}, ""actor_type"": ""user""}"
2026-02-05T11:00:00,2026-02-05T12:00:00,0.0606,ALL_PURPOSE,123456789,"{""run_as"": {""email"": ""user03@example.com""}, ""actor_type"": ""user""}"
2026-02-05T12:00:00,2026-02-05T13:00:00,0.1642,ALL_PURPOSE,123456789,"{""run_as"": {""email"": ""user03@example.com""}, ""actor_type"": ""user""}"
2026-02-05T13:00:00,2026-02-05T14:00:00,0.3682,ALL_PURPOSE,123456789,"{""run_as"": {""email"": ""user03@example.com""}, ""actor_type"": ""user""}"
2026-02-05T14:00:00,2026-02-05T15:00:00,0.0,ALL_PURPOSE,123456789,"{""run_as"": {""email"": ""user03@example.com""}, ""actor_type"": ""user""}"
2026-02-05T15:00:00,2026-02-05T16:00:00,0.0552,ALL_PURPOSE,123456789,"{""run_as"": {""email"": ""user03@example.com""}, ""actor_type"": ""user""}"
2026-02-05T16:00:00,2026-02-05T17:00:00,0.13,ALL_PURPOSE,123456789,"{""run_as"": {""email"": ""user03@example.com""}, ""actor_type"": ""user""}"
2026-02-05T17:00:00,2026-02-05T18:00:00,0.2102,ALL_PURPOSE,123456789,"{""run_as"": {""email"": ""user03@example.com""}, ""actor_type"": ""user""}"
2026-02-05T18:00:00,2026-02-05T19:00:00,0.0693,ALL_PURPOSE,123456789,"{""run_as"": {""email"": ""user03@example.com""}, ""actor_type"": ""user""}"
2026-02-05T19:00:00,2026-02-05T20:00:00,0.1369,ALL_PURPOSE,123456789,"{""run_as"": {""email"": ""user03@example.com""}, ""actor_type"": ""user""}"
2026-02-05T20:00:00,2026-02-05T21:00:00,0.3088,ALL_PURPOSE,123456789,"{""run_as"": {""email"": ""user03@example.com""}, ""actor_type"": ""user""}"
2026-02-05T21:00:00,2026-02-05T22:00:00,0.2573,ALL_PURPOSE,123456789,"{""run_as"": {""email"": ""user03@example.com""}, ""actor_type"": ""user""}"
2026-02-05T22:00:00,2026-02-05T23:00:00,0.5166,ALL_PURPOSE,123456789,"{""run_as"": {""email"": ""user03@example.com""}, ""actor_type"": ""user""}"
2026-02-05T23:00:00,2026-02-06T00:00:00,0.0899,ALL_PURPOSE,123456789,"{""run_as"": {""email"": ""user03@example.com""}, ""actor_type"": ""user""}"
2026-02-06T00:00:00,2026-02-06T01:00:00,0.7091,ALL_PURPOSE,123456789,"{""run_as"": {""email"": ""user03@example.com""}, ""actor_type"": ""user""}"
2026-02-06T01:00:00,2026-02-06T02:00:00,0.1395,ALL_PURPOSE,123456789,"{""run_as"": {""email"": ""user03@example.com""}, ""actor_type"": ""user""}"
2026-02-06T02:00:00,2026-02-06T03:00:00,0.683,ALL_PURPOSE,123456789,"{""run_as"": {""email"": ""user03@example.com""}, ""actor_type"": ""user""}"
2026-02-06T03:00:00,2026-02-06T04:00:00,0.3921,ALL_PURPOSE,123456789,"{""run_as"": {""email"": ""user03@example.com""}, ""actor_type"": ""user""}"
2026-02-06T04:00:00,2026-02-06T05:00:00,0.6232,ALL_PURPOSE,123456789,"{""run_as"": {""email"": ""user03@example.com""}, ""actor_type"": ""user""}"
2026-02-06T05:00:00,2026-02-06T06:00:00,0.1385,ALL_PURPOSE,123456789,"{""run_as"": {""email"": ""user03@example.com""}, ""actor_type"": ""user""}"
2026-02-06T06:00:00,2026-02-06T07:00:00,0.1916,ALL_PURPOSE,123456789,"{""run_as"": {""email"": ""user03@example.com""}, ""actor_type"": ""user""}"
2026-02-06T07:00:00,2026-02-06T08:00:00,0.2154,ALL_PURPOSE,123456789,"{""run_as"": {""email"": ""user03@example.com""}, ""actor_type"": ""user""}"
2026-02-06T08:00:00,2026-02-06T09:00:00,0.0,ALL_PURPOSE,123456789,"{""run_as"": {""email"": ""user03@example.com""}, ""actor_type"": ""user""}"
2026-02-06T09:00:00,2026-02-06T10:00:00,0.2463,ALL_PURPOSE,123456789,"{""run_as"": {""email"": ""user03@example.com""}, ""actor_type"": ""user""}"
2026-02-06T10:00:00,2026-02-06T11:00:00,0.097,ALL_PURPOSE,123456789,"{""run_as"": {""email"": ""user03@example.com""}, ""actor_type"": ""user""}"
2026-02-06T11:00:00,2026-02-06T12:00:00,0.2124,ALL_PURPOSE,123456789,"{""run_as"": {""email"": ""user03@example.com""}, ""actor_type"": ""user""}"
2026-02-06T12:00:00,2026-02-06T13:00:00,0.021,ALL_PURPOSE,123456789,"{""run_as"": {""email"": ""user03@example.com""}, ""actor_type"": ""user""}"
2026-02-06T13:00:00,2026-02-06T14:00:00,0.0,ALL_PURPOSE,123456789,"{""run_as"": {""email"": ""user03@example.com""}, ""actor_type"": ""user""}"
2026-02-06T14:00:00,2026-02-06T15:00:00,0.0,ALL_PURPOSE,123456789,"{""run_as"": {""email"": ""user03@example.com""}, ""actor_type"": ""user""}"
2026-02-06T15:00:00,2026-02-06T16:00:00,0.2201,ALL_PURPOSE,123456789,"{""run_as"": {""email"": ""user03@example.com""}, ""actor_type"": ""user""}"
2026-02-06T16:00:00,2026-02-06T17:00:00,0.1628,ALL_PURPOSE,123456789,"{""run_as"": {""email"": ""user03@example.com""}, ""actor_type"": ""user""}"
2026-02-06T17:00:00,2026-02-06T18:00:00,0.3514,ALL_PURPOSE,123456789,"{""run_as"": {""email"": ""user03@example.com""}, ""actor_type"": ""user""}"
2026-02-06T18:00:00,2026-02-06T19:00:00,0.0798,ALL_PURPOSE,123456789,"{""run_as"": {""email"": ""user03@example.com""}, ""actor_type"": ""user""}"
2026-02-06T19:00:00,2026-02-06T20:00:00,0.1285,ALL_PURPOSE,123456789,"{""run_as"": {""email"": ""user03@example.com""}, ""actor_type"": ""user""}"
2026-02-06T20:00:00,2026-02-06T21:00:00,0.0,ALL_PURPOSE,123456789,"{""run_as"": {""email"": ""user03@example.com""}, ""actor_type"": ""user""}"
2026-02-06T21:00:00,2026-02-06T22:00:00,0.2297,ALL_PURPOSE,123456789,"{""run_as"": {""email"": ""user03@example.com""}, ""actor_type"": ""user""}"
2026-02-06T22:00:00,2026-02-06T23:00:00,0.2892,ALL_PURPOSE,123456789,"{""run_as"": {""email"": ""user03@example.com""}, ""actor_type"": ""user""}"
2026-02-06T23:00:00,2026-02-07T00:00:00,0.07,ALL_PURPOSE,123456789,"{""run_as"": {""email"": ""user03@example.com""}, ""actor_type"": ""user""}"
2026-02-07T00:00:00,2026-02-07T01:00:00,0.3679,ALL_PURPOSE,123456789,"{""run_as"": {""email"": ""user03@example.com""}, ""actor_type"": ""user""}"
2026-02-07T01:00:00,2026-02-07T02:00:00,0.1982,ALL_PURPOSE,123456789,"{""run_as"": {""email"": ""user03@example.com""}, ""actor_type"": ""user""}"
2026-02-07T02:00:00,2026-02-07T03:00:00,0.0,ALL_PURPOSE,123456789,"{""run_as"": {""email"": ""user03@example.com""}, ""actor_type"": ""user""}"
2026-02-07T03:00:00,2026-02-07T04:00:00,1.0153,ALL_PURPOSE,123456789,"{""run_as"": {""email"": ""user03@example.com""}, ""actor_type"": ""user""}"
2026-02-07T04:00:00,2026-02-07T05:00:00,0.3956,ALL_PURPOSE,123456789,"{""run_as"": {""email"": ""user03@example.com""}, ""actor_type"": ""user""}"
2026-02-07T05:00:00,2026-02-07T06:00:00,0.3754,ALL_PURPOSE,123456789,"{""run_as"": {""email"": ""user03@example.com""}, ""actor_type"": ""user""}"
2026-02-07T06:00:00,2026-02-07T07:00:00,0.0,ALL_PURPOSE,123456789,"{""run_as"": {""email"": ""user03@example.com""}, ""actor_type"": ""user""}"
2026-02-07T07:00:00,2026-02-07T08:00:00,0.065,ALL_PURPOSE,123456789,"{""run_as"": {""email"": ""user03@example.com""}, ""actor_type"": ""user""}"
2026-02-07T08:00:00,2026-02-07T09:00:00,0.1029,ALL_PURPOSE,123456789,"{""run_as"": {""email"": ""user03@example.com""}, ""actor_type"": ""user""}"
2026-02-07T09:00:00,2026-02-07T10:00:00,0.2946,ALL_PURPOSE,123456789,"{""run_as"": {""email"": ""user03@example.com""}, ""actor_type"": ""user""}"
2026-02-07T10:00:00,2026-02-07T11:00:00,0.2271,ALL_PURPOSE,123456789,"{""run_as"": {""email"": ""user03@example.com""}, ""actor_type"": ""user""}"
2026-02-07T11:00:00,2026-02-07T12:00:00,0.0702,ALL_PURPOSE,123456789,"{""run_as"": {""email"": ""user03@example.com""}, ""actor_type"": ""user""}"
2026-02-07T12:00:00,2026-02-07T13:00:00,0.3588,ALL_PURPOSE,123456789,"{""run_as"": {""email"": ""user03@example.com""}, ""actor_type"": ""user""}"
2026-02-07T13:00:00,2026-02-07T14:00:00,0.0,ALL_PURPOSE,123456789,"{""run_as"": {""email"": ""user03@example.com""}, ""actor_type"": ""user""}"
2026-02-07T14:00:00,2026-02-07T15:00:00,0.2677,ALL_PURPOSE,123456789,"{""run_as"": {""email"": ""user03@example.com""}, ""actor_type"": ""user""}"
2026-02-07T15:00:00,2026-02-07T16:00:00,0.0562,ALL_PURPOSE,123456789,"{""run_as"": {""email"": ""user03@example.com""}, ""actor_type"": ""user""}"
2026-02-07T16:00:00,2026-02-07T17:00:00,0.0992,ALL_PURPOSE,123456789,"{""run_as"": {""email"": ""user03@example.com""}, ""actor_type"": ""user""}"
2026-02-07T17:00:00,2026-02-07T18:00:00,0.0942,ALL_PURPOSE,123456789,"{""run_as"": {""email"": ""user03@example.com""}, ""actor_type"": ""user""}"
2026-02-07T18:00:00,2026-02-07T19:00:00,0.3816,ALL_PURPOSE,123456789,"{""run_as"": {""email"": ""user03@example.com""}, ""actor_type"": ""user""}"
2026-02-07T19:00:00,2026-02-07T20:00:00,0.0,ALL_PURPOSE,123456789,"{""run_as"": {""email"": ""user03@example.com""}, ""actor_type"": ""user""}"
2026-02-07T20:00:00,2026-02-07T21:00:00,0.2615,ALL_PURPOSE,123456789,"{""run_as"": {""email"": ""user03@example.com""}, ""actor_type"": ""user""}"
2026-02-07T21:00:00,2026-02-07T22:00:00,0.0,ALL_PURPOSE,123456789,"{""run_as"": {""email"": ""user03@example.com""}, ""actor_type"": ""user""}"
2026-02-07T22:00:00,2026-02-07T23:00:00,0.1227,ALL_PURPOSE,123456789,"{""run_as"": {""email"": ""user03@example.com""}, ""actor_type"": ""user""}"
2026-02-07T23:00:00,2026-02-08T00:00:00,0.358,ALL_PURPOSE,123456789,"{""run_as"": {""email"": ""user03@example.com""}, ""actor_type"": ""user""}"
2026-02-08T00:00:00,2026-02-08T01:00:00,0.047,ALL_PURPOSE,123456789,"{""run_as"": {""email"": ""user03@example.com""}, ""actor_type"": ""user""}"
2026-02-08T01:00:00,2026-02-08T02:00:00,0.4393,ALL_PURPOSE,123456789,"{""run_as"": {""email"": ""user03@example.com""}, ""actor_type"": ""user""}"
2026-02-08T02:00:00,2026-02-08T03:00:00,0.2991,ALL_PURPOSE,123456789,"{""run_as"": {""email"": ""user03@example.com""}, ""actor_type"": ""user""}"
2026-02-08T03:00:00,2026-02-08T04:00:00,0.2197,ALL_PURPOSE,123456789,"{""run_as"": {""email"": ""user03@example.com""}, ""actor_type"": ""user""}"
2026-02-08T04:00:00,2026-02-08T05:00:00,0.5389,ALL_PURPOSE,123456789,"{""run_as"": {""email"": ""user03@example.com""}, ""actor_type"": ""user""}"
2026-02-08T05:00:00,2026-02-08T06:00:00,0.762,ALL_PURPOSE,123456789,"{""run_as"": {""email"": ""user03@example.com""}, ""actor_type"": ""user""}"
2026-02-08T06:00:00,2026-02-08T07:00:00,0.0312,ALL_PURPOSE,123456789,"{""run_as"": {""email"": ""user03@example.com""}, ""actor_type"": ""user""}"
2026-02-08T07:00:00,2026-02-08T08:00:00,0.0247,ALL_PURPOSE,123456789,"{""run_as"": {""email"": ""user03@example.com""}, ""actor_type"": ""user""}"
2026-02-08T08:00:00,2026-02-08T09:00:00,0.2022,ALL_PURPOSE,123456789,"{""run_as"": {""email"": ""user03@example.com""}, ""actor_type"": ""user""}"
2026-02-08T09:00:00,2026-02-08T10:00:00,0.0599,ALL_PURPOSE,123456789,"{""run_as"": {""email"": ""user03@example.com""}, ""actor_type"": ""user""}"
2026-02-08T10:00:00,2026-02-08T11:00:00,0.0,ALL_PURPOSE,123456789,"{""run_as"": {""email"": ""user03@example.com""}, ""actor_type"": ""user""}"
2026-02-08T11:00:00,2026-02-08T12:00:00,0.0822,ALL_PURPOSE,123456789,"{""run_as"": {""email"": ""user03@example.com""}, ""actor_type"": ""user""}"
2026-02-08T12:00:00,2026-02-08T13:00:00,0.0364,ALL_PURPOSE,123456789,"{""run_as"": {""email"": ""user03@example.com""}, ""actor_type"": ""user""}"
2026-02-08T13:00:00,2026-02-08T14:00:00,0.3235,ALL_PURPOSE,123456789,"{""run_as"": {""email"": ""user03@example.com""}, ""actor_type"": ""user""}"
2026-02-08T14:00:00,2026-02-08T15:00:00,0.2053,ALL_PURPOSE,123456789,"{""run_as"": {""email"": ""user03@example.com""}, ""actor_type"": ""user""}"
2026-02-08T15:00:00,2026-02-08T16:00:00,0.0231,ALL_PURPOSE,123456789,"{""run_as"": {""email"": ""user03@example.com""}, ""actor_type"": ""user""}"
2026-02-08T16:00:00,2026-02-08T17:00:00,0.3228,ALL_PURPOSE,123456789,"{""run_as"": {""email"": ""user03@example.com""}, ""actor_type"": ""user""}"
2026-02-08T17:00:00,2026-02-08T18:00:00,0.1584,ALL_PURPOSE,123456789,"{""run_as"": {""email"": ""user03@example.com""}, ""actor_type"": ""user""}"
2026-02-08T18:00:00,2026-02-08T19:00:00,0.2983,ALL_PURPOSE,123456789,"{""run_as"": {""email"": ""user03@example.com""}, ""actor_type"": ""user""}"
2026-02-08T19:00:00,2026-02-08T20:00:00,0.0181,ALL_PURPOSE,123456789,"{""run_as"": {""email"": ""user03@example.com""}, ""actor_type"": ""user""}"
2026-02-08T20:00:00,2026-02-08T21:00:00,0.0255,ALL_PURPOSE,123456789,"{""run_as"": {""email"": ""user03@example.com""}, ""actor_type"": ""user""}"
2026-02-08T21:00:00,2026-02-08T22:00:00,0.0,ALL_PURPOSE,123456789,"{""run_as"": {""email"": ""user03@example.com""}, ""actor_type"": ""user""}"
2026-02-08T22:00:00,2026-02-08T23:00:00,0.7597,ALL_PURPOSE,123456789,"{""run_as"": {""email"": ""user03@example.com""}, ""actor_type"": ""user""}"
2026-02-08T23:00:00,2026-02-09T00:00:00,0.3063,ALL_PURPOSE,123456789,"{""run_as"": {""email"": ""user03@example.com""}, ""actor_type"": ""user""}"
2026-02-09T00:00:00,2026-02-09T01:00:00,0.1681,ALL_PURPOSE,123456789,"{""run_as"": {""email"": ""user03@example.com""}, ""actor_type"": ""user""}"
2026-02-09T01:00:00,2026-02-09T02:00:00,0.3478,ALL_PURPOSE,123456789,"{""run_as"": {""email"": ""user03@example.com""}, ""actor_type"": ""user""}"
2026-02-09T02:00:00,2026-02-09T03:00:00,0.2731,ALL_PURPOSE,123456789,"{""run_as"": {""email"": ""user03@example.com""}, ""actor_type"": ""user""}"
2026-02-09T03:00:00,2026-02-09T04:00:00,0.4863,ALL_PURPOSE,123456789,"{""run_as"": {""email"": ""user03@example.com""}, ""actor_type"": ""user""}"
2026-02-09T04:00:00,2026-02-09T05:00:00,0.2115,ALL_PURPOSE,123456789,"{""run_as"": {""email"": ""user03@example.com""}, ""actor_type"": ""user""}"
2026-02-09T05:00:00,2026-02-09T06:00:00,0.3102,ALL_PURPOSE,123456789,"{""run_as"": {""email"": ""user03@example.com""}, ""actor_type"": ""user""}"
2026-02-09T06:00:00,2026-02-09T07:00:00,0.2178,ALL_PURPOSE,123456789,"{""run_as"": {""email"": ""user03@example.com""}, ""actor_type"": ""user""}"
2026-02-09T07:00:00,2026-02-09T08:00:00,0.3293,ALL_PURPOSE,123456789,"{""run_as"": {""email"": ""user03@example.com""}, ""actor_type"": ""user""}"
2026-02-09T08:00:00,2026-02-09T09:00:00,0.1385,ALL_PURPOSE,123456789,"{""run_as"": {""email"": ""user03@example.com""}, ""actor_type"": ""user""}"
2026-02-09T09:00:00,2026-02-09T10:00:00,0.375,ALL_PURPOSE,123456789,"{""run_as"": {""email"": ""user03@example.com""}, ""actor_type"": ""user""}"
2026-02-09T10:00:00,2026-02-09T11:00:00,0.0451,ALL_PURPOSE,123456789,"{""run_as"": {""email"": ""user03@example.com""}, ""actor_type"": ""user""}"
2026-02-09T11:00:00,2026-02-09T12:00:00,0.1677,ALL_PURPOSE,123456789,"{""run_as"": {""email"": ""user03@example.com""}, ""actor_type"": ""user""}"
2026-02-09T12:00:00,2026-02-09T13:00:00,0.0,ALL_PURPOSE,123456789,"{""run_as"": {""email"": ""user03@example.com""}, ""actor_type"": ""user""}"
2026-02-09T13:00:00,2026-02-09T14:00:00,0.0,ALL_PURPOSE,123456789,"{""run_as"": {""email"": ""user03@example.com""}, ""actor_type"": ""user""}"
2026-02-09T14:00:00,2026-02-09T15:00:00,0.0134,ALL_PURPOSE,123456789,"{""run_as"": {""email"": ""user03@example.com""}, ""actor_type"": ""user""}"
2026-02-09T15:00:00,2026-02-09T16:00:00,0.0,ALL_PURPOSE,123456789,"{""run_as"": {""email"": ""user03@example.com""}, ""actor_type"": ""user""}"
2026-02-09T16:00:00,2026-02-09T17:00:00,0.2962,ALL_PURPOSE,123456789,"{""run_as"": {""email"": ""user03@example.com""}, ""actor_type"": ""user""}"
2026-02-09T17:00:00,2026-02-09T18:00:00,0.0937,ALL_PURPOSE,123456789,"{""run_as"": {""email"": ""user03@example.com""}, ""actor_type"": ""user""}"
2026-02-09T18:00:00,2026-02-09T19:00:00,0.0,ALL_PURPOSE,123456789,"{""run_as"": {""email"": ""user03@example.com""}, ""actor_type"": ""user""}"
2026-02-09T19:00:00,2026-02-09T20:00:00,0.2016,ALL_PURPOSE,123456789,"{""run_as"": {""email"": ""user03@example.com""}, ""actor_type"": ""user""}"
2026-02-09T20:00:00,2026-02-09T21:00:00,0.3263,ALL_PURPOSE,123456789,"{""run_as"": {""email"": ""user03@example.com""}, ""actor_type"": ""user""}"
2026-02-02T21:00:00,2026-02-02T22:00:00,0.1276,ALL_PURPOSE,123456789,"{""run_as"": {""email"": ""user04@example.com""}, ""actor_type"": ""user""}"
2026-02-02T22:00:00,2026-02-02T23:00:00,0.0,ALL_PURPOSE,123456789,"{""run_as"": {""email"": ""user04@example.com""}, ""actor_type"": ""user""}"
2026-02-02T23:00:00,2026-02-03T00:00:00,0.0,ALL_PURPOSE,123456789,"{""run_as"": {""email"": ""user04@example.com""}, ""actor_type"": ""user""}"
2026-02-03T00:00:00,2026-02-03T01:00:00,0.3794,ALL_PURPOSE,123456789,"{""run_as"": {""email"": ""user04@example.com""}, ""actor_type"": ""user""}"
2026-02-03T01:00:00,2026-02-03T02:00:00,0.2504,ALL_PURPOSE,123456789,"{""run_as"": {""email"": ""user04@example.com""}, ""actor_type"": ""user""}"
2026-02-03T02:00:00,2026-02-03T03:00:00,0.3889,ALL_PURPOSE,123456789,"{""run_as"": {""email"": ""user04@example.com""}, ""actor_type"": ""user""}"
2026-02-03T03:00:00,2026-02-03T04:00:00,0.0,ALL_PURPOSE,123456789,"{""run_as"": {""email"": ""user04@example.com""}, ""actor_type"": ""user""}"
2026-02-03T04:00:00,2026-02-03T05:00:00,0.1506,ALL_PURPOSE,123456789,"{""run_as"": {""email"": ""user04@example.com""}, ""actor_type"": ""user""}"
2026-02-03T05:00:00,2026-02-03T06:00:00,0.935,ALL_PURPOSE,123456789,"{""run_as"": {""email"": ""user04@example.com""}, ""actor_type"": ""user""}"
2026-02-03T06:00:00,2026-02-03T07:00:00,0.3659,ALL_PURPOSE,123456789,"{""run_as"": {""email"": ""user04@example.com""}, ""actor_type"": ""user""}"
2026-02-03T07:00:00,2026-02-03T08:00:00,0.3871,ALL_PURPOSE,123456789,"{""run_as"": {""email"": ""user04@example.com""}, ""actor_type"": ""user""}"
2026-02-03T08:00:00,2026-02-03T09:00:00,0.0536,ALL_PURPOSE,123456789,"{""run_as"": {""email"": ""user04@example.com""}, ""actor_type"": ""user""}"
2026-02-03T09:00:00,2026-02-03T10:00:00,0.0813,ALL_PURPOSE,123456789,"{""run_as"": {""email"": ""user04@example.com""}, ""actor_type"": ""user""}"
2026-02-03T10:00:00,2026-02-03T11:00:00,0.3689,ALL_PURPOSE,123456789,"{""run_as"": {""email"": ""user04@example.com""}, ""actor_type"": ""user""}"
2026-02-03T11:00:00,2026-02-03T12:00:00,0.037,ALL_PURPOSE,123456789,"{""run_as"": {""email"": ""user04@example.com""}, ""actor_type"": ""user""}"
2026-02-03T12:00:00,2026-02-03T13:00:00,0.0762,ALL_PURPOSE,123456789,"{""run_as"": {""email"": ""user04@example.com""}, ""actor_type"": ""user""}"
2026-02-03T13:00:00,2026-02-03T14:00:00,0.2695,ALL_PURPOSE,123456789,"{""run_as"": {""email"": ""user04@example.com""}, ""actor_type"": ""user""}"
2026-02-03T14:00:00,2026-02-03T15:00:00,0.3494,ALL_PURPOSE,123456789,"{""run_as"": {""email"": ""user04@example.com""}, ""actor_type"": ""user""}"
2026-02-03T15:00:00,2026-02-03T16:00:00,0.3047,ALL_PURPOSE,123456789,"{""run_as"": {""email"": ""user04@example.com""}, ""actor_type"": ""user""}"
2026-02-03T16:00:00,2026-02-03T17:00:00,0.2235,ALL_PURPOSE,123456789,"{""run_as"": {""email"": ""user04@example.com""}, ""actor_type"": ""user""}"
2026-02-03T17:00:00,2026-02-03T18:00:00,0.3478,ALL_PURPOSE,123456789,"{""run_as"": {""email"": ""user04@example.com""}, ""actor_type"": ""user""}"
2026-02-03T18:00:00,2026-02-03T19:00:00,0.0,ALL_PURPOSE,123456789,"{""run_as"": {""email"": ""user04@example.com""}, ""actor_type"": ""user""}"
2026-02-03T19:00:00,2026-02-03T20:00:00,0.3749,ALL_PURPOSE,123456789,"{""run_as"": {""email"": ""user04@example.com""}, ""actor_type"": ""user""}"
2026-02-03T20:00:00,2026-02-03T21:00:00,0.0469,ALL_PURPOSE,123456789,"{""run_as"": {""email"": ""user04@example.com""}, ""actor_type"": ""user""}"
2026-02-03T21:00:00,2026-02-03T22:00:00,0.1916,ALL_PURPOSE,123456789,"{""run_as"": {""email"": ""user04@example.com""}, ""actor_type"": ""user""}"
2026-02-03T22:00:00,2026-02-03T23:00:00,0.9823,ALL_PURPOSE,123456789,"{""run_as"": {""email"": ""user04@example.com""}, ""actor_type"": ""user""}"
2026-02-03T23:00:00,2026-02-04T00:00:00,0.3102,ALL_PURPOSE,123456789,"{""run_as"": {""email"": ""user04@example.com""}, ""actor_type"": ""user""}"
2026-02-04T00:00:00,2026-02-04T01:00:00,0.6027,ALL_PURPOSE,123456789,"{""run_as"": {""email"": ""user04@example.com""}, ""actor_type"": ""user""}"
2026-02-04T01:00:00,2026-02-04T02:00:00,0.0394,ALL_PURPOSE,123456789,"{""run_as"": {""email"": ""user04@example.com""}, ""actor_type"": ""user""}"
2026-02-04T02:00:00,2026-02-04T03:00:00,0.3359,ALL_PURPOSE,123456789,"{""run_as"": {""email"": ""user04@example.com""}, ""actor_type"": ""user""}"
2026-02-04T03:00:00,2026-02-04T04:00:00,0.1656,ALL_PURPOSE,123456789,"{""run_as"": {""email"": ""user04@example.com""}, ""actor_type"": ""user""}"
2026-02-04T04:00:00,2026-02-04T05:00:00,0.8127,ALL_PURPOSE,123456789,"{""run_as"": {""email"": ""user04@example.com""}, ""actor_type"": ""user""}"
2026-02-04T05:00:00,2026-02-04T06:00:00,0.4979,ALL_PURPOSE,123456789,"{""run_as"": {""email"": ""user04@example.com""}, ""actor_type"": ""user""}"
2026-02-04T06:00:00,2026-02-04T07:00:00,0.3333,ALL_PURPOSE,123456789,"{""run_as"": {""email"": ""user04@example.com""}, ""actor_type"": ""user""}"
2026-02-04T07:00:00,2026-02-04T08:00:00,0.2618,ALL_PURPOSE,123456789,"{""run_as"": {""email"": ""user04@example.com""}, ""actor_type"": ""user""}"
2026-02-04T08:00:00,2026-02-04T09:00:00,0.1029,ALL_PURPOSE,123456789,"{""run_as"": {""email"": ""user04@example.com""}, ""actor_type"": ""user""}"
2026-02-04T09:00:00,2026-02-04T10:00:00,0.3866,ALL_PURPOSE,123456789,"{""run_as"": {""email"": ""user04@example.com""}, ""actor_type"": ""user""}"
2026-02-04T10:00:00,2026-02-04T11:00:00,0.1962,ALL_PURPOSE,123456789,"{""run_as"": {""email"": ""user04@example.com""}, ""actor_type"": ""user""}"
2026-02-04T11:00:00,2026-02-04T12:00:00,0.318,ALL_PURPOSE,123456789,"{""run_as"": {""email"": ""user04@example.com""}, ""actor_type"": ""user""}"
2026-02-04T12:00:00,2026-02-04T13:00:00,0.2881,ALL_PURPOSE,123456789,"{""run_as"": {""email"": ""user04@example.com""}, ""actor_type"": ""user""}"
2026-02-04T13:00:00,2026-02-04T14:00:00,0.3668,ALL_PURPOSE,123456789,"{""run_as"": {""email"": ""user04@example.com""}, ""actor_type"": ""user""}"
2026-02-04T14:00:00,2026-02-04T15:00:00,0.0,ALL_PURPOSE,123456789,"{""run_as"": {""email"": ""user04@example.com""}, ""actor_type"": ""user""}"
2026-02-04T15:00:00,2026-02-04T16:00:00,0.0135,ALL_PURPOSE,123456789,"{""run_as"": {""email"": ""user04@example.com""}, ""actor_type"": ""user""}"
2026-02-04T16:00:00,2026-02-04T17:00:00,0.3781,ALL_PURPOSE,123456789,"{""run_as"": {""email"": ""user04@example.com""}, ""actor_type"": ""user""}"
2026-02-04T17:00:00,2026-02-04T18:00:00,0.3057,ALL_PURPOSE,123456789,"{""run_as"": {""email"": ""user04@example.com""}, ""actor_type"": ""user""}"
2026-02-04T18:00:00,2026-02-04T19:00:00,0.337,ALL_PURPOSE,123456789,"{""run_as"": {""email"": ""user04@example.com""}, ""actor_type"": ""user""}"
2026-02-04T19:00:00,2026-02-04T20:00:00,0.0,ALL_PURPOSE,123456789,"{""run_as"": {""email"": ""user04@example.com""}, ""actor_type"": ""user""}"
2026-02-04T20:00:00,2026-02-04T21:00:00,0.2023,ALL_PURPOSE,123456789,"{""run_as"": {""email"": ""user04@example.com""}, ""actor_type"": ""user""}"
2026-02-04T21:00:00,2026-02-04T22:00:00,0.2471,ALL_PURPOSE,123456789,"{""run_as"": {""email"": ""user04@example.com""}, ""actor_type"": ""user""}"
2026-02-04T22:00:00,2026-02-04T23:00:00,0.2466,ALL_PURPOSE,123456789,"{""run_as"": {""email"": ""user04@example.com""}, ""actor_type"": ""user""}"
2026-02-04T23:00:00,2026-02-05T00:00:00,0.0,ALL_PURPOSE,123456789,"{""run_as"": {""email"": ""user04@example.com""}, ""actor_type"": ""user""}"
2026-02-05T00:00:00,2026-02-05T01:00:00,0.0,ALL_PURPOSE,123456789,"{""run_as"": {""email"": ""user04@example.com""}, ""actor_type"": ""user""}"
2026-02-05T01:00:00,2026-02-05T02:00:00,0.3253,ALL_PURPOSE,123456789,"{""run_as"": {""email"": ""user04@example.com""}, ""actor_type"": ""user""}"
2026-02-05T02:00:00,2026-02-05T03:00:00,0.0,ALL_PURPOSE,123456789,"{""run_as"": {""email"": ""user04@example.com""}, ""actor_type"": ""user""}"
2026-02-05T03:00:00,2026-02-05T04:00:00,0.0768,ALL_PURPOSE,123456789,"{""run_as"": {""email"": ""user04@example.com""}, ""actor_type"": ""user""}"
2026-02-05T04:00:00,2026-02-05T05:00:00,0.1069,ALL_PURPOSE,123456789,"{""run_as"": {""email"": ""user04@example.com""}, ""actor_type"": ""user""}"
2026-02-05T05:00:00,2026-02-05T06:00:00,0.1624,ALL_PURPOSE,123456789,"{""run_as"": {""email"": ""user04@example.com""}, ""actor_type"": ""user""}"
2026-02-05T06:00:00,2026-02-05T07:00:00,0.0903,ALL_PURPOSE,123456789,"{""run_as"": {""email"": ""user04@example.com""}, ""actor_type"": ""user""}"
2026-02-05T07:00:00,2026-02-05T08:00:00,0.3391,ALL_PURPOSE,123456789,"{""run_as"": {""email"": ""user04@example.com""}, ""actor_type"": ""user""}"
2026-02-05T08:00:00,2026-02-05T09:00:00,0.3433,ALL_PURPOSE,123456789,"{""run_as"": {""email"": ""user04@example.com""}, ""actor_type"": ""user""}"
2026-02-05T09:00:00,2026-02-05T10:00:00,0.0374,ALL_PURPOSE,123456789,"{""run_as"": {""email"": ""user04@example.com""}, ""actor_type"": ""user""}"
2026-02-05T10:00:00,2026-02-05T11:00:00,0.0,ALL_PURPOSE,123456789,"{""run_as"": {""email"": ""user04@example.com""}, ""actor_type"": ""user""}"
2026-02-05T11:00:00,2026-02-05T12:00:00,0.0038,ALL_PURPOSE,123456789,"{""run_as"": {""email"": ""user04@example.com""}, ""actor_type"": ""user""}"
2026-02-05T12:00:00,2026-02-05T13:00:00,0.1999,ALL_PURPOSE,123456789,"{""run_as"": {""email"": ""user04@example.com""}, ""actor_type"": ""user""}"
2026-02-05T13:00:00,2026-02-05T14:00:00,0.3138,ALL_PURPOSE,123456789,"{""run_as"": {""email"": ""user04@example.com""}, ""actor_type"": ""user""}"
2026-02-05T14:00:00,2026-02-05T15:00:00,0.0,ALL_PURPOSE,123456789,"{""run_as"": {""email"": ""user04@example.com""}, ""actor_type"": ""user""}"
2026-02-05T15:00:00,2026-02-05T16:00:00,0.0,ALL_PURPOSE,123456789,"{""run_as"": {""email"": ""user04@example.com""}, ""actor_type"": ""user""}"
2026-02-05T16:00:00,2026-02-05T17:00:00,0.0846,ALL_PURPOSE,123456789,"{""run_as"": {""email"": ""user04@example.com""}, ""actor_type"": ""user""}"
2026-02-05T17:00:00,2026-02-05T18:00:00,0.355,ALL_PURPOSE,123456789,"{""run_as"": {""email"": ""user04@example.com""}, ""actor_type"": ""user""}"
2026-02-05T18:00:00,2026-02-05T19:00:00,0.0,ALL_PURPOSE,123456789,"{""run_as"": {""email"": ""user04@example.com""}, ""actor_type"": ""user""}"
2026-02-05T19:00:00,2026-02-05T20:00:00,0.3702,ALL_PURPOSE,123456789,"{""run_as"": {""email"": ""user04@example.com""}, ""actor_type"": ""user""}"
2026-02-05T20:00:00,2026-02-05T21:00:00,0.0,ALL_PURPOSE,123456789,"{""run_as"": {""email"": ""user04@example.com""}, ""actor_type"": ""user""}"
2026-02-05T21:00:00,2026-02-05T22:00:00,0.3715,ALL_PURPOSE,123456789,"{""run_as"": {""email"": ""user04@example.com""}, ""actor_type"": ""user""}"
2026-02-05T22:00:00,2026-02-05T23:00:00,0.3846,ALL_PURPOSE,123456789,"{""run_as"": {""email"": ""user04@example.com""}, ""actor_type"": ""user""}"
2026-02-05T23:00:00,2026-02-06T00:00:00,0.0,ALL_PURPOSE,123456789,"{""run_as"": {""email"": ""user04@example.com""}, ""actor_type"": ""user""}"
2026-02-06T00:00:00,2026-02-06T01:00:00,0.7492,ALL_PURPOSE,123456789,"{""run_as"": {""email"": ""user04@example.com""}, ""actor_type"": ""user""}"
2026-02-06T01:00:00,2026-02-06T02:00:00,0.0,ALL_PURPOSE,123456789,"{""run_as"": {""email"": ""user04@example.com""}, ""actor_type"": ""user""}"
2026-02-06T02:00:00,2026-02-06T03:00:00,0.3954,ALL_PURPOSE,123456789,"{""run_as"": {""email"": ""user04@example.com""}, ""actor_type"": ""user""}"
2026-02-06T03:00:00,2026-02-06T04:00:00,0.7957,ALL_PURPOSE,123456789,"{""run_as"": {""email"": ""user04@example.com""}, ""actor_type"": ""user""}"
2026-02-06T04:00:00,2026-02-06T05:00:00,0.1362,ALL_PURPOSE,123456789,"{""run_as"": {""email"": ""user04@example.com""}, ""actor_type"": ""user""}"
2026-02-06T05:00:00,2026-02-06T06:00:00,0.0,ALL_PURPOSE,123456789,"{""run_as"": {""email"": ""user04@example.com""}, ""actor_type"": ""user""}"
2026-02-06T06:00:00,2026-02-06T07:00:00,0.1093,ALL_PURPOSE,123456789,"{""run_as"": {""email"": ""user04@example.com""}, ""actor_type"": ""user""}"
2026-02-06T07:00:00,2026-02-06T08:00:00,0.1962,ALL_PURPOSE,123456789,"{""run_as"": {""email"": ""user04@example.com""}, ""actor_type"": ""user""}"
2026-02-06T08:00:00,2026-02-06T09:00:00,0.3765,ALL_PURPOSE,123456789,"{""run_as"": {""email"": ""user04@example.com""}, ""actor_type"": ""user""}"
2026-02-06T09:00:00,2026-02-06T10:00:00,0.2719,ALL_PURPOSE,123456789,"{""run_as"": {""email"": ""user04@example.com""}, ""actor_type"": ""user""}"
2026-02-06T10:00:00,2026-02-06T11:00:00,0.0343,ALL_PURPOSE,123456789,"{""run_as"": {""email"": ""user04@example.com""}, ""actor_type"": ""user""}"
2026-02-06T11:00:00,2026-02-06T12:00:00,0.3192,ALL_PURPOSE,123456789,"{""run_as"": {""email"": ""user04@example.com""}, ""actor_type"": ""user""}"
2026-02-06T12:00:00,2026-02-06T13:00:00,0.0328,ALL_PURPOSE,123456789,"{""run_as"": {""email"": ""user04@example.com""}, ""actor_type"": ""user""}"
2026-02-06T13:00:00,2026-02-06T14:00:00,0.2847,ALL_PURPOSE,123456789,"{""run_as"": {""email"": ""user04@example.com""}, ""actor_type"": ""user""}"
2026-02-06T14:00:00,2026-02-06T15:00:00,0.2959,ALL_PURPOSE,123456789,"{""run_as"": {""email"": ""user04@example.com""}, ""actor_type"": ""user""}"
2026-02-06T15:00:00,2026-02-06T16:00:00,0.0,ALL_PURPOSE,123456789,"{""run_as"": {""email"": ""user04@example.com""}, ""actor_type"": ""user""}"
2026-02-06T16:00:00,2026-02-06T17:00:00,0.1233,ALL_PURPOSE,123456789,"{""run_as"": {""email"": ""user04@example.com""}, ""actor_type"": ""user""}"
2026-02-06T17:00:00,2026-02-06T18:00:00,0.0,ALL_PURPOSE,123456789,"{""run_as"": {""email"": ""user04@example.com""}, ""actor_type"": ""user""}"
2026-02-06T18:00:00,2026-02-06T19:00:00,0.075,ALL_PURPOSE,123456789,"{""run_as"": {""email"": ""user04@example.com""}, ""actor_type"": ""user""}"
2026-02-06T19:00:00,2026-02-06T20:00:00,0.2219,ALL_PURPOSE,123456789,"{""run_as"": {""email"": ""user04@example.com""}, ""actor_type"": ""user""}"
2026-02-06T20:00:00,2026-02-06T21:00:00,0.0105,ALL_PURPOSE,123456789,"{""run_as"": {""email"": ""user04@example.com""}, ""actor_type"": ""user""}"
2026-02-06T21:00:00,2026-02-06T22:00:00,0.0372,ALL_PURPOSE,123456789,"{""run_as"": {""email"": ""user04@example.com""}, ""actor_type"": ""user""}"
2026-02-06T22:00:00,2026-02-06T23:00:00,0.1298,ALL_PURPOSE,123456789,"{""run_as"": {""email"": ""user04@example.com""}, ""actor_type"": ""user""}"
2026-02-06T23:00:00,2026-02-07T00:00:00,0.8859,ALL_PURPOSE,123456789,"{""run_as"": {""email"": ""user04@example.com""}, ""actor_type"": ""user""}"
2026-02-07T00:00:00,2026-02-07T01:00:00,0.3913,ALL_PURPOSE,123456789,"{""run_as"": {""email"": ""user04@example.com""}, ""actor_type"": ""user""}"
2026-02-07T01:00:00,2026-02-07T02:00:00,0.4631,ALL_PURPOSE,123456789,"{""run_as"": {""email"": ""user04@example.com""}, ""actor_type"": ""user""}"
2026-02-07T02:00:00,2026-02-07T03:00:00,0.0253,ALL_PURPOSE,123456789,"{""run_as"": {""email"": ""user04@example.com""}, ""actor_type"": ""user""}"
2026-02-07T03:00:00,2026-02-07T04:00:00,0.4699,ALL_PURPOSE,123456789,"{""run_as"": {""email"": ""user04@example.com""}, ""actor_type"": ""user""}"
2026-02-07T04:00:00,2026-02-07T05:00:00,0.25,ALL_PURPOSE,123456789,"{""run_as"": {""email"": ""user04@example.com""}, ""actor_type"": ""user""}"
2026-02-07T05:00:00,2026-02-07T06:00:00,0.807,ALL_PURPOSE,123456789,"{""run_as"": {""email"": ""user04@example.com""}, ""actor_type"": ""user""}"
2026-02-07T06:00:00,2026-02-07T07:00:00,0.2481,ALL_PURPOSE,123456789,"{""run_as"": {""email"": ""user04@example.com""}, ""actor_type"": ""user""}"
2026-02-07T07:00:00,2026-02-07T08:00:00,0.1318,ALL_PURPOSE,123456789,"{""run_as"": {""email"": ""user04@example.com""}, ""actor_type"": ""user""}"
2026-02-07T08:00:00,2026-02-07T09:00:00,0.3262,ALL_PURPOSE,123456789,"{""run_as"": {""email"": ""user04@example.com""}, ""actor_type"": ""user""}"
2026-02-07T09:00:00,2026-02-07T10:00:00,0.0,ALL_PURPOSE,123456789,"{""run_as"": {""email"": ""user04@example.com""}, ""actor_type"": ""user""}"
2026-02-07T10:00:00,2026-02-07T11:00:00,0.1283,ALL_PURPOSE,123456789,"{""run_as"": {""email"": ""user04@example.com""}, ""actor_type"": ""user""}"
2026-02-07T11:00:00,2026-02-07T12:00:00,0.0803,ALL_PURPOSE,123456789,"{""run_as"": {""email"": ""user04@example.com""}, ""actor_type"": ""user""}"
2026-02-07T12:00:00,2026-02-07T13:00:00,0.3858,ALL_PURPOSE,123456789,"{""run_as"": {""email"": ""user04@example.com""}, ""actor_type"": ""user""}"
2026-02-07T13:00:00,2026-02-07T14:00:00,0.1166,ALL_PURPOSE,123456789,"{""run_as"": {""email"": ""user04@example.com""}, ""actor_type"": ""user""}"
2026-02-07T14:00:00,2026-02-07T15:00:00,0.1964,ALL_PURPOSE,123456789,"{""run_as"": {""email"": ""user04@example.com""}, ""actor_type"": ""user""}"
2026-02-07T15:00:00,2026-02-07T16:00:00,0.097,ALL_PURPOSE,123456789,"{""run_as"": {""email"": ""user04@example.com""}, ""actor_type"": ""user""}"
2026-02-07T16:00:00,2026-02-07T17:00:00,0.3266,ALL_PURPOSE,123456789,"{""run_as"": {""email"": ""user04@example.com""}, ""actor_type"": ""user""}"
2026-02-07T17:00:00,2026-02-07T18:00:00,0.0456,ALL_PURPOSE,123456789,"{""run_as"": {""email"": ""user04@example.com""}, ""actor_type"": ""user""}"
2026-02-07T18:00:00,2026-02-07T19:00:00,0.2369,ALL_PURPOSE,123456789,"{""run_as"": {""email"": ""user04@example.com""}, ""actor_type"": ""user""}"
2026-02-07T19:00:00,2026-02-07T20:00:00,0.2727,ALL_PURPOSE,123456789,"{""run_as"": {""email"": ""user04@example.com""}, ""actor_type"": ""user""}"
2026-02-07T20:00:00,2026-02-07T21:00:00,0.3812,ALL_PURPOSE,123456789,"{""run_as"": {""email"": ""user04@example.com""}, ""actor_type"": ""user""}"
2026-02-07T21:00:00,2026-02-07T22:00:00,0.2833,ALL_PURPOSE,123456789,"{""run_as"": {""email"": ""user04@example.com""}, ""actor_type"": ""user""}"
2026-02-07T22:00:00,2026-02-07T23:00:00,0.1165,ALL_PURPOSE,123456789,"{""run_as"": {""email"": ""user04@example.com""}, ""actor_type"": ""user""}"
2026-02-07T23:00:00,2026-02-08T00:00:00,0.3183,ALL_PURPOSE,123456789,"{""run_as"": {""email"": ""user04@example.com""}, ""actor_type"": ""user""}"
2026-02-08T00:00:00,2026-02-08T01:00:00,0.8144,ALL_PURPOSE,123456789,"{""run_as"": {""email"": ""user04@example.com""}, ""actor_type"": ""user""}"
2026-02-08T01:00:00,2026-02-08T02:00:00,1.1091,ALL_PURPOSE,123456789,"{""run_as"": {""email"": ""user04@example.com""}, ""actor_type"": ""user""}"
2026-02-08T02:00:00,2026-02-08T03:00:00,0.1603,ALL_PURPOSE,123456789,"{""run_as"": {""email"": ""user04@example.com""}, ""actor_type"": ""user""}"
2026-02-08T03:00:00,2026-02-08T04:00:00,0.2767,ALL_PURPOSE,123456789,"{""run_as"": {""email"": ""user04@example.com""}, ""actor_type"": ""user""}"
2026-02-08T04:00:00,2026-02-08T05:00:00,0.1438,ALL_PURPOSE,123456789,"{""run_as"": {""email"": ""user04@example.com""}, ""actor_type"": ""user""}"
2026-02-08T05:00:00,2026-02-08T06:00:00,0.8935,ALL_PURPOSE,123456789,"{""run_as"": {""email"": ""user04@example.com""}, ""actor_type"": ""user""}"
2026-02-08T06:00:00,2026-02-08T07:00:00,0.142,ALL_PURPOSE,123456789,"{""run_as"": {""email"": ""user04@example.com""}, ""actor_type"": ""user""}"
2026-02-08T07:00:00,2026-02-08T08:00:00,0.0177,ALL_PURPOSE,123456789,"{""run_as"": {""email"": ""user04@example.com""}, ""actor_type"": ""user""}"
2026-02-08T08:00:00,2026-02-08T09:00:00,0.271,ALL_PURPOSE,123456789,"{""run_as"": {""email"": ""user04@example.com""}, ""actor_type"": ""user""}"
2026-02-08T09:00:00,2026-02-08T10:00:00,0.3011,ALL_PURPOSE,123456789,"{""run_as"": {""email"": ""user04@example.com""}, ""actor_type"": ""user""}"
2026-02-08T10:00:00,2026-02-08T11:00:00,0.0,ALL_PURPOSE,123456789,"{""run_as"": {""email"": ""user04@example.com""}, ""actor_type"": ""user""}"
2026-02-08T11:00:00,2026-02-08T12:00:00,0.1035,ALL_PURPOSE,123456789,"{""run_as"": {""email"": ""user04@example.com""}, ""actor_type"": ""user""}"
2026-02-08T12:00:00,2026-02-08T13:00:00,0.2075,ALL_PURPOSE,123456789,"{""run_as"": {""email"": ""user04@example.com""}, ""actor_type"": ""user""}"
2026-02-08T13:00:00,2026-02-08T14:00:00,0.2301,ALL_PURPOSE,123456789,"{""run_as"": {""email"": ""user04@example.com""}, ""actor_type"": ""user""}"
2026-02-08T14:00:00,2026-02-08T15:00:00,0.1565,ALL_PURPOSE,123456789,"{""run_as"": {""email"": ""user04@example.com""}, ""actor_type"": ""user""}"
2026-02-08T15:00:00,2026-02-08T16:00:00,0.2354,ALL_PURPOSE,123456789,"{""run_as"": {""email"": ""user04@example.com""}, ""actor_type"": ""user""}"
2026-02-08T16:00:00,2026-02-08T17:00:00,0.0,ALL_PURPOSE,123456789,"{""run_as"": {""email"": ""user04@example.com""}, ""actor_type"": ""user""}"
2026-02-08T17:00:00,2026-02-08T18:00:00,0.0418,ALL_PURPOSE,123456789,"{""run_as"": {""email"": ""user04@example.com""}, ""actor_type"": ""user""}"
2026-02-08T18:00:00,2026-02-08T19:00:00,0.0,ALL_PURPOSE,123456789,"{""run_as"": {""email"": ""user04@example.com""}, ""actor_type"": ""user""}"
2026-02-08T19:00:00,2026-02-08T20:00:00,0.0,ALL_PURPOSE,123456789,"{""run_as"": {""email"": ""user04@example.com""}, ""actor_type"": ""user""}"
2026-02-08T20:00:00,2026-02-08T21:00:00,0.1248,ALL_PURPOSE,123456789,"{""run_as"": {""email"": ""user04@example.com""}, ""actor_type"": ""user""}"
2026-02-08T21:00:00,2026-02-08T22:00:00,0.0827,ALL_PURPOSE,123456789,"{""run_as"": {""email"": ""user04@example.com""}, ""actor_type"": ""user""}"
2026-02-08T22:00:00,2026-02-08T23:00:00,0.1905,ALL_PURPOSE,123456789,"{""run_as"": {""email"": ""user04@example.com""}, ""actor_type"": ""user""}"
2026-02-08T23:00:00,2026-02-09T00:00:00,0.0,ALL_PURPOSE,123456789,"{""run_as"": {""email"": ""user04@example.com""}, ""actor_type"": ""user""}"
2026-02-09T00:00:00,2026-02-09T01:00:00,0.3397,ALL_PURPOSE,123456789,"{""run_as"": {""email"": ""user04@example.com""}, ""actor_type"": ""user""}"
2026-02-09T01:00:00,2026-02-09T02:00:00,0.0657,ALL_PURPOSE,123456789,"{""run_as"": {""email"": ""user04@example.com""}, ""actor_type"": ""user""}"
2026-02-09T02:00:00,2026-02-09T03:00:00,0.5617,ALL_PURPOSE,123456789,"{""run_as"": {""email"": ""user04@example.com""}, ""actor_type"": ""user""}"
2026-02-09T03:00:00,2026-02-09T04:00:00,0.0927,ALL_PURPOSE,123456789,"{""run_as"": {""email"": ""user04@example.com""}, ""actor_type"": ""user""}"
2026-02-09T04:00:00,2026-02-09T05:00:00,0.0,ALL_PURPOSE,123456789,"{""run_as"": {""email"": ""user04@example.com""}, ""actor_type"": ""user""}"
2026-02-09T05:00:00,2026-02-09T06:00:00,0.7602,ALL_PURPOSE,123456789,"{""run_as"": {""email"": ""user04@example.com""}, ""actor_type"": ""user""}"
2026-02-09T06:00:00,2026-02-09T07:00:00,0.2819,ALL_PURPOSE,123456789,"{""run_as"": {""email"": ""user04@example.com""}, ""actor_type"": ""user""}"
2026-02-09T07:00:00,2026-02-09T08:00:00,0.3009,ALL_PURPOSE,123456789,"{""run_as"": {""email"": ""user04@example.com""}, ""actor_type"": ""user""}"
2026-02-09T08:00:00,2026-02-09T09:00:00,0.0,ALL_PURPOSE,123456789,"{""run_as"": {""email"": ""user04@example.com""}, ""actor_type"": ""user""}"
2026-02-09T09:00:00,2026-02-09T10:00:00,0.3488,ALL_PURPOSE,123456789,"{""run_as"": {""email"": ""user04@example.com""}, ""actor_type"": ""user""}"
2026-02-09T10:00:00,2026-02-09T11:00:00,0.1304,ALL_PURPOSE,123456789,"{""run_as"": {""email"": ""user04@example.com""}, ""actor_type"": ""user""}"
2026-02-09T11:00:00,2026-02-09T12:00:00,0.1049,ALL_PURPOSE,123456789,"{""run_as"": {""email"": ""user04@example.com""}, ""actor_type"": ""user""}"
2026-02-09T12:00:00,2026-02-09T13:00:00,0.2111,ALL_PURPOSE,123456789,"{""run_as"": {""email"": ""user04@example.com""}, ""actor_type"": ""user""}"
2026-02-09T13:00:00,2026-02-09T14:00:00,0.2388,ALL_PURPOSE,123456789,"{""run_as"": {""email"": ""user04@example.com""}, ""actor_type"": ""user""}"
2026-02-09T14:00:00,2026-02-09T15:00:00,0.2348,ALL_PURPOSE,123456789,"{""run_as"": {""email"": ""user04@example.com""}, ""actor_type"": ""user""}"
2026-02-09T15:00:00,2026-02-09T16:00:00,0.3382,ALL_PURPOSE,123456789,"{""run_as"": {""email"": ""user04@example.com""}, ""actor_type"": ""user""}"
2026-02-09T16:00:00,2026-02-09T17:00:00,0.3255,ALL_PURPOSE,123456789,"{""run_as"": {""email"": ""user04@example.com""}, ""actor_type"": ""user""}"
2026-02-09T17:00:00,2026-02-09T18:00:00,0.119,ALL_PURPOSE,123456789,"{""run_as"": {""email"": ""user04@example.com""}, ""actor_type"": ""user""}"
2026-02-09T18:00:00,2026-02-09T19:00:00,0.0,ALL_PURPOSE,123456789,"{""run_as"": {""email"": ""user04@example.com""}, ""actor_type"": ""user""}"
2026-02-09T19:00:00,2026-02-09T20:00:00,0.0471,ALL_PURPOSE,123456789,"{""run_as"": {""email"": ""user04@example.com""}, ""actor_type"": ""user""}"
2026-02-09T20:00:00,2026-02-09T21:00:00,0.0732,ALL_PURPOSE,123456789,"{""run_as"": {""email"": ""user04@example.com""}, ""actor_type"": ""user""}"
2026-02-02T21:00:00,2026-02-02T22:00:00,0.2043,ALL_PURPOSE,123456789,"{""run_as"": {""email"": ""user05@example.com""}, ""actor_type"": ""user""}"
2026-02-02T22:00:00,2026-02-02T23:00:00,0.0551,ALL_PURPOSE,123456789,"{""run_as"": {""email"": ""user05@example.com""}, ""actor_type"": ""user""}"
2026-02-02T23:00:00,2026-02-03T00:00:00,0.2542,ALL_PURPOSE,123456789,"{""run_as"": {""email"": ""user05@example.com""}, ""actor_type"": ""user""}"
2026-02-03T00:00:00,2026-02-03T01:00:00,0.4,ALL_PURPOSE,123456789,"{""run_as"": {""email"": ""user05@example.com""}, ""actor_type"": ""user""}"
2026-02-03T01:00:00,2026-02-03T02:00:00,0.0,ALL_PURPOSE,123456789,"{""run_as"": {""email"": ""user05@example.com""}, ""actor_type"": ""user""}"
2026-02-03T02:00:00,2026-02-03T03:00:00,0.3392,ALL_PURPOSE,123456789,"{""run_as"": {""email"": ""user05@example.com""}, ""actor_type"": ""user""}"
2026-02-03T03:00:00,2026-02-03T04:00:00,0.3855,ALL_PURPOSE,123456789,"{""run_as"": {""email"": ""user05@example.com""}, ""actor_type"": ""user""}"
2026-02-03T04:00:00,2026-02-03T05:00:00,0.2739,ALL_PURPOSE,123456789,"{""run_as"": {""email"": ""user05@example.com""}, ""actor_type"": ""user""}"
2026-02-03T05:00:00,2026-02-03T06:00:00,0.3171,ALL_PURPOSE,123456789,"{""run_as"": {""email"": ""user05@example.com""}, ""actor_type"": ""user""}"
2026-02-03T06:00:00,2026-02-03T07:00:00,0.1168,ALL_PURPOSE,123456789,"{""run_as"": {""email"": ""user05@example.com""}, ""actor_type"": ""user""}"
2026-02-03T07:00:00,2026-02-03T08:00:00,0.215,ALL_PURPOSE,123456789,"{""run_as"": {""email"": ""user05@example.com""}, ""actor_type"": ""user""}"
2026-02-03T08:00:00,2026-02-03T09:00:00,0.1829,ALL_PURPOSE,123456789,"{""run_as"": {""email"": ""user05@example.com""}, ""actor_type"": ""user""}"
2026-02-03T09:00:00,2026-02-03T10:00:00,0.3064,ALL_PURPOSE,123456789,"{""run_as"": {""email"": ""user05@example.com""}, ""actor_type"": ""user""}"
2026-02-03T10:00:00,2026-02-03T11:00:00,0.0,ALL_PURPOSE,123456789,"{""run_as"": {""email"": ""user05@example.com""}, ""actor_type"": ""user""}"
2026-02-03T11:00:00,2026-02-03T12:00:00,0.31,ALL_PURPOSE,123456789,"{""run_as"": {""email"": ""user05@example.com""}, ""actor_type"": ""user""}"
2026-02-03T12:00:00,2026-02-03T13:00:00,0.1467,ALL_PURPOSE,123456789,"{""run_as"": {""email"": ""user05@example.com""}, ""actor_type"": ""user""}"
2026-02-03T13:00:00,2026-02-03T14:00:00,0.0166,ALL_PURPOSE,123456789,"{""run_as"": {""email"": ""user05@example.com""}, ""actor_type"": ""user""}"
2026-02-03T14:00:00,2026-02-03T15:00:00,0.2185,ALL_PURPOSE,123456789,"{""run_as"": {""email"": ""user05@example.com""}, ""actor_type"": ""user""}"
2026-02-03T15:00:00,2026-02-03T16:00:00,0.041,ALL_PURPOSE,123456789,"{""run_as"": {""email"": ""user05@example.com""}, ""actor_type"": ""user""}"
2026-02-03T16:00:00,2026-02-03T17:00:00,0.3005,ALL_PURPOSE,123456789,"{""run_as"": {""email"": ""user05@example.com""}, ""actor_type"": ""user""}"
2026-02-03T17:00:00,2026-02-03T18:00:00,0.3997,ALL_PURPOSE,123456789,"{""run_as"": {""email"": ""user05@example.com""}, ""actor_type"": ""user""}"
2026-02-03T18:00:00,2026-02-03T19:00:00,0.1394,ALL_PURPOSE,123456789,"{""run_as"": {""email"": ""user05@example.com""}, ""actor_type"": ""user""}"
2026-02-03T19:00:00,2026-02-03T20:00:00,0.1756,ALL_PURPOSE,123456789,"{""run_as"": {""email"": ""user05@example.com""}, ""actor_type"": ""user""}"
2026-02-03T20:00:00,2026-02-03T21:00:00,0.3103,ALL_PURPOSE,123456789,"{""run_as"": {""email"": ""user05@example.com""}, ""actor_type"": ""user""}"
2026-02-03T21:00:00,2026-02-03T22:00:00,0.3243,ALL_PURPOSE,123456789,"{""run_as"": {""email"": ""user05@example.com""}, ""actor_type"": ""user""}"
2026-02-03T22:00:00,2026-02-03T23:00:00,0.1403,ALL_PURPOSE,123456789,"{""run_as"": {""email"": ""user05@example.com""}, ""actor_type"": ""user""}"
2026-02-03T23:00:00,2026-02-04T00:00:00,0.311,ALL_PURPOSE,123456789,"{""run_as"": {""email"": ""user05@example.com""}, ""actor_type"": ""user""}"
2026-02-04T00:00:00,2026-02-04T01:00:00,0.0237,ALL_PURPOSE,123456789,"{""run_as"": {""email"": ""user05@example.com""}, ""actor_type"": ""user""}"
2026-02-04T01:00:00,2026-02-04T02:00:00,0.8083,ALL_PURPOSE,123456789,"{""run_as"": {""email"": ""user05@example.com""}, ""actor_type"": ""user""}"
2026-02-04T02:00:00,2026-02-04T03:00:00,0.1069,ALL_PURPOSE,123456789,"{""run_as"": {""email"": ""user05@example.com""}, ""actor_type"": ""user""}"
2026-02-04T03:00:00,2026-02-04T04:00:00,1.0457,ALL_PURPOSE,123456789,"{""run_as"": {""email"": ""user05@example.com""}, ""actor_type"": ""user""}"
2026-02-04T04:00:00,2026-02-04T05:00:00,0.3675,ALL_PURPOSE,123456789,"{""run_as"": {""email"": ""user05@example.com""}, ""actor_type"": ""user""}"
2026-02-04T05:00:00,2026-02-04T06:00:00,0.0508,ALL_PURPOSE,123456789,"{""run_as"": {""email"": ""user05@example.com""}, ""actor_type"": ""user""}"
2026-02-04T06:00:00,2026-02-04T07:00:00,0.2846,ALL_PURPOSE,123456789,"{""run_as"": {""email"": ""user05@example.com""}, ""actor_type"": ""user""}"
2026-02-04T07:00:00,2026-02-04T08:00:00,0.3046,ALL_PURPOSE,123456789,"{""run_as"": {""email"": ""user05@example.com""}, ""actor_type"": ""user""}"
2026-02-04T08:00:00,2026-02-04T09:00:00,0.1958,ALL_PURPOSE,123456789,"{""run_as"": {""email"": ""user05@example.com""}, ""actor_type"": ""user""}"
2026-02-04T09:00:00,2026-02-04T10:00:00,0.1075,ALL_PURPOSE,123456789,"{""run_as"": {""email"": ""user05@example.com""}, ""actor_type"": ""user""}"
2026-02-04T10:00:00,2026-02-04T11:00:00,0.1808,ALL_PURPOSE,123456789,"{""run_as"": {""email"": ""user05@example.com""}, ""actor_type"": ""user""}"
2026-02-04T11:00:00,2026-02-04T12:00:00,0.0,ALL_PURPOSE,123456789,"{""run_as"": {""email"": ""user05@example.com""}, ""actor_type"": ""user""}"
2026-02-04T12:00:00,2026-02-04T13:00:00,0.2062,ALL_PURPOSE,123456789,"{""run_as"": {""email"": ""user05@example.com""}, ""actor_type"": ""user""}"
2026-02-04T13:00:00,2026-02-04T14:00:00,0.3745,ALL_PURPOSE,123456789,"{""run_as"": {""email"": ""user05@example.com""}, ""actor_type"": ""user""}"
2026-02-04T14:00:00,2026-02-04T15:00:00,0.3801,ALL_PURPOSE,123456789,"{""run_as"": {""email"": ""user05@example.com""}, ""actor_type"": ""user""}"
2026-02-04T15:00:00,2026-02-04T16:00:00,0.001,ALL_PURPOSE,123456789,"{""run_as"": {""email"": ""user05@example.com""}, ""actor_type"": ""user""}"
2026-02-04T16:00:00,2026-02-04T17:00:00,0.2931,ALL_PURPOSE,123456789,"{""run_as"": {""email"": ""user05@example.com""}, ""actor_type"": ""user""}"
2026-02-04T17:00:00,2026-02-04T18:00:00,0.1834,ALL_PURPOSE,123456789,"{""run_as"": {""email"": ""user05@example.com""}, ""actor_type"": ""user""}"
2026-02-04T18:00:00,2026-02-04T19:00:00,0.0,ALL_PURPOSE,123456789,"{""run_as"": {""email"": ""user05@example.com""}, ""actor_type"": ""user""}"
2026-02-04T19:00:00,2026-02-04T20:00:00,0.2138,ALL_PURPOSE,123456789,"{""run_as"": {""email"": ""user05@example.com""}, ""actor_type"": ""user""}"
2026-02-04T20:00:00,2026-02-04T21:00:00,0.1719,ALL_PURPOSE,123456789,"{""run_as"": {""email"": ""user05@example.com""}, ""actor_type"": ""user""}"
2026-02-04T21:00:00,2026-02-04T22:00:00,0.1074,ALL_PURPOSE,123456789,"{""run_as"": {""email"": ""user05@example.com""}, ""actor_type"": ""user""}"
2026-02-04T22:00:00,2026-02-04T23:00:00,0.1351,ALL_PURPOSE,123456789,"{""run_as"": {""email"": ""user05@example.com""}, ""actor_type"": ""user""}"
2026-02-04T23:00:00,2026-02-05T00:00:00,0.0,ALL_PURPOSE,123456789,"{""run_as"": {""email"": ""user05@example.com""}, ""actor_type"": ""user""}"
2026-02-05T00:00:00,2026-02-05T01:00:00,0.0398,ALL_PURPOSE,123456789,"{""run_as"": {""email"": ""user05@example.com""}, ""actor_type"": ""user""}"
2026-02-05T01:00:00,2026-02-05T02:00:00,0.0497,ALL_PURPOSE,123456789,"{""run_as"": {""email"": ""user05@example.com""}, ""actor_type"": ""user""}"
2026-02-05T02:00:00,2026-02-05T03:00:00,0.0003,ALL_PURPOSE,123456789,"{""run_as"": {""email"": ""user05@example.com""}, ""actor_type"": ""user""}"
2026-02-05T03:00:00,2026-02-05T04:00:00,0.8304,ALL_PURPOSE,123456789,"{""run_as"": {""email"": ""user05@example.com""}, ""actor_type"": ""user""}"
2026-02-05T04:00:00,2026-02-05T05:00:00,0.9313,ALL_PURPOSE,123456789,"{""run_as"": {""email"": ""user05@example.com""}, ""actor_type"": ""user""}"
2026-02-05T05:00:00,2026-02-05T06:00:00,0.1487,ALL_PURPOSE,123456789,"{""run_as"": {""email"": ""user05@example.com""}, ""actor_type"": ""user""}"
2026-02-05T06:00:00,2026-02-05T07:00:00,0.1585,ALL_PURPOSE,123456789,"{""run_as"": {""email"": ""user05@example.com""}, ""actor_type"": ""user""}"
2026-02-05T07:00:00,2026-02-05T08:00:00,0.2798,ALL_PURPOSE,123456789,"{""run_as"": {""email"": ""user05@example.com""}, ""actor_type"": ""user""}"
2026-02-05T08:00:00,2026-02-05T09:00:00,0.2622,ALL_PURPOSE,123456789,"{""run_as"": {""email"": ""user05@example.com""}, ""actor_type"": ""user""}"
2026-02-05T09:00:00,2026-02-05T10:00:00,0.0004,ALL_PURPOSE,123456789,"{""run_as"": {""email"": ""user05@example.com""}, ""actor_type"": ""user""}"
2026-02-05T10:00:00,2026-02-05T11:00:00,0.0531,ALL_PURPOSE,123456789,"{""run_as"": {""email"": ""user05@example.com""}, ""actor_type"": ""user""}"
2026-02-05T11:00:00,2026-02-05T12:00:00,0.0,ALL_PURPOSE,123456789,"{""run_as"": {""email"": ""user05@example.com""}, ""actor_type"": ""user""}"
2026-02-05T12:00:00,2026-02-05T13:00:00,0.2782,ALL_PURPOSE,123456789,"{""run_as"": {""email"": ""user05@example.com""}, ""actor_type"": ""user""}"
2026-02-05T13:00:00,2026-02-05T14:00:00,0.3953,ALL_PURPOSE,123456789,"{""run_as"": {""email"": ""user05@example.com""}, ""actor_type"": ""user""}"
2026-02-05T14:00:00,2026-02-05T15:00:00,0.0,ALL_PURPOSE,123456789,"{""run_as"": {""email"": ""user05@example.com""}, ""actor_type"": ""user""}"
2026-02-05T15:00:00,2026-02-05T16:00:00,0.1532,ALL_PURPOSE,123456789,"{""run_as"": {""email"": ""user05@example.com""}, ""actor_type"": ""user""}"
2026-02-05T16:00:00,2026-02-05T17:00:00,0.041,ALL_PURPOSE,123456789,"{""run_as"": {""email"": ""user05@example.com""}, ""actor_type"": ""user""}"
2026-02-05T17:00:00,2026-02-05T18:00:00,0.0,ALL_PURPOSE,123456789,"{""run_as"": {""email"": ""user05@example.com""}, ""actor_type"": ""user""}"
2026-02-05T18:00:00,2026-02-05T19:00:00,0.3094,ALL_PURPOSE,123456789,"{""run_as"": {""email"": ""user05@example.com""}, ""actor_type"": ""user""}"
2026-02-05T19:00:00,2026-02-05T20:00:00,0.0533,ALL_PURPOSE,123456789,"{""run_as"": {""email"": ""user05@example.com""}, ""actor_type"": ""user""}"
2026-02-05T20:00:00,2026-02-05T21:00:00,0.0571,ALL_PURPOSE,123456789,"{""run_as"": {""email"": ""user05@example.com""}, ""actor_type"": ""user""}"
2026-02-05T21:00:00,2026-02-05T22:00:00,0.0034,ALL_PURPOSE,123456789,"{""run_as"": {""email"": ""user05@example.com""}, ""actor_type"": ""user""}"
2026-02-05T22:00:00,2026-02-05T23:00:00,0.176,ALL_PURPOSE,123456789,"{""run_as"": {""email"": ""user05@example.com""}, ""actor_type"": ""user""}"
2026-02-05T23:00:00,2026-02-06T00:00:00,0.0605,ALL_PURPOSE,123456789,"{""run_as"": {""email"": ""user05@example.com""}, ""actor_type"": ""user""}"
2026-02-06T00:00:00,2026-02-06T01:00:00,0.5143,ALL_PURPOSE,123456789,"{""run_as"": {""email"": ""user05@example.com""}, ""actor_type"": ""user""}"
2026-02-06T01:00:00,2026-02-06T02:00:00,0.2358,ALL_PURPOSE,123456789,"{""run_as"": {""email"": ""user05@example.com""}, ""actor_type"": ""user""}"
2026-02-06T02:00:00,2026-02-06T03:00:00,0.0,ALL_PURPOSE,123456789,"{""run_as"": {""email"": ""user05@example.com""}, ""actor_type"": ""user""}"
2026-02-06T03:00:00,2026-02-06T04:00:00,0.2214,ALL_PURPOSE,123456789,"{""run_as"": {""email"": ""user05@example.com""}, ""actor_type"": ""user""}"
2026-02-06T04:00:00,2026-02-06T05:00:00,0.3116,ALL_PURPOSE,123456789,"{""run_as"": {""email"": ""user05@example.com""}, ""actor_type"": ""user""}"
2026-02-06T05:00:00,2026-02-06T06:00:00,0.7258,ALL_PURPOSE,123456789,"{""run_as"": {""email"": ""user05@example.com""}, ""actor_type"": ""user""}"
2026-02-06T06:00:00,2026-02-06T07:00:00,0.2991,ALL_PURPOSE,123456789,"{""run_as"": {""email"": ""user05@example.com""}, ""actor_type"": ""user""}"
2026-02-06T07:00:00,2026-02-06T08:00:00,0.0218,ALL_PURPOSE,123456789,"{""run_as"": {""email"": ""user05@example.com""}, ""actor_type"": ""user""}"
2026-02-06T08:00:00,2026-02-06T09:00:00,0.3819,ALL_PURPOSE,123456789,"{""run_as"": {""email"": ""user05@example.com""}, ""actor_type"": ""user""}"
2026-02-06T09:00:00,2026-02-06T10:00:00,0.0451,ALL_PURPOSE,123456789,"{""run_as"": {""email"": ""user05@example.com""}, ""actor_type"": ""user""}"
2026-02-06T10:00:00,2026-02-06T11:00:00,0.2376,ALL_PURPOSE,123456789,"{""run_as"": {""email"": ""user05@example.com""}, ""actor_type"": ""user""}"
2026-02-06T11:00:00,2026-02-06T12:00:00,0.3911,ALL_PURPOSE,123456789,"{""run_as"": {""email"": ""user05@example.com""}, ""actor_type"": ""user""}"
2026-02-06T12:00:00,2026-02-06T13:00:00,0.0,ALL_PURPOSE,123456789,"{""run_as"": {""email"": ""user05@example.com""}, ""actor_type"": ""user""}"
2026-02-06T13:00:00,2026-02-06T14:00:00,0.3443,ALL_PURPOSE,123456789,"{""run_as"": {""email"": ""user05@example.com""}, ""actor_type"": ""user""}"
2026-02-06T14:00:00,2026-02-06T15:00:00,0.1462,ALL_PURPOSE,123456789,"{""run_as"": {""email"": ""user05@example.com""}, ""actor_type"": ""user""}"
2026-02-06T15:00:00,2026-02-06T16:00:00,0.3051,ALL_PURPOSE,123456789,"{""run_as"": {""email"": ""user05@example.com""}, ""actor_type"": ""user""}"
2026-02-06T16:00:00,2026-02-06T17:00:00,0.0,ALL_PURPOSE,123456789,"{""run_as"": {""email"": ""user05@example.com""}, ""actor_type"": ""user""}"
2026-02-06T17:00:00,2026-02-06T18:00:00,0.027,ALL_PURPOSE,123456789,"{""run_as"": {""email"": ""user05@example.com""}, ""actor_type"": ""user""}"
2026-02-06T18:00:00,2026-02-06T19:00:00,0.0,ALL_PURPOSE,123456789,"{""run_as"": {""email"": ""user05@example.com""}, ""actor_type"": ""user""}"
2026-02-06T19:00:00,2026-02-06T20:00:00,0.3157,ALL_PURPOSE,123456789,"{""run_as"": {""email"": ""user05@example.com""}, ""actor_type"": ""user""}"
2026-02-06T20:00:00,2026-02-06T21:00:00,0.2514,ALL_PURPOSE,123456789,"{""run_as"": {""email"": ""user05@example.com""}, ""actor_type"": ""user""}"
2026-02-06T21:00:00,2026-02-06T22:00:00,0.1662,ALL_PURPOSE,123456789,"{""run_as"": {""email"": ""user05@example.com""}, ""actor_type"": ""user""}"
2026-02-06T22:00:00,2026-02-06T23:00:00,0.033,ALL_PURPOSE,123456789,"{""run_as"": {""email"": ""user05@example.com""}, ""actor_type"": ""user""}"
2026-02-06T23:00:00,2026-02-07T00:00:00,0.5689,ALL_PURPOSE,123456789,"{""run_as"": {""email"": ""user05@example.com""}, ""actor_type"": ""user""}"
2026-02-07T00:00:00,2026-02-07T01:00:00,0.3232,ALL_PURPOSE,123456789,"{""run_as"": {""email"": ""user05@example.com""}, ""actor_type"": ""user""}"
2026-02-07T01:00:00,2026-02-07T02:00:00,0.2537,ALL_PURPOSE,123456789,"{""run_as"": {""email"": ""user05@example.com""}, ""actor_type"": ""user""}"
2026-02-07T02:00:00,2026-02-07T03:00:00,0.0264,ALL_PURPOSE,123456789,"{""run_as"": {""email"": ""user05@example.com""}, ""actor_type"": ""user""}"
2026-02-07T03:00:00,2026-02-07T04:00:00,0.4989,ALL_PURPOSE,123456789,"{""run_as"": {""email"": ""user05@example.com""}, ""actor_type"": ""user""}"
2026-02-07T04:00:00,2026-02-07T05:00:00,0.1813,ALL_PURPOSE,123456789,"{""run_as"": {""email"": ""user05@example.com""}, ""actor_type"": ""user""}"
2026-02-07T05:00:00,2026-02-07T06:00:00,0.0,ALL_PURPOSE,123456789,"{""run_as"": {""email"": ""user05@example.com""}, ""actor_type"": ""user""}"
2026-02-07T06:00:00,2026-02-07T07:00:00,0.2832,ALL_PURPOSE,123456789,"{""run_as"": {""email"": ""user05@example.com""}, ""actor_type"": ""user""}"
2026-02-07T07:00:00,2026-02-07T08:00:00,0.0655,ALL_PURPOSE,123456789,"{""run_as"": {""email"": ""user05@example.com""}, ""actor_type"": ""user""}"
2026-02-07T08:00:00,2026-02-07T09:00:00,0.2092,ALL_PURPOSE,123456789,"{""run_as"": {""email"": ""user05@example.com""}, ""actor_type"": ""user""}"
2026-02-07T09:00:00,2026-02-07T10:00:00,0.2883,ALL_PURPOSE,123456789,"{""run_as"": {""email"": ""user05@example.com""}, ""actor_type"": ""user""}"
2026-02-07T10:00:00,2026-02-07T11:00:00,0.0508,ALL_PURPOSE,123456789,"{""run_as"": {""email"": ""user05@example.com""}, ""actor_type"": ""user""}"
2026-02-07T11:00:00,2026-02-07T12:00:00,0.1075,ALL_PURPOSE,123456789,"{""run_as"": {""email"": ""user05@example.com""}, ""actor_type"": ""user""}"
2026-02-07T12:00:00,2026-02-07T13:00:00,0.0,ALL_PURPOSE,123456789,"{""run_as"": {""email"": ""user05@example.com""}, ""actor_type"": ""user""}"
2026-02-07T13:00:00,2026-02-07T14:00:00,0.3228,ALL_PURPOSE,123456789,"{""run_as"": {""email"": ""user05@example.com""}, ""actor_type"": ""user""}"
2026-02-07T14:00:00,2026-02-07T15:00:00,0.0255,ALL_PURPOSE,123456789,"{""run_as"": {""email"": ""user05@example.com""}, ""actor_type"": ""user""}"
2026-02-07T15:00:00,2026-02-07T16:00:00,0.0,ALL_PURPOSE,123456789,"{""run_as"": {""email"": ""user05@example.com""}, ""actor_type"": ""user""}"
2026-02-07T16:00:00,2026-02-07T17:00:00,0.1821,ALL_PURPOSE,123456789,"{""run_as"": {""email"": ""user05@example.com""}, ""actor_type"": ""user""}"
2026-02-07T17:00:00,2026-02-07T18:00:00,0.1998,ALL_PURPOSE,123456789,"{""run_as"": {""email"": ""user05@example.com""}, ""actor_type"": ""user""}"
2026-02-07T18:00:00,2026-02-07T19:00:00,0.1471,ALL_PURPOSE,123456789,"{""run_as"": {""email"": ""user05@example.com""}, ""actor_type"": ""user""}"
2026-02-07T19:00:00,2026-02-07T20:00:00,0.0412,ALL_PURPOSE,123456789,"{""run_as"": {""email"": ""user05@example.com""}, ""actor_type"": ""user""}"
2026-02-07T20:00:00,2026-02-07T21:00:00,0.2891,ALL_PURPOSE,123456789,"{""run_as"": {""email"": ""user05@example.com""}, ""actor_type"": ""user""}"
2026-02-07T21:00:00,2026-02-07T22:00:00,0.0,ALL_PURPOSE,123456789,"{""run_as"": {""email"": ""user05@example.com""}, ""actor_type"": ""user""}"
2026-02-07T22:00:00,2026-02-07T23:00:00,0.7754,ALL_PURPOSE,123456789,"{""run_as"": {""email"": ""user05@example.com""}, ""actor_type"": ""user""}"
2026-02-07T23:00:00,2026-02-08T00:00:00,0.06,ALL_PURPOSE,123456789,"{""run_as"": {""email"": ""user05@example.com""}, ""actor_type"": ""user""}"
2026-02-08T00:00:00,2026-02-08T01:00:00,0.2211,ALL_PURPOSE,123456789,"{""run_as"": {""email"": ""user05@example.com""}, ""actor_type"": ""user""}"
2026-02-08T01:00:00,2026-02-08T02:00:00,0.5591,ALL_PURPOSE,123456789,"{""run_as"": {""email"": ""user05@example.com""}, ""actor_type"": ""user""}"
2026-02-08T02:00:00,2026-02-08T03:00:00,0.4695,ALL_PURPOSE,123456789,"{""run_as"": {""email"": ""user05@example.com""}, ""actor_type"": ""user""}"
2026-02-08T03:00:00,2026-02-08T04:00:00,1.0238,ALL_PURPOSE,123456789,"{""run_as"": {""email"": ""user05@example.com""}, ""actor_type"": ""user""}"
2026-02-08T04:00:00,2026-02-08T05:00:00,0.8072,ALL_PURPOSE,123456789,"{""run_as"": {""email"": ""user05@example.com""}, ""actor_type"": ""user""}"
2026-02-08T05:00:00,2026-02-08T06:00:00,0.0,ALL_PURPOSE,123456789,"{""run_as"": {""email"": ""user05@example.com""}, ""actor_type"": ""user""}"
2026-02-08T06:00:00,2026-02-08T07:00:00,0.0803,ALL_PURPOSE,123456789,"{""run_as"": {""email"": ""user05@example.com""}, ""actor_type"": ""user""}"
2026-02-08T07:00:00,2026-02-08T08:00:00,0.1216,ALL_PURPOSE,123456789,"{""run_as"": {""email"": ""user05@example.com""}, ""actor_type"": ""user""}"
2026-02-08T08:00:00,2026-02-08T09:00:00,0.1856,ALL_PURPOSE,123456789,"{""run_as"": {""email"": ""user05@example.com""}, ""actor_type"": ""user""}"
2026-02-08T09:00:00,2026-02-08T10:00:00,0.1973,ALL_PURPOSE,123456789,"{""run_as"": {""email"": ""user05@example.com""}, ""actor_type"": ""user""}"
2026-02-08T10:00:00,2026-02-08T11:00:00,0.0782,ALL_PURPOSE,123456789,"{""run_as"": {""email"": ""user05@example.com""}, ""actor_type"": ""user""}"
2026-02-08T11:00:00,2026-02-08T12:00:00,0.3042,ALL_PURPOSE,123456789,"{""run_as"": {""email"": ""user05@example.com""}, ""actor_type"": ""user""}"
2026-02-08T12:00:00,2026-02-08T13:00:00,0.0026,ALL_PURPOSE,123456789,"{""run_as"": {""email"": ""user05@example.com""}, ""actor_type"": ""user""}"
2026-02-08T13:00:00,2026-02-08T14:00:00,0.0932,ALL_PURPOSE,123456789,"{""run_as"": {""email"": ""user05@example.com""}, ""actor_type"": ""user""}"
2026-02-08T14:00:00,2026-02-08T15:00:00,0.3358,ALL_PURPOSE,123456789,"{""run_as"": {""email"": ""user05@example.com""}, ""actor_type"": ""user""}"
2026-02-08T15:00:00,2026-02-08T16:00:00,0.0,ALL_PURPOSE,123456789,"{""run_as"": {""email"": ""user05@example.com""}, ""actor_type"": ""user""}"
2026-02-08T16:00:00,2026-02-08T17:00:00,0.2629,ALL_PURPOSE,123456789,"{""run_as"": {""email"": ""user05@example.com""}, ""actor_type"": ""user""}"
2026-02-08T17:00:00,2026-02-08T18:00:00,0.0,ALL_PURPOSE,123456789,"{""run_as"": {""email"": ""user05@example.com""}, ""actor_type"": ""user""}"
2026-02-08T18:00:00,2026-02-08T19:00:00,0.2119,ALL_PURPOSE,123456789,"{""run_as"": {""email"": ""user05@example.com""}, ""actor_type"": ""user""}"
2026-02-08T19:00:00,2026-02-08T20:00:00,0.0,ALL_PURPOSE,123456789,"{""run_as"": {""email"": ""user05@example.com""}, ""actor_type"": ""user""}"
2026-02-08T20:00:00,2026-02-08T21:00:00,0.3988,ALL_PURPOSE,123456789,"{""run_as"": {""email"": ""user05@example.com""}, ""actor_type"": ""user""}"
2026-02-08T21:00:00,2026-02-08T22:00:00,0.0372,ALL_PURPOSE,123456789,"{""run_as"": {""email"": ""user05@example.com""}, ""actor_type"": ""user""}"
2026-02-08T22:00:00,2026-02-08T23:00:00,0.3589,ALL_PURPOSE,123456789,"{""run_as"": {""email"": ""user05@example.com""}, ""actor_type"": ""user""}"
2026-02-08T23:00:00,2026-02-09T00:00:00,0.0,ALL_PURPOSE,123456789,"{""run_as"": {""email"": ""user05@example.com""}, ""actor_type"": ""user""}"
2026-02-09T00:00:00,2026-02-09T01:00:00,0.0,ALL_PURPOSE,123456789,"{""run_as"": {""email"": ""user05@example.com""}, ""actor_type"": ""user""}"
2026-02-09T01:00:00,2026-02-09T02:00:00,0.2271,ALL_PURPOSE,123456789,"{""run_as"": {""email"": ""user05@example.com""}, ""actor_type"": ""user""}"
2026-02-09T02:00:00,2026-02-09T03:00:00,0.4152,ALL_PURPOSE,123456789,"{""run_as"": {""email"": ""user05@example.com""}, ""actor_type"": ""user""}"
2026-02-09T03:00:00,2026-02-09T04:00:00,0.2803,ALL_PURPOSE,123456789,"{""run_as"": {""email"": ""user05@example.com""}, ""actor_type"": ""user""}"
2026-02-09T04:00:00,2026-02-09T05:00:00,0.3507,ALL_PURPOSE,123456789,"{""run_as"": {""email"": ""user05@example.com""}, ""actor_type"": ""user""}"
2026-02-09T05:00:00,2026-02-09T06:00:00,0.4489,ALL_PURPOSE,123456789,"{""run_as"": {""email"": ""user05@example.com""}, ""actor_type"": ""user""}"
2026-02-09T06:00:00,2026-02-09T07:00:00,0.1626,ALL_PURPOSE,123456789,"{""run_as"": {""email"": ""user05@example.com""}, ""actor_type"": ""user""}"
2026-02-09T07:00:00,2026-02-09T08:00:00,0.3859,ALL_PURPOSE,123456789,"{""run_as"": {""email"": ""user05@example.com""}, ""actor_type"": ""user""}"
2026-02-09T08:00:00,2026-02-09T09:00:00,0.1233,ALL_PURPOSE,123456789,"{""run_as"": {""email"": ""user05@example.com""}, ""actor_type"": ""user""}"
2026-02-09T09:00:00,2026-02-09T10:00:00,0.048,ALL_PURPOSE,123456789,"{""run_as"": {""email"": ""user05@example.com""}, ""actor_type"": ""user""}"
2026-02-09T10:00:00,2026-02-09T11:00:00,0.2744,ALL_PURPOSE,123456789,"{""run_as"": {""email"": ""user05@example.com""}, ""actor_type"": ""user""}"
2026-02-09T11:00:00,2026-02-09T12:00:00,0.0,ALL_PURPOSE,123456789,"{""run_as"": {""email"": ""user05@example.com""}, ""actor_type"": ""user""}"
2026-02-09T12:00:00,2026-02-09T13:00:00,0.3344,ALL_PURPOSE,123456789,"{""run_as"": {""email"": ""user05@example.com""}, ""actor_type"": ""user""}"
2026-02-09T13:00:00,2026-02-09T14:00:00,0.0365,ALL_PURPOSE,123456789,"{""run_as"": {""email"": ""user05@example.com""}, ""actor_type"": ""user""}"
2026-02-09T14:00:00,2026-02-09T15:00:00,0.1423,ALL_PURPOSE,123456789,"{""run_as"": {""email"": ""user05@example.com""}, ""actor_type"": ""user""}"
2026-02-09T15:00:00,2026-02-09T16:00:00,0.2709,ALL_PURPOSE,123456789,"{""run_as"": {""email"": ""user05@example.com""}, ""actor_type"": ""user""}"
2026-02-09T16:00:00,2026-02-09T17:00:00,0.0,ALL_PURPOSE,123456789,"{""run_as"": {""email"": ""user05@example.com""}, ""actor_type"": ""user""}"
2026-02-09T17:00:00,2026-02-09T18:00:00,0.1618,ALL_PURPOSE,123456789,"{""run_as"": {""email"": ""user05@example.com""}, ""actor_type"": ""user""}"
2026-02-09T18:00:00,2026-02-09T19:00:00,0.2992,ALL_PURPOSE,123456789,"{""run_as"": {""email"": ""user05@example.com""}, ""actor_type"": ""user""}"
2026-02-09T19:00:00,2026-02-09T20:00:00,0.1848,ALL_PURPOSE,123456789,"{""run_as"": {""email"": ""user05@example.com""}, ""actor_type"": ""user""}"
2026-02-09T20:00:00,2026-02-09T21:00:00,0.0,ALL_PURPOSE,123456789,"{""run_as"": {""email"": ""user05@example.com""}, ""actor_type"": ""user""}"
2026-02-02T21:00:00,2026-02-02T22:00:00,0.3321,ALL_PURPOSE,123456789,"{""run_as"": {""email"": ""user06@example.com""}, ""actor_type"": ""user""}"
2026-02-02T22:00:00,2026-02-02T23:00:00,0.0523,ALL_PURPOSE,123456789,"{""run_as"": {""email"": ""user06@example.com""}, ""actor_type"": ""user""}"
2026-02-02T23:00:00,2026-02-03T00:00:00,0.2521,ALL_PURPOSE,123456789,"{""run_as"": {""email"": ""user06@example.com""}, ""actor_type"": ""user""}"
2026-02-03T00:00:00,2026-02-03T01:00:00,0.0,ALL_PURPOSE,123456789,"{""run_as"": {""email"": ""user06@example.com""}, ""actor_type"": ""user""}"
2026-02-03T01:00:00,2026-02-03T02:00:00,0.0258,ALL_PURPOSE,123456789,"{""run_as"": {""email"": ""user06@example.com""}, ""actor_type"": ""user""}"
2026-02-03T02:00:00,2026-02-03T03:00:00,0.0515,ALL_PURPOSE,123456789,"{""run_as"": {""email"": ""user06@example.com""}, ""actor_type"": ""user""}"
2026-02-03T03:00:00,2026-02-03T04:00:00,0.5553,ALL_PURPOSE,123456789,"{""run_as"": {""email"": ""user06@example.com""}, ""actor_type"": ""user""}"
2026-02-03T04:00:00,2026-02-03T05:00:00,0.2296,ALL_PURPOSE,123456789,"{""run_as"": {""email"": ""user06@example.com""}, ""actor_type"": ""user""}"
2026-02-03T05:00:00,2026-02-03T06:00:00,0.0118,ALL_PURPOSE,123456789,"{""run_as"": {""email"": ""user06@example.com""}, ""actor_type"": ""user""}"
2026-02-03T06:00:00,2026-02-03T07:00:00,0.0859,ALL_PURPOSE,123456789,"{""run_as"": {""email"": ""user06@example.com""}, ""actor_type"": ""user""}"
2026-02-03T07:00:00,2026-02-03T08:00:00,0.1119,ALL_PURPOSE,123456789,"{""run_as"": {""email"": ""user06@example.com""}, ""actor_type"": ""user""}"
2026-02-03T08:00:00,2026-02-03T09:00:00,0.0139,ALL_PURPOSE,123456789,"{""run_as"": {""email"": ""user06@example.com""}, ""actor_type"": ""user""}"
2026-02-03T09:00:00,2026-02-03T10:00:00,0.0983,ALL_PURPOSE,123456789,"{""run_as"": {""email"": ""user06@example.com""}, ""actor_type"": ""user""}"
2026-02-03T10:00:00,2026-02-03T11:00:00,0.1648,ALL_PURPOSE,123456789,"{""run_as"": {""email"": ""user06@example.com""}, ""actor_type"": ""user""}"
2026-02-03T11:00:00,2026-02-03T12:00:00,0.0244,ALL_PURPOSE,123456789,"{""run_as"": {""email"": ""user06@example.com""}, ""actor_type"": ""user""}"
2026-02-03T12:00:00,2026-02-03T13:00:00,0.0549,ALL_PURPOSE,123456789,"{""run_as"": {""email"": ""user06@example.com""}, ""actor_type"": ""user""}"
2026-02-03T13:00:00,2026-02-03T14:00:00,0.3539,ALL_PURPOSE,123456789,"{""run_as"": {""email"": ""user06@example.com""}, ""actor_type"": ""user""}"
2026-02-03T14:00:00,2026-02-03T15:00:00,0.2523,ALL_PURPOSE,123456789,"{""run_as"": {""email"": ""user06@example.com""}, ""actor_type"": ""user""}"
2026-02-03T15:00:00,2026-02-03T16:00:00,0.3179,ALL_PURPOSE,123456789,"{""run_as"": {""email"": ""user06@example.com""}, ""actor_type"": ""user""}"
2026-02-03T16:00:00,2026-02-03T17:00:00,0.3128,ALL_PURPOSE,123456789,"{""run_as"": {""email"": ""user06@example.com""}, ""actor_type"": ""user""}"
2026-02-03T17:00:00,2026-02-03T18:00:00,0.2178,ALL_PURPOSE,123456789,"{""run_as"": {""email"": ""user06@example.com""}, ""actor_type"": ""user""}"
2026-02-03T18:00:00,2026-02-03T19:00:00,0.3651,ALL_PURPOSE,123456789,"{""run_as"": {""email"": ""user06@example.com""}, ""actor_type"": ""user""}"
2026-02-03T19:00:00,2026-02-03T20:00:00,0.1554,ALL_PURPOSE,123456789,"{""run_as"": {""email"": ""user06@example.com""}, ""actor_type"": ""user""}"
2026-02-03T20:00:00,2026-02-03T21:00:00,0.1276,ALL_PURPOSE,123456789,"{""run_as"": {""email"": ""user06@example.com""}, ""actor_type"": ""user""}"
2026-02-03T21:00:00,2026-02-03T22:00:00,0.3583,ALL_PURPOSE,123456789,"{""run_as"": {""email"": ""user06@example.com""}, ""actor_type"": ""user""}"
2026-02-03T22:00:00,2026-02-03T23:00:00,0.0234,ALL_PURPOSE,123456789,"{""run_as"": {""email"": ""user06@example.com""}, ""actor_type"": ""user""}"
2026-02-03T23:00:00,2026-02-04T00:00:00,0.3067,ALL_PURPOSE,123456789,"{""run_as"": {""email"": ""user06@example.com""}, ""actor_type"": ""user""}"
2026-02-04T00:00:00,2026-02-04T01:00:00,0.0401,ALL_PURPOSE,123456789,"{""run_as"": {""email"": ""user06@example.com""}, ""actor_type"": ""user""}"
2026-02-04T01:00:00,2026-02-04T02:00:00,0.0,ALL_PURPOSE,123456789,"{""run_as"": {""email"": ""user06@example.com""}, ""actor_type"": ""user""}"
2026-02-04T02:00:00,2026-02-04T03:00:00,1.0911,ALL_PURPOSE,123456789,"{""run_as"": {""email"": ""user06@example.com""}, ""actor_type"": ""user""}"
2026-02-04T03:00:00,2026-02-04T04:00:00,0.1419,ALL_PURPOSE,123456789,"{""run_as"": {""email"": ""user06@example.com""}, ""actor_type"": ""user""}"
2026-02-04T04:00:00,2026-02-04T05:00:00,0.0704,ALL_PURPOSE,123456789,"{""run_as"": {""email"": ""user06@example.com""}, ""actor_type"": ""user""}"
2026-02-04T05:00:00,2026-02-04T06:00:00,0.0,ALL_PURPOSE,123456789,"{""run_as"": {""email"": ""user06@example.com""}, ""actor_type"": ""user""}"
2026-02-04T06:00:00,2026-02-04T07:00:00,0.2802,ALL_PURPOSE,123456789,"{""run_as"": {""email"": ""user06@example.com""}, ""actor_type"": ""user""}"
2026-02-04T07:00:00,2026-02-04T08:00:00,0.2254,ALL_PURPOSE,123456789,"{""run_as"": {""email"": ""user06@example.com""}, ""actor_type"": ""user""}"
2026-02-04T08:00:00,2026-02-04T09:00:00,0.0753,ALL_PURPOSE,123456789,"{""run_as"": {""email"": ""user06@example.com""}, ""actor_type"": ""user""}"
2026-02-04T09:00:00,2026-02-04T10:00:00,0.3527,ALL_PURPOSE,123456789,"{""run_as"": {""email"": ""user06@example.com""}, ""actor_type"": ""user""}"
2026-02-04T10:00:00,2026-02-04T11:00:00,0.1236,ALL_PURPOSE,123456789,"{""run_as"": {""email"": ""user06@example.com""}, ""actor_type"": ""user""}"
2026-02-04T11:00:00,2026-02-04T12:00:00,0.0361,ALL_PURPOSE,123456789,"{""run_as"": {""email"": ""user06@example.com""}, ""actor_type"": ""user""}"
2026-02-04T12:00:00,2026-02-04T13:00:00,0.0875,ALL_PURPOSE,123456789,"{""run_as"": {""email"": ""user06@example.com""}, ""actor_type"": ""user""}"
2026-02-04T13:00:00,2026-02-04T14:00:00,0.0003,ALL_PURPOSE,123456789,"{""run_as"": {""email"": ""user06@example.com""}, ""actor_type"": ""user""}"
2026-02-04T14:00:00,2026-02-04T15:00:00,0.0,ALL_PURPOSE,123456789,"{""run_as"": {""email"": ""user06@example.com""}, ""actor_type"": ""user""}"
2026-02-04T15:00:00,2026-02-04T16:00:00,0.2868,ALL_PURPOSE,123456789,"{""run_as"": {""email"": ""user06@example.com""}, ""actor_type"": ""user""}"
2026-02-04T16:00:00,2026-02-04T17:00:00,0.3377,ALL_PURPOSE,123456789,"{""run_as"": {""email"": ""user06@example.com""}, ""actor_type"": ""user""}"
2026-02-04T17:00:00,2026-02-04T18:00:00,0.0088,ALL_PURPOSE,123456789,"{""run_as"": {""email"": ""user06@example.com""}, ""actor_type"": ""user""}"
2026-02-04T18:00:00,2026-02-04T19:00:00,0.3669,ALL_PURPOSE,123456789,"{""run_as"": {""email"": ""user06@example.com""}, ""actor_type"": ""user""}"
2026-02-04T19:00:00,2026-02-04T20:00:00,0.3386,ALL_PURPOSE,123456789,"{""run_as"": {""email"": ""user06@example.com""}, ""actor_type"": ""user""}"
2026-02-04T20:00:00,2026-02-04T21:00:00,0.3842,ALL_PURPOSE,123456789,"{""run_as"": {""email"": ""user06@example.com""}, ""actor_type"": ""user""}"
2026-02-04T21:00:00,2026-02-04T22:00:00,0.3768,ALL_PURPOSE,123456789,"{""run_as"": {""email"": ""user06@example.com""}, ""actor_type"": ""user""}"
2026-02-04T22:00:00,2026-02-04T23:00:00,0.2359,ALL_PURPOSE,123456789,"{""run_as"": {""email"": ""user06@example.com""}, ""actor_type"": ""user""}"
2026-02-04T23:00:00,2026-02-05T00:00:00,0.3795,ALL_PURPOSE,123456789,"{""run_as"": {""email"": ""user06@example.com""}, ""actor_type"": ""user""}"
2026-02-05T00:00:00,2026-02-05T01:00:00,1.0378,ALL_PURPOSE,123456789,"{""run_as"": {""email"": ""user06@example.com""}, ""actor_type"": ""user""}"
2026-02-05T01:00:00,2026-02-05T02:00:00,0.3715,ALL_PURPOSE,123456789,"{""run_as"": {""email"": ""user06@example.com""}, ""actor_type"": ""user""}"
2026-02-05T02:00:00,2026-02-05T03:00:00,0.5504,ALL_PURPOSE,123456789,"{""run_as"": {""email"": ""user06@example.com""}, ""actor_type"": ""user""}"
2026-02-05T03:00:00,2026-02-05T04:00:00,0.0509,ALL_PURPOSE,123456789,"{""run_as"": {""email"": ""user06@example.com""}, ""actor_type"": ""user""}"
2026-02-05T04:00:00,2026-02-05T05:00:00,0.3795,ALL_PURPOSE,123456789,"{""run_as"": {""email"": ""user06@example.com""}, ""actor_type"": ""user""}"
2026-02-05T05:00:00,2026-02-05T06:00:00,0.9077,ALL_PURPOSE,123456789,"{""run_as"": {""email"": ""user06@example.com""}, ""actor_type"": ""user""}"
2026-02-05T06:00:00,2026-02-05T07:00:00,0.387,ALL_PURPOSE,123456789,"{""run_as"": {""email"": ""user06@example.com""}, ""actor_type"": ""user""}"
2026-02-05T07:00:00,2026-02-05T08:00:00,0.2262,ALL_PURPOSE,123456789,"{""run_as"": {""email"": ""user06@example.com""}, ""actor_type"": ""user""}"
2026-02-05T08:00:00,2026-02-05T09:00:00,0.0563,ALL_PURPOSE,123456789,"{""run_as"": {""email"": ""user06@example.com""}, ""actor_type"": ""user""}"
2026-02-05T09:00:00,2026-02-05T10:00:00,0.0952,ALL_PURPOSE,123456789,"{""run_as"": {""email"": ""user06@example.com""}, ""actor_type"": ""user""}"
2026-02-05T10:00:00,2026-02-05T11:00:00,0.0672,ALL_PURPOSE,123456789,"{""run_as"": {""email"": ""user06@example.com""}, ""actor_type"": ""user""}"
2026-02-05T11:00:00,2026-02-05T12:00:00,0.0355,ALL_PURPOSE,123456789,"{""run_as"": {""email"": ""user06@example.com""}, ""actor_type"": ""user""}"
2026-02-05T12:00:00,2026-02-05T13:00:00,0.2556,ALL_PURPOSE,123456789,"{""run_as"": {""email"": ""user06@example.com""}, ""actor_type"": ""user""}"
2026-02-05T13:00:00,2026-02-05T14:00:00,0.1787,ALL_PURPOSE,123456789,"{""run_as"": {""email"": ""user06@example.com""}, ""actor_type"": ""user""}"
2026-02-05T14:00:00,2026-02-05T15:00:00,0.0,ALL_PURPOSE,123456789,"{""run_as"": {""email"": ""user06@example.com""}, ""actor_type"": ""user""}"
2026-02-05T15:00:00,2026-02-05T16:00:00,0.0,ALL_PURPOSE,123456789,"{""run_as"": {""email"": ""user06@example.com""}, ""actor_type"": ""user""}"
2026-02-05T16:00:00,2026-02-05T17:00:00,0.0005,ALL_PURPOSE,123456789,"{""run_as"": {""email"": ""user06@example.com""}, ""actor_type"": ""user""}"
2026-02-05T17:00:00,2026-02-05T18:00:00,0.293,ALL_PURPOSE,123456789,"{""run_as"": {""email"": ""user06@example.com""}, ""actor_type"": ""user""}"
2026-02-05T18:00:00,2026-02-05T19:00:00,0.3538,ALL_PURPOSE,123456789,"{""run_as"": {""email"": ""user06@example.com""}, ""actor_type"": ""user""}"
2026-02-05T19:00:00,2026-02-05T20:00:00,0.1515,ALL_PURPOSE,123456789,"{""run_as"": {""email"": ""user06@example.com""}, ""actor_type"": ""user""}"
2026-02-05T20:00:00,2026-02-05T21:00:00,0.0406,ALL_PURPOSE,123456789,"{""run_as"": {""email"": ""user06@example.com""}, ""actor_type"": ""user""}"
2026-02-05T21:00:00,2026-02-05T22:00:00,0.3456,ALL_PURPOSE,123456789,"{""run_as"": {""email"": ""user06@example.com""}, ""actor_type"": ""user""}"
2026-02-05T22:00:00,2026-02-05T23:00:00,0.4265,ALL_PURPOSE,123456789,"{""run_as"": {""email"": ""user06@example.com""}, ""actor_type"": ""user""}"
2026-02-05T23:00:00,2026-02-06T00:00:00,0.0,ALL_PURPOSE,123456789,"{""run_as"": {""email"": ""user06@example.com""}, ""actor_type"": ""user""}"
2026-02-06T00:00:00,2026-02-06T01:00:00,0.068,ALL_PURPOSE,123456789,"{""run_as"": {""email"": ""user06@example.com""}, ""actor_type"": ""user""}"
2026-02-06T01:00:00,2026-02-06T02:00:00,0.0,ALL_PURPOSE,123456789,"{""run_as"": {""email"": ""user06@example.com""}, ""actor_type"": ""user""}"
2026-02-06T02:00:00,2026-02-06T03:00:00,0.2376,ALL_PURPOSE,123456789,"{""run_as"": {""email"": ""user06@example.com""}, ""actor_type"": ""user""}"
2026-02-06T03:00:00,2026-02-06T04:00:00,0.0124,ALL_PURPOSE,123456789,"{""run_as"": {""email"": ""user06@example.com""}, ""actor_type"": ""user""}"
2026-02-06T04:00:00,2026-02-06T05:00:00,0.5268,ALL_PURPOSE,123456789,"{""run_as"": {""email"": ""user06@example.com""}, ""actor_type"": ""user""}"
2026-02-06T05:00:00,2026-02-06T06:00:00,0.076,ALL_PURPOSE,123456789,"{""run_as"": {""email"": ""user06@example.com""}, ""actor_type"": ""user""}"
2026-02-06T06:00:00,2026-02-06T07:00:00,0.292,ALL_PURPOSE,123456789,"{""run_as"": {""email"": ""user06@example.com""}, ""actor_type"": ""user""}"
2026-02-06T07:00:00,2026-02-06T08:00:00,0.1126,ALL_PURPOSE,123456789,"{""run_as"": {""email"": ""user06@example.com""}, ""actor_type"": ""user""}"
2026-02-06T08:00:00,2026-02-06T09:00:00,0.0199,ALL_PURPOSE,123456789,"{""run_as"": {""email"": ""user06@example.com""}, ""actor_type"": ""user""}"
2026-02-06T09:00:00,2026-02-06T10:00:00,0.3359,ALL_PURPOSE,123456789,"{""run_as"": {""email"": ""user06@example.com""}, ""actor_type"": ""user""}"
2026-02-06T10:00:00,2026-02-06T11:00:00,0.1443,ALL_PURPOSE,123456789,"{""run_as"": {""email"": ""user06@example.com""}, ""actor_type"": ""user""}"
2026-02-06T11:00:00,2026-02-06T12:00:00,0.1178,ALL_PURPOSE,123456789,"{""run_as"": {""email"": ""user06@example.com""}, ""actor_type"": ""user""}"
2026-02-06T12:00:00,2026-02-06T13:00:00,0.2401,ALL_PURPOSE,123456789,"{""run_as"": {""email"": ""user06@example.com""}, ""actor_type"": ""user""}"
2026-02-06T13:00:00,2026-02-06T14:00:00,0.0103,ALL_PURPOSE,123456789,"{""run_as"": {""email"": ""user06@example.com""}, ""actor_type"": ""user""}"
2026-02-06T14:00:00,2026-02-06T15:00:00,0.0,ALL_PURPOSE,123456789,"{""run_as"": {""email"": ""user06@example.com""}, ""actor_type"": ""user""}"
2026-02-06T15:00:00,2026-02-06T16:00:00,0.3375,ALL_PURPOSE,123456789,"{""run_as"": {""email"": ""user06@example.com""}, ""actor_type"": ""user""}"
2026-02-06T16:00:00,2026-02-06T17:00:00,0.159,ALL_PURPOSE,123456789,"{""run_as"": {""email"": ""user06@example.com""}, ""actor_type"": ""user""}"
2026-02-06T17:00:00,2026-02-06T18:00:00,0.0,ALL_PURPOSE,123456789,"{""run_as"": {""email"": ""user06@example.com""}, ""actor_type"": ""user""}"
2026-02-06T18:00:00,2026-02-06T19:00:00,0.2177,ALL_PURPOSE,123456789,"{""run_as"": {""email"": ""user06@example.com""}, ""actor_type"": ""user""}"
2026-02-06T19:00:00,2026-02-06T20:00:00,0.3542,ALL_PURPOSE,123456789,"{""run_as"": {""email"": ""user06@example.com""}, ""actor_type"": ""user""}"
2026-02-06T20:00:00,2026-02-06T21:00:00,0.1783,ALL_PURPOSE,123456789,"{""run_as"": {""email"": ""user06@example.com""}, ""actor_type"": ""user""}"
2026-02-06T21:00:00,2026-02-06T22:00:00,0.186,ALL_PURPOSE,123456789,"{""run_as"": {""email"": ""user06@example.com""}, ""actor_type"": ""user""}"
2026-02-06T22:00:00,2026-02-06T23:00:00,0.734,ALL_PURPOSE,123456789,"{""run_as"": {""email"": ""user06@example.com""}, ""actor_type"": ""user""}"
2026-02-06T23:00:00,2026-02-07T00:00:00,0.5133,ALL_PURPOSE,123456789,"{""run_as"": {""email"": ""user06@example.com""}, ""actor_type"": ""user""}"
2026-02-07T00:00:00,2026-02-07T01:00:00,0.2359,ALL_PURPOSE,123456789,"{""run_as"": {""email"": ""user06@example.com""}, ""actor_type"": ""user""}"
2026-02-07T01:00:00,2026-02-07T02:00:00,0.3274,ALL_PURPOSE,123456789,"{""run_as"": {""email"": ""user06@example.com""}, ""actor_type"": ""user""}"
2026-02-07T02:00:00,2026-02-07T03:00:00,0.3468,ALL_PURPOSE,123456789,"{""run_as"": {""email"": ""user06@example.com""}, ""actor_type"": ""user""}"
2026-02-07T03:00:00,2026-02-07T04:00:00,0.9224,ALL_PURPOSE,123456789,"{""run_as"": {""email"": ""user06@example.com""}, ""actor_type"": ""user""}"
2026-02-07T04:00:00,2026-02-07T05:00:00,0.2008,ALL_PURPOSE,123456789,"{""run_as"": {""email"": ""user06@example.com""}, ""actor_type"": ""user""}"
2026-02-07T05:00:00,2026-02-07T06:00:00,0.0,ALL_PURPOSE,123456789,"{""run_as"": {""email"": ""user06@example.com""}, ""actor_type"": ""user""}"
2026-02-07T06:00:00,2026-02-07T07:00:00,0.3029,ALL_PURPOSE,123456789,"{""run_as"": {""email"": ""user06@example.com""}, ""actor_type"": ""user""}"
2026-02-07T07:00:00,2026-02-07T08:00:00,0.3937,ALL_PURPOSE,123456789,"{""run_as"": {""email"": ""user06@example.com""}, ""actor_type"": ""user""}"
2026-02-07T08:00:00,2026-02-07T09:00:00,0.0,ALL_PURPOSE,123456789,"{""run_as"": {""email"": ""user06@example.com""}, ""actor_type"": ""user""}"
2026-02-07T09:00:00,2026-02-07T10:00:00,0.1693,ALL_PURPOSE,123456789,"{""run_as"": {""email"": ""user06@example.com""}, ""actor_type"": ""user""}"
2026-02-07T10:00:00,2026-02-07T11:00:00,0.1742,ALL_PURPOSE,123456789,"{""run_as"": {""email"": ""user06@example.com""}, ""actor_type"": ""user""}"
2026-02-07T11:00:00,2026-02-07T12:00:00,0.2509,ALL_PURPOSE,123456789,"{""run_as"": {""email"": ""user06@example.com""}, ""actor_type"": ""user""}"
2026-02-07T12:00:00,2026-02-07T13:00:00,0.1032,ALL_PURPOSE,123456789,"{""run_as"": {""email"": ""user06@example.com""}, ""actor_type"": ""user""}"
2026-02-07T13:00:00,2026-02-07T14:00:00,0.0,ALL_PURPOSE,123456789,"{""run_as"": {""email"": ""user06@example.com""}, ""actor_type"": ""user""}"
2026-02-07T14:00:00,2026-02-07T15:00:00,0.1552,ALL_PURPOSE,123456789,"{""run_as"": {""email"": ""user06@example.com""}, ""actor_type"": ""user""}"
2026-02-07T15:00:00,2026-02-07T16:00:00,0.1305,ALL_PURPOSE,123456789,"{""run_as"": {""email"": ""user06@example.com""}, ""actor_type"": ""user""}"
2026-02-07T16:00:00,2026-02-07T17:00:00,0.1833,ALL_PURPOSE,123456789,"{""run_as"": {""email"": ""user06@example.com""}, ""actor_type"": ""user""}"
2026-02-07T17:00:00,2026-02-07T18:00:00,0.3146,ALL_PURPOSE,123456789,"{""run_as"": {""email"": ""user06@example.com""}, ""actor_type"": ""user""}"
2026-02-07T18:00:00,2026-02-07T19:00:00,0.209,ALL_PURPOSE,123456789,"{""run_as"": {""email"": ""user06@example.com""}, ""actor_type"": ""user""}"
2026-02-07T19:00:00,2026-02-07T20:00:00,0.0,ALL_PURPOSE,123456789,"{""run_as"": {""email"": ""user06@example.com""}, ""actor_type"": ""user""}"
2026-02-07T20:00:00,2026-02-07T21:00:00,0.2352,ALL_PURPOSE,123456789,"{""run_as"": {""email"": ""user06@example.com""}, ""actor_type"": ""user""}"
2026-02-07T21:00:00,2026-02-07T22:00:00,0.3759,ALL_PURPOSE,123456789,"{""run_as"": {""email"": ""user06@example.com""}, ""actor_type"": ""user""}"
2026-02-07T22:00:00,2026-02-07T23:00:00,0.5253,ALL_PURPOSE,123456789,"{""run_as"": {""email"": ""user06@example.com""}, ""actor_type"": ""user""}"
2026-02-07T23:00:00,2026-02-08T00:00:00,0.1375,ALL_PURPOSE,123456789,"{""run_as"": {""email"": ""user06@example.com""}, ""actor_type"": ""user""}"
2026-02-08T00:00:00,2026-02-08T01:00:00,0.0,ALL_PURPOSE,123456789,"{""run_as"": {""email"": ""user06@example.com""}, ""actor_type"": ""user""}"
2026-02-08T01:00:00,2026-02-08T02:00:00,0.6362,ALL_PURPOSE,123456789,"{""run_as"": {""email"": ""user06@example.com""}, ""actor_type"": ""user""}"
2026-02-08T02:00:00,2026-02-08T03:00:00,0.0155,ALL_PURPOSE,123456789,"{""run_as"": {""email"": ""user06@example.com""}, ""actor_type"": ""user""}"
2026-02-08T03:00:00,2026-02-08T04:00:00,0.095,ALL_PURPOSE,123456789,"{""run_as"": {""email"": ""user06@example.com""}, ""actor_type"": ""user""}"
2026-02-08T04:00:00,2026-02-08T05:00:00,1.031,ALL_PURPOSE,123456789,"{""run_as"": {""email"": ""user06@example.com""}, ""actor_type"": ""user""}"
2026-02-08T05:00:00,2026-02-08T06:00:00,0.1121,ALL_PURPOSE,123456789,"{""run_as"": {""email"": ""user06@example.com""}, ""actor_type"": ""user""}"
2026-02-08T06:00:00,2026-02-08T07:00:00,0.0393,ALL_PURPOSE,123456789,"{""run_as"": {""email"": ""user06@example.com""}, ""actor_type"": ""user""}"
2026-02-08T07:00:00,2026-02-08T08:00:00,0.0538,ALL_PURPOSE,123456789,"{""run_as"": {""email"": ""user06@example.com""}, ""actor_type"": ""user""}"
2026-02-08T08:00:00,2026-02-08T09:00:00,0.1772,ALL_PURPOSE,123456789,"{""run_as"": {""email"": ""user06@example.com""}, ""actor_type"": ""user""}"
2026-02-08T09:00:00,2026-02-08T10:00:00,0.1078,ALL_PURPOSE,123456789,"{""run_as"": {""email"": ""user06@example.com""}, ""actor_type"": ""user""}"
2026-02-08T10:00:00,2026-02-08T11:00:00,0.2582,ALL_PURPOSE,123456789,"{""run_as"": {""email"": ""user06@example.com""}, ""actor_type"": ""user""}"
2026-02-08T11:00:00,2026-02-08T12:00:00,0.0846,ALL_PURPOSE,123456789,"{""run_as"": {""email"": ""user06@example.com""}, ""actor_type"": ""user""}"
2026-02-08T12:00:00,2026-02-08T13:00:00,0.2964,ALL_PURPOSE,123456789,"{""run_as"": {""email"": ""user06@example.com""}, ""actor_type"": ""user""}"
2026-02-08T13:00:00,2026-02-08T14:00:00,0.3469,ALL_PURPOSE,123456789,"{""run_as"": {""email"": ""user06@example.com""}, ""actor_type"": ""user""}"
2026-02-08T14:00:00,2026-02-08T15:00:00,0.2061,ALL_PURPOSE,123456789,"{""run_as"": {""email"": ""user06@example.com""}, ""actor_type"": ""user""}"
2026-02-08T15:00:00,2026-02-08T16:00:00,0.1244,ALL_PURPOSE,123456789,"{""run_as"": {""email"": ""user06@example.com""}, ""actor_type"": ""user""}"
2026-02-08T16:00:00,2026-02-08T17:00:00,0.0543,ALL_PURPOSE,123456789,"{""run_as"": {""email"": ""user06@example.com""}, ""actor_type"": ""user""}"
2026-02-08T17:00:00,2026-02-08T18:00:00,0.0,ALL_PURPOSE,123456789,"{""run_as"": {""email"": ""user06@example.com""}, ""actor_type"": ""user""}"
2026-02-08T18:00:00,2026-02-08T19:00:00,0.0771,ALL_PURPOSE,123456789,"{""run_as"": {""email"": ""user06@example.com""}, ""actor_type"": ""user""}"
2026-02-08T19:00:00,2026-02-08T20:00:00,0.3348,ALL_PURPOSE,123456789,"{""run_as"": {""email"": ""user06@example.com""}, ""actor_type"": ""user""}"
2026-02-08T20:00:00,2026-02-08T21:00:00,0.1826,ALL_PURPOSE,123456789,"{""run_as"": {""email"": ""user06@example.com""}, ""actor_type"": ""user""}"
2026-02-08T21:00:00,2026-02-08T22:00:00,0.2819,ALL_PURPOSE,123456789,"{""run_as"": {""email"": ""user06@example.com""}, ""actor_type"": ""user""}"
2026-02-08T22:00:00,2026-02-08T23:00:00,0.3294,ALL_PURPOSE,123456789,"{""run_as"": {""email"": ""user06@example.com""}, ""actor_type"": ""user""}"
2026-02-08T23:00:00,2026-02-09T00:00:00,0.4103,ALL_PURPOSE,123456789,"{""run_as"": {""email"": ""user06@example.com""}, ""actor_type"": ""user""}"
2026-02-09T00:00:00,2026-02-09T01:00:00,0.071,ALL_PURPOSE,123456789,"{""run_as"": {""email"": ""user06@example.com""}, ""actor_type"": ""user""}"
2026-02-09T01:00:00,2026-02-09T02:00:00,0.866,ALL_PURPOSE,123456789,"{""run_as"": {""email"": ""user06@example.com""}, ""actor_type"": ""user""}"
2026-02-09T02:00:00,2026-02-09T03:00:00,0.6461,ALL_PURPOSE,123456789,"{""run_as"": {""email"": ""user06@example.com""}, ""actor_type"": ""user""}"
2026-02-09T03:00:00,2026-02-09T04:00:00,0.2289,ALL_PURPOSE,123456789,"{""run_as"": {""email"": ""user06@example.com""}, ""actor_type"": ""user""}"
2026-02-09T04:00:00,2026-02-09T05:00:00,0.259,ALL_PURPOSE,123456789,"{""run_as"": {""email"": ""user06@example.com""}, ""actor_type"": ""user""}"
2026-02-09T05:00:00,2026-02-09T06:00:00,0.81,ALL_PURPOSE,123456789,"{""run_as"": {""email"": ""user06@example.com""}, ""actor_type"": ""user""}"
2026-02-09T06:00:00,2026-02-09T07:00:00,0.0036,ALL_PURPOSE,123456789,"{""run_as"": {""email"": ""user06@example.com""}, ""actor_type"": ""user""}"
2026-02-09T07:00:00,2026-02-09T08:00:00,0.2589,ALL_PURPOSE,123456789,"{""run_as"": {""email"": ""user06@example.com""}, ""actor_type"": ""user""}"
2026-02-09T08:00:00,2026-02-09T09:00:00,0.0034,ALL_PURPOSE,123456789,"{""run_as"": {""email"": ""user06@example.com""}, ""actor_type"": ""user""}"
2026-02-09T09:00:00,2026-02-09T10:00:00,0.322,ALL_PURPOSE,123456789,"{""run_as"": {""email"": ""user06@example.com""}, ""actor_type"": ""user""}"
2026-02-09T10:00:00,2026-02-09T11:00:00,0.3868,ALL_PURPOSE,123456789,"{""run_as"": {""email"": ""user06@example.com""}, ""actor_type"": ""user""}"
2026-02-09T11:00:00,2026-02-09T12:00:00,0.1695,ALL_PURPOSE,123456789,"{""run_as"": {""email"": ""user06@example.com""}, ""actor_type"": ""user""}"
2026-02-09T12:00:00,2026-02-09T13:00:00,0.1395,ALL_PURPOSE,123456789,"{""run_as"": {""email"": ""user06@example.com""}, ""actor_type"": ""user""}"
2026-02-09T13:00:00,2026-02-09T14:00:00,0.1867,ALL_PURPOSE,123456789,"{""run_as"": {""email"": ""user06@example.com""}, ""actor_type"": ""user""}"
2026-02-09T14:00:00,2026-02-09T15:00:00,0.3297,ALL_PURPOSE,123456789,"{""run_as"": {""email"": ""user06@example.com""}, ""actor_type"": ""user""}"
2026-02-09T15:00:00,2026-02-09T16:00:00,0.0409,ALL_PURPOSE,123456789,"{""run_as"": {""email"": ""user06@example.com""}, ""actor_type"": ""user""}"
2026-02-09T16:00:00,2026-02-09T17:00:00,0.2649,ALL_PURPOSE,123456789,"{""run_as"": {""email"": ""user06@example.com""}, ""actor_type"": ""user""}"
2026-02-09T17:00:00,2026-02-09T18:00:00,0.1497,ALL_PURPOSE,123456789,"{""run_as"": {""email"": ""user06@example.com""}, ""actor_type"": ""user""}"
2026-02-09T18:00:00,2026-02-09T19:00:00,0.2436,ALL_PURPOSE,123456789,"{""run_as"": {""email"": ""user06@example.com""}, ""actor_type"": ""user""}"
2026-02-09T19:00:00,2026-02-09T20:00:00,0.0,ALL_PURPOSE,123456789,"{""run_as"": {""email"": ""user06@example.com""}, ""actor_type"": ""user""}"
2026-02-09T20:00:00,2026-02-09T21:00:00,0.3953,ALL_PURPOSE,123456789,"{""run_as"": {""email"": ""user06@example.com""}, ""actor_type"": ""user""}"
2026-02-02T21:00:00,2026-02-02T22:00:00,0.3446,ALL_PURPOSE,123456789,"{""run_as"": {""email"": ""user07@example.com""}, ""actor_type"": ""user""}"
2026-02-02T22:00:00,2026-02-02T23:00:00,0.2844,ALL_PURPOSE,123456789,"{""run_as"": {""email"": ""user07@example.com""}, ""actor_type"": ""user""}"
2026-02-02T23:00:00,2026-02-03T00:00:00,0.06,ALL_PURPOSE,123456789,"{""run_as"": {""email"": ""user07@example.com""}, ""actor_type"": ""user""}"
2026-02-03T00:00:00,2026-02-03T01:00:00,0.3222,ALL_PURPOSE,123456789,"{""run_as"": {""email"": ""user07@example.com""}, ""actor_type"": ""user""}"
2026-02-03T01:00:00,2026-02-03T02:00:00,0.2642,ALL_PURPOSE,123456789,"{""run_as"": {""email"": ""user07@example.com""}, ""actor_type"": ""user""}"
2026-02-03T02:00:00,2026-02-03T03:00:00,0.2622,ALL_PURPOSE,123456789,"{""run_as"": {""email"": ""user07@example.com""}, ""actor_type"": ""user""}"
2026-02-03T03:00:00,2026-02-03T04:00:00,0.0,ALL_PURPOSE,123456789,"{""run_as"": {""email"": ""user07@example.com""}, ""actor_type"": ""user""}"
2026-02-03T04:00:00,2026-02-03T05:00:00,0.2832,ALL_PURPOSE,123456789,"{""run_as"": {""email"": ""user07@example.com""}, ""actor_type"": ""user""}"
2026-02-03T05:00:00,2026-02-03T06:00:00,0.7649,ALL_PURPOSE,123456789,"{""run_as"": {""email"": ""user07@example.com""}, ""actor_type"": ""user""}"
2026-02-03T06:00:00,2026-02-03T07:00:00,0.3626,ALL_PURPOSE,123456789,"{""run_as"": {""email"": ""user07@example.com""}, ""actor_type"": ""user""}"
2026-02-03T07:00:00,2026-02-03T08:00:00,0.2029,ALL_PURPOSE,123456789,"{""run_as"": {""email"": ""user07@example.com""}, ""actor_type"": ""user""}"
2026-02-03T08:00:00,2026-02-03T09:00:00,0.3363,ALL_PURPOSE,123456789,"{""run_as"": {""email"": ""user07@example.com""}, ""actor_type"": ""user""}"
2026-02-03T09:00:00,2026-02-03T10:00:00,0.0,ALL_PURPOSE,123456789,"{""run_as"": {""email"": ""user07@example.com""}, ""actor_type"": ""user""}"
2026-02-03T10:00:00,2026-02-03T11:00:00,0.0512,ALL_PURPOSE,123456789,"{""run_as"": {""email"": ""user07@example.com""}, ""actor_type"": ""user""}"
2026-02-03T11:00:00,2026-02-03T12:00:00,0.3233,ALL_PURPOSE,123456789,"{""run_as"": {""email"": ""user07@example.com""}, ""actor_type"": ""user""}"
2026-02-03T12:00:00,2026-02-03T13:00:00,0.0732,ALL_PURPOSE,123456789,"{""run_as"": {""email"": ""user07@example.com""}, ""actor_type"": ""user""}"
2026-02-03T13:00:00,2026-02-03T14:00:00,0.0,ALL_PURPOSE,123456789,"{""run_as"": {""email"": ""user07@example.com""}, ""actor_type"": ""user""}"
2026-02-03T14:00:00,2026-02-03T15:00:00,0.1421,ALL_PURPOSE,123456789,"{""run_as"": {""email"": ""user07@example.com""}, ""actor_type"": ""user""}"
2026-02-03T15:00:00,2026-02-03T16:00:00,0.1228,ALL_PURPOSE,123456789,"{""run_as"": {""email"": ""user07@example.com""}, ""actor_type"": ""user""}"
2026-02-03T16:00:00,2026-02-03T17:00:00,0.1325,ALL_PURPOSE,123456789,"{""run_as"": {""email"": ""user07@example.com""}, ""actor_type"": ""user""}"
2026-02-03T17:00:00,2026-02-03T18:00:00,0.1176,ALL_PURPOSE,123456789,"{""run_as"": {""email"": ""user07@example.com""}, ""actor_type"": ""user""}"
2026-02-03T18:00:00,2026-02-03T19:00:00,0.1882,ALL_PURPOSE,123456789,"{""run_as"": {""email"": ""user07@example.com""}, ""actor_type"": ""user""}"
2026-02-03T19:00:00,2026-02-03T20:00:00,0.2334,ALL_PURPOSE,123456789,"{""run_as"": {""email"": ""user07@example.com""}, ""actor_type"": ""user""}"
2026-02-03T20:00:00,2026-02-03T21:00:00,0.0285,ALL_PURPOSE,123456789,"{""run_as"": {""email"": ""user07@example.com""}, ""actor_type"": ""user""}"
2026-02-03T21:00:00,2026-02-03T22:00:00,0.2002,ALL_PURPOSE,123456789,"{""run_as"": {""email"": ""user07@example.com""}, ""actor_type"": ""user""}"
2026-02-03T22:00:00,2026-02-03T23:00:00,0.2905,ALL_PURPOSE,123456789,"{""run_as"": {""email"": ""user07@example.com""}, ""actor_type"": ""user""}"
2026-02-03T23:00:00,2026-02-04T00:00:00,0.4414,ALL_PURPOSE,123456789,"{""run_as"": {""email"": ""user07@example.com""}, ""actor_type"": ""user""}"
2026-02-04T00:00:00,2026-02-04T01:00:00,0.3626,ALL_PURPOSE,123456789,"{""run_as"": {""email"": ""user07@example.com""}, ""actor_type"": ""user""}"
2026-02-04T01:00:00,2026-02-04T02:00:00,0.2863,ALL_PURPOSE,123456789,"{""run_as"": {""email"": ""user07@example.com""}, ""actor_type"": ""user""}"
2026-02-04T02:00:00,2026-02-04T03:00:00,0.0,ALL_PURPOSE,123456789,"{""run_as"": {""email"": ""user07@example.com""}, ""actor_type"": ""user""}"
2026-02-04T03:00:00,2026-02-04T04:00:00,0.1094,ALL_PURPOSE,123456789,"{""run_as"": {""email"": ""user07@example.com""}, ""actor_type"": ""user""}"
2026-02-04T04:00:00,2026-02-04T05:00:00,0.3058,ALL_PURPOSE,123456789,"{""run_as"": {""email"": ""user07@example.com""}, ""actor_type"": ""user""}"
2026-02-04T05:00:00,2026-02-04T06:00:00,0.0352,ALL_PURPOSE,123456789,"{""run_as"": {""email"": ""user07@example.com""}, ""actor_type"": ""user""}"
2026-02-04T06:00:00,2026-02-04T07:00:00,0.1614,ALL_PURPOSE,123456789,"{""run_as"": {""email"": ""user07@example.com""}, ""actor_type"": ""user""}"
2026-02-04T07:00:00,2026-02-04T08:00:00,0.0,ALL_PURPOSE,123456789,"{""run_as"": {""email"": ""user07@example.com""}, ""actor_type"": ""user""}"
2026-02-04T08:00:00,2026-02-04T09:00:00,0.0798,ALL_PURPOSE,123456789,"{""run_as"": {""email"": ""user07@example.com""}, ""actor_type"": ""user""}"
2026-02-04T09:00:00,2026-02-04T10:00:00,0.0056,ALL_PURPOSE,123456789,"{""run_as"": {""email"": ""user07@example.com""}, ""actor_type"": ""user""}"
2026-02-04T10:00:00,2026-02-04T11:00:00,0.3333,ALL_PURPOSE,123456789,"{""run_as"": {""email"": ""user07@example.com""}, ""actor_type"": ""user""}"
2026-02-04T11:00:00,2026-02-04T12:00:00,0.2707,ALL_PURPOSE,123456789,"{""run_as"": {""email"": ""user07@example.com""}, ""actor_type"": ""user""}"
2026-02-04T12:00:00,2026-02-04T13:00:00,0.0995,ALL_PURPOSE,123456789,"{""run_as"": {""email"": ""user07@example.com""}, ""actor_type"": ""user""}"
2026-02-04T13:00:00,2026-02-04T14:00:00,0.0,ALL_PURPOSE,123456789,"{""run_as"": {""email"": ""user07@example.com""}, ""actor_type"": ""user""}"
2026-02-04T14:00:00,2026-02-04T15:00:00,0.1534,ALL_PURPOSE,123456789,"{""run_as"": {""email"": ""user07@example.com""}, ""actor_type"": ""user""}"
2026-02-04T15:00:00,2026-02-04T16:00:00,0.0668,ALL_PURPOSE,123456789,"{""run_as"": {""email"": ""user07@example.com""}, ""actor_type"": ""user""}"
2026-02-04T16:00:00,2026-02-04T17:00:00,0.1193,ALL_PURPOSE,123456789,"{""run_as"": {""email"": ""user07@example.com""}, ""actor_type"": ""user""}"
2026-02-04T17:00:00,2026-02-04T18:00:00,0.2911,ALL_PURPOSE,123456789,"{""run_as"": {""email"": ""user07@example.com""}, ""actor_type"": ""user""}"
2026-02-04T18:00:00,2026-02-04T19:00:00,0.1351,ALL_PURPOSE,123456789,"{""run_as"": {""email"": ""user07@example.com""}, ""actor_type"": ""user""}"
2026-02-04T19:00:00,2026-02-04T20:00:00,0.3982,ALL_PURPOSE,123456789,"{""run_as"": {""email"": ""user07@example.com""}, ""actor_type"": ""user""}"
2026-02-04T20:00:00,2026-02-04T21:00:00,0.3606,ALL_PURPOSE,123456789,"{""run_as"": {""email"": ""user07@example.com""}, ""actor_type"": ""user""}"
2026-02-04T21:00:00,2026-02-04T22:00:00,0.0754,ALL_PURPOSE,123456789,"{""run_as"": {""email"": ""user07@example.com""}, ""actor_type"": ""user""}"
2026-02-04T22:00:00,2026-02-04T23:00:00,0.3673,ALL_PURPOSE,123456789,"{""run_as"": {""email"": ""user07@example.com""}, ""actor_type"": ""user""}"
2026-02-04T23:00:00,2026-02-05T00:00:00,0.9047,ALL_PURPOSE,123456789,"{""run_as"": {""email"": ""user07@example.com""}, ""actor_type"": ""user""}"
2026-02-05T00:00:00,2026-02-05T01:00:00,0.0676,ALL_PURPOSE,123456789,"{""run_as"": {""email"": ""user07@example.com""}, ""actor_type"": ""user""}"
2026-02-05T01:00:00,2026-02-05T02:00:00,0.0149,ALL_PURPOSE,123456789,"{""run_as"": {""email"": ""user07@example.com""}, ""actor_type"": ""user""}"
2026-02-05T02:00:00,2026-02-05T03:00:00,1.0102,ALL_PURPOSE,123456789,"{""run_as"": {""email"": ""user07@example.com""}, ""actor_type"": ""user""}"
2026-02-05T03:00:00,2026-02-05T04:00:00,0.8443,ALL_PURPOSE,123456789,"{""run_as"": {""email"": ""user07@example.com""}, ""actor_type"": ""user""}"
2026-02-05T04:00:00,2026-02-05T05:00:00,0.1521,ALL_PURPOSE,123456789,"{""run_as"": {""email"": ""user07@example.com""}, ""actor_type"": ""user""}"
2026-02-05T05:00:00,2026-02-05T06:00:00,0.0613,ALL_PURPOSE,123456789,"{""run_as"": {""email"": ""user07@example.com""}, ""actor_type"": ""user""}"
2026-02-05T06:00:00,2026-02-05T07:00:00,0.1204,ALL_PURPOSE,123456789,"{""run_as"": {""email"": ""user07@example.com""}, ""actor_type"": ""user""}"
2026-02-05T07:00:00,2026-02-05T08:00:00,0.265,ALL_PURPOSE,123456789,"{""run_as"": {""email"": ""user07@example.com""}, ""actor_type"": ""user""}"
2026-02-05T08:00:00,2026-02-05T09:00:00,0.0,ALL_PURPOSE,123456789,"{""run_as"": {""email"": ""user07@example.com""}, ""actor_type"": ""user""}"
2026-02-05T09:00:00,2026-02-05T10:00:00,0.0,ALL_PURPOSE,123456789,"{""run_as"": {""email"": ""user07@example.com""}, ""actor_type"": ""user""}"
2026-02-05T10:00:00,2026-02-05T11:00:00,0.0,ALL_PURPOSE,123456789,"{""run_as"": {""email"": ""user07@example.com""}, ""actor_type"": ""user""}"
2026-02-05T11:00:00,2026-02-05T12:00:00,0.0,ALL_PURPOSE,123456789,"{""run_as"": {""email"": ""user07@example.com""}, ""actor_type"": ""user""}"
2026-02-05T12:00:00,2026-02-05T13:00:00,0.0795,ALL_PURPOSE,123456789,"{""run_as"": {""email"": ""user07@example.com""}, ""actor_type"": ""user""}"
2026-02-05T13:00:00,2026-02-05T14:00:00,0.1052,ALL_PURPOSE,123456789,"{""run_as"": {""email"": ""user07@example.com""}, ""actor_type"": ""user""}"
2026-02-05T14:00:00,2026-02-05T15:00:00,0.0807,ALL_PURPOSE,123456789,"{""run_as"": {""email"": ""user07@example.com""}, ""actor_type"": ""user""}"
2026-02-05T15:00:00,2026-02-05T16:00:00,0.0,ALL_PURPOSE,123456789,"{""run_as"": {""email"": ""user07@example.com""}, ""actor_type"": ""user""}"
2026-02-05T16:00:00,2026-02-05T17:00:00,0.1985,ALL_PURPOSE,123456789,"{""run_as"": {""email"": ""user07@example.com""}, ""actor_type"": ""user""}"
2026-02-05T17:00:00,2026-02-05T18:00:00,0.3732,ALL_PURPOSE,123456789,"{""run_as"": {""email"": ""user07@example.com""}, ""actor_type"": ""user""}"
2026-02-05T18:00:00,2026-02-05T19:00:00,0.0011,ALL_PURPOSE,123456789,"{""run_as"": {""email"": ""user07@example.com""}, ""actor_type"": ""user""}"
2026-02-05T19:00:00,2026-02-05T20:00:00,0.3628,ALL_PURPOSE,123456789,"{""run_as"": {""email"": ""user07@example.com""}, ""actor_type"": ""user""}"
2026-02-05T20:00:00,2026-02-05T21:00:00,0.0,ALL_PURPOSE,123456789,"{""run_as"": {""email"": ""user07@example.com""}, ""actor_type"": ""user""}"
2026-02-05T21:00:00,2026-02-05T22:00:00,0.036,ALL_PURPOSE,123456789,"{""run_as"": {""email"": ""user07@example.com""}, ""actor_type"": ""user""}"
2026-02-05T22:00:00,2026-02-05T23:00:00,0.5685,ALL_PURPOSE,123456789,"{""run_as"": {""email"": ""user07@example.com""}, ""actor_type"": ""user""}"
2026-02-05T23:00:00,2026-02-06T00:00:00,0.0,ALL_PURPOSE,123456789,"{""run_as"": {""email"": ""user07@example.com""}, ""actor_type"": ""user""}"
2026-02-06T00:00:00,2026-02-06T01:00:00,0.3733,ALL_PURPOSE,123456789,"{""run_as"": {""email"": ""user07@example.com""}, ""actor_type"": ""user""}"
2026-02-06T01:00:00,2026-02-06T02:00:00,0.0,ALL_PURPOSE,123456789,"{""run_as"": {""email"": ""user07@example.com""}, ""actor_type"": ""user""}"
2026-02-06T02:00:00,2026-02-06T03:00:00,0.9997,ALL_PURPOSE,123456789,"{""run_as"": {""email"": ""user07@example.com""}, ""actor_type"": ""user""}"
2026-02-06T03:00:00,2026-02-06T04:00:00,0.0682,ALL_PURPOSE,123456789,"{""run_as"": {""email"": ""user07@example.com""}, ""actor_type"": ""user""}"
2026-02-06T04:00:00,2026-02-06T05:00:00,0.0,ALL_PURPOSE,123456789,"{""run_as"": {""email"": ""user07@example.com""}, ""actor_type"": ""user""}"
2026-02-06T05:00:00,2026-02-06T06:00:00,0.7065,ALL_PURPOSE,123456789,"{""run_as"": {""email"": ""user07@example.com""}, ""actor_type"": ""user""}"
2026-02-06T06:00:00,2026-02-06T07:00:00,0.1087,ALL_PURPOSE,123456789,"{""run_as"": {""email"": ""user07@example.com""}, ""actor_type"": ""user""}"
2026-02-06T07:00:00,2026-02-06T08:00:00,0.3403,ALL_PURPOSE,123456789,"{""run_as"": {""email"": ""user07@example.com""}, ""actor_type"": ""user""}"
2026-02-06T08:00:00,2026-02-06T09:00:00,0.2595,ALL_PURPOSE,123456789,"{""run_as"": {""email"": ""user07@example.com""}, ""actor_type"": ""user""}"
2026-02-06T09:00:00,2026-02-06T10:00:00,0.0452,ALL_PURPOSE,123456789,"{""run_as"": {""email"": ""user07@example.com""}, ""actor_type"": ""user""}"
2026-02-06T10:00:00,2026-02-06T11:00:00,0.0235,ALL_PURPOSE,123456789,"{""run_as"": {""email"": ""user07@example.com""}, ""actor_type"": ""user""}"
2026-02-06T11:00:00,2026-02-06T12:00:00,0.0638,ALL_PURPOSE,123456789,"{""run_as"": {""email"": ""user07@example.com""}, ""actor_type"": ""user""}"
2026-02-06T12:00:00,2026-02-06T13:00:00,0.2363,ALL_PURPOSE,123456789,"{""run_as"": {""email"": ""user07@example.com""}, ""actor_type"": ""user""}"
2026-02-06T13:00:00,2026-02-06T14:00:00,0.2714,ALL_PURPOSE,123456789,"{""run_as"": {""email"": ""user07@example.com""}, ""actor_type"": ""user""}"
2026-02-06T14:00:00,2026-02-06T15:00:00,0.1519,ALL_PURPOSE,123456789,"{""run_as"": {""email"": ""user07@example.com""}, ""actor_type"": ""user""}"
2026-02-06T15:00:00,2026-02-06T16:00:00,0.0115,ALL_PURPOSE,123456789,"{""run_as"": {""email"": ""user07@example.com""}, ""actor_type"": ""user""}"
2026-02-06T16:00:00,2026-02-06T17:00:00,0.3354,ALL_PURPOSE,123456789,"{""run_as"": {""email"": ""user07@example.com""}, ""actor_type"": ""user""}"
2026-02-06T17:00:00,2026-02-06T18:00:00,0.0523,ALL_PURPOSE,123456789,"{""run_as"": {""email"": ""user07@example.com""}, ""actor_type"": ""user""}"
2026-02-06T18:00:00,2026-02-06T19:00:00,0.0452,ALL_PURPOSE,123456789,"{""run_as"": {""email"": ""user07@example.com""}, ""actor_type"": ""user""}"
2026-02-06T19:00:00,2026-02-06T20:00:00,0.0184,ALL_PURPOSE,123456789,"{""run_as"": {""email"": ""user07@example.com""}, ""actor_type"": ""user""}"
2026-02-06T20:00:00,2026-02-06T21:00:00,0.1257,ALL_PURPOSE,123456789,"{""run_as"": {""email"": ""user07@example.com""}, ""actor_type"": ""user""}"
2026-02-06T21:00:00,2026-02-06T22:00:00,0.2712,ALL_PURPOSE,123456789,"{""run_as"": {""email"": ""user07@example.com""}, ""actor_type"": ""user""}"
2026-02-06T22:00:00,2026-02-06T23:00:00,0.2307,ALL_PURPOSE,123456789,"{""run_as"": {""email"": ""user07@example.com""}, ""actor_type"": ""user""}"
2026-02-06T23:00:00,2026-02-07T00:00:00,0.7341,ALL_PURPOSE,123456789,"{""run_as"": {""email"": ""user07@example.com""}, ""actor_type"": ""user""}"
2026-02-07T00:00:00,2026-02-07T01:00:00,0.0381,ALL_PURPOSE,123456789,"{""run_as"": {""email"": ""user07@example.com""}, ""actor_type"": ""user""}"
2026-02-07T01:00:00,2026-02-07T02:00:00,0.1383,ALL_PURPOSE,123456789,"{""run_as"": {""email"": ""user07@example.com""}, ""actor_type"": ""user""}"
2026-02-07T02:00:00,2026-02-07T03:00:00,0.3356,ALL_PURPOSE,123456789,"{""run_as"": {""email"": ""user07@example.com""}, ""actor_type"": ""user""}"
2026-02-07T03:00:00,2026-02-07T04:00:00,0.0218,ALL_PURPOSE,123456789,"{""run_as"": {""email"": ""user07@example.com""}, ""actor_type"": ""user""}"
2026-02-07T04:00:00,2026-02-07T05:00:00,0.3395,ALL_PURPOSE,123456789,"{""run_as"": {""email"": ""user07@example.com""}, ""actor_type"": ""user""}"
2026-02-07T05:00:00,2026-02-07T06:00:00,0.0299,ALL_PURPOSE,123456789,"{""run_as"": {""email"": ""user07@example.com""}, ""actor_type"": ""user""}"
2026-02-07T06:00:00,2026-02-07T07:00:00,0.0,ALL_PURPOSE,123456789,"{""run_as"": {""email"": ""user07@example.com""}, ""actor_type"": ""user""}"
2026-02-07T07:00:00,2026-02-07T08:00:00,0.0891,ALL_PURPOSE,123456789,"{""run_as"": {""email"": ""user07@example.com""}, ""actor_type"": ""user""}"
2026-02-07T08:00:00,2026-02-07T09:00:00,0.1613,ALL_PURPOSE,123456789,"{""run_as"": {""email"": ""user07@example.com""}, ""actor_type"": ""user""}"
2026-02-07T09:00:00,2026-02-07T10:00:00,0.1836,ALL_PURPOSE,123456789,"{""run_as"": {""email"": ""user07@example.com""}, ""actor_type"": ""user""}"
2026-02-07T10:00:00,2026-02-07T11:00:00,0.1792,ALL_PURPOSE,123456789,"{""run_as"": {""email"": ""user07@example.com""}, ""actor_type"": ""user""}"
2026-02-07T11:00:00,2026-02-07T12:00:00,0.0,ALL_PURPOSE,123456789,"{""run_as"": {""email"": ""user07@example.com""}, ""actor_type"": ""user""}"
2026-02-07T12:00:00,2026-02-07T13:00:00,0.1989,ALL_PURPOSE,123456789,"{""run_as"": {""email"": ""user07@example.com""}, ""actor_type"": ""user""}"
2026-02-07T13:00:00,2026-02-07T14:00:00,0.0411,ALL_PURPOSE,123456789,"{""run_as"": {""email"": ""user07@example.com""}, ""actor_type"": ""user""}"
2026-02-07T14:00:00,2026-02-07T15:00:00,0.0,ALL_PURPOSE,123456789,"{""run_as"": {""email"": ""user07@example.com""}, ""actor_type"": ""user""}"
2026-02-07T15:00:00,2026-02-07T16:00:00,0.0364,ALL_PURPOSE,123456789,"{""run_as"": {""email"": ""user07@example.com""}, ""actor_type"": ""user""}"
2026-02-07T16:00:00,2026-02-07T17:00:00,0.2476,ALL_PURPOSE,123456789,"{""run_as"": {""email"": ""user07@example.com""}, ""actor_type"": ""user""}"
2026-02-07T17:00:00,2026-02-07T18:00:00,0.2033,ALL_PURPOSE,123456789,"{""run_as"": {""email"": ""user07@example.com""}, ""actor_type"": ""user""}"
2026-02-07T18:00:00,2026-02-07T19:00:00,0.2686,ALL_PURPOSE,123456789,"{""run_as"": {""email"": ""user07@example.com""}, ""actor_type"": ""user""}"
2026-02-07T19:00:00,2026-02-07T20:00:00,0.0,ALL_PURPOSE,123456789,"{""run_as"": {""email"": ""user07@example.com""}, ""actor_type"": ""user""}"
2026-02-07T20:00:00,2026-02-07T21:00:00,0.0892,ALL_PURPOSE,123456789,"{""run_as"": {""email"": ""user07@example.com""}, ""actor_type"": ""user""}"
2026-02-07T21:00:00,2026-02-07T22:00:00,0.2241,ALL_PURPOSE,123456789,"{""run_as"": {""email"": ""user07@example.com""}, ""actor_type"": ""user""}"
2026-02-07T22:00:00,2026-02-07T23:00:00,0.1893,ALL_PURPOSE,123456789,"{""run_as"": {""email"": ""user07@example.com""}, ""actor_type"": ""user""}"
2026-02-07T23:00:00,2026-02-08T00:00:00,0.0456,ALL_PURPOSE,123456789,"{""run_as"": {""email"": ""user07@example.com""}, ""actor_type"": ""user""}"
2026-02-08T00:00:00,2026-02-08T01:00:00,0.1365,ALL_PURPOSE,123456789,"{""run_as"": {""email"": ""user07@example.com""}, ""actor_type"": ""user""}"
2026-02-08T01:00:00,2026-02-08T02:00:00,0.1168,ALL_PURPOSE,123456789,"{""run_as"": {""email"": ""user07@example.com""}, ""actor_type"": ""user""}"
2026-02-08T02:00:00,2026-02-08T03:00:00,0.2166,ALL_PURPOSE,123456789,"{""run_as"": {""email"": ""user07@example.com""}, ""actor_type"": ""user""}"
2026-02-08T03:00:00,2026-02-08T04:00:00,0.8162,ALL_PURPOSE,123456789,"{""run_as"": {""email"": ""user07@example.com""}, ""actor_type"": ""user""}"
2026-02-08T04:00:00,2026-02-08T05:00:00,0.3721,ALL_PURPOSE,123456789,"{""run_as"": {""email"": ""user07@example.com""}, ""actor_type"": ""user""}"
2026-02-08T05:00:00,2026-02-08T06:00:00,0.0,ALL_PURPOSE,123456789,"{""run_as"": {""email"": ""user07@example.com""}, ""actor_type"": ""user""}"
2026-02-08T06:00:00,2026-02-08T07:00:00,0.1658,ALL_PURPOSE,123456789,"{""run_as"": {""email"": ""user07@example.com""}, ""actor_type"": ""user""}"
2026-02-08T07:00:00,2026-02-08T08:00:00,0.335,ALL_PURPOSE,123456789,"{""run_as"": {""email"": ""user07@example.com""}, ""actor_type"": ""user""}"
2026-02-08T08:00:00,2026-02-08T09:00:00,0.3089,ALL_PURPOSE,123456789,"{""run_as"": {""email"": ""user07@example.com""}, ""actor_type"": ""user""}"
2026-02-08T09:00:00,2026-02-08T10:00:00,0.2634,ALL_PURPOSE,123456789,"{""run_as"": {""email"": ""user07@example.com""}, ""actor_type"": ""user""}"
2026-02-08T10:00:00,2026-02-08T11:00:00,0.0539,ALL_PURPOSE,123456789,"{""run_as"": {""email"": ""user07@example.com""}, ""actor_type"": ""user""}"
2026-02-08T11:00:00,2026-02-08T12:00:00,0.0,ALL_PURPOSE,123456789,"{""run_as"": {""email"": ""user07@example.com""}, ""actor_type"": ""user""}"
2026-02-08T12:00:00,2026-02-08T13:00:00,0.3741,ALL_PURPOSE,123456789,"{""run_as"": {""email"": ""user07@example.com""}, ""actor_type"": ""user""}"
2026-02-08T13:00:00,2026-02-08T14:00:00,0.1932,ALL_PURPOSE,123456789,"{""run_as"": {""email"": ""user07@example.com""}, ""actor_type"": ""user""}"
2026-02-08T14:00:00,2026-02-08T15:00:00,0.3685,ALL_PURPOSE,123456789,"{""run_as"": {""email"": ""user07@example.com""}, ""actor_type"": ""user""}"
2026-02-08T15:00:00,2026-02-08T16:00:00,0.2314,ALL_PURPOSE,123456789,"{""run_as"": {""email"": ""user07@example.com""}, ""actor_type"": ""user""}"
2026-02-08T16:00:00,2026-02-08T17:00:00,0.0514,ALL_PURPOSE,123456789,"{""run_as"": {""email"": ""user07@example.com""}, ""actor_type"": ""user""}"
2026-02-08T17:00:00,2026-02-08T18:00:00,0.2402,ALL_PURPOSE,123456789,"{""run_as"": {""email"": ""user07@example.com""}, ""actor_type"": ""user""}"
2026-02-08T18:00:00,2026-02-08T19:00:00,0.2016,ALL_PURPOSE,123456789,"{""run_as"": {""email"": ""user07@example.com""}, ""actor_type"": ""user""}"
2026-02-08T19:00:00,2026-02-08T20:00:00,0.3918,ALL_PURPOSE,123456789,"{""run_as"": {""email"": ""user07@example.com""}, ""actor_type"": ""user""}"
2026-02-08T20:00:00,2026-02-08T21:00:00,0.3049,ALL_PURPOSE,123456789,"{""run_as"": {""email"": ""user07@example.com""}, ""actor_type"": ""user""}"
2026-02-08T21:00:00,2026-02-08T22:00:00,0.3854,ALL_PURPOSE,123456789,"{""run_as"": {""email"": ""user07@example.com""}, ""actor_type"": ""user""}"
2026-02-08T22:00:00,2026-02-08T23:00:00,0.5701,ALL_PURPOSE,123456789,"{""run_as"": {""email"": ""user07@example.com""}, ""actor_type"": ""user""}"
2026-02-08T23:00:00,2026-02-09T00:00:00,0.8904,ALL_PURPOSE,123456789,"{""run_as"": {""email"": ""user07@example.com""}, ""actor_type"": ""user""}"
2026-02-09T00:00:00,2026-02-09T01:00:00,0.2847,ALL_PURPOSE,123456789,"{""run_as"": {""email"": ""user07@example.com""}, ""actor_type"": ""user""}"
2026-02-09T01:00:00,2026-02-09T02:00:00,0.0804,ALL_PURPOSE,123456789,"{""run_as"": {""email"": ""user07@example.com""}, ""actor_type"": ""user""}"
2026-02-09T02:00:00,2026-02-09T03:00:00,0.1381,ALL_PURPOSE,123456789,"{""run_as"": {""email"": ""user07@example.com""}, ""actor_type"": ""user""}"
2026-02-09T03:00:00,2026-02-09T04:00:00,0.26,ALL_PURPOSE,123456789,"{""run_as"": {""email"": ""user07@example.com""}, ""actor_type"": ""user""}"
2026-02-09T04:00:00,2026-02-09T05:00:00,0.4585,ALL_PURPOSE,123456789,"{""run_as"": {""email"": ""user07@example.com""}, ""actor_type"": ""user""}"
2026-02-09T05:00:00,2026-02-09T06:00:00,0.1921,ALL_PURPOSE,123456789,"{""run_as"": {""email"": ""user07@example.com""}, ""actor_type"": ""user""}"
2026-02-09T06:00:00,2026-02-09T07:00:00,0.167,ALL_PURPOSE,123456789,"{""run_as"": {""email"": ""user07@example.com""}, ""actor_type"": ""user""}"
2026-02-09T07:00:00,2026-02-09T08:00:00,0.3366,ALL_PURPOSE,123456789,"{""run_as"": {""email"": ""user07@example.com""}, ""actor_type"": ""user""}"
2026-02-09T08:00:00,2026-02-09T09:00:00,0.3389,ALL_PURPOSE,123456789,"{""run_as"": {""email"": ""user07@example.com""}, ""actor_type"": ""user""}"
2026-02-09T09:00:00,2026-02-09T10:00:00,0.0,ALL_PURPOSE,123456789,"{""run_as"": {""email"": ""user07@example.com""}, ""actor_type"": ""user""}"
2026-02-09T10:00:00,2026-02-09T11:00:00,0.0581,ALL_PURPOSE,123456789,"{""run_as"": {""email"": ""user07@example.com""}, ""actor_type"": ""user""}"
2026-02-09T11:00:00,2026-02-09T12:00:00,0.08,ALL_PURPOSE,123456789,"{""run_as"": {""email"": ""user07@example.com""}, ""actor_type"": ""user""}"
2026-02-09T12:00:00,2026-02-09T13:00:00,0.0644,ALL_PURPOSE,123456789,"{""run_as"": {""email"": ""user07@example.com""}, ""actor_type"": ""user""}"
2026-02-09T13:00:00,2026-02-09T14:00:00,0.1002,ALL_PURPOSE,123456789,"{""run_as"": {""email"": ""user07@example.com""}, ""actor_type"": ""user""}"
2026-02-09T14:00:00,2026-02-09T15:00:00,0.2762,ALL_PURPOSE,123456789,"{""run_as"": {""email"": ""user07@example.com""}, ""actor_type"": ""user""}"
2026-02-09T15:00:00,2026-02-09T16:00:00,0.0,ALL_PURPOSE,123456789,"{""run_as"": {""email"": ""user07@example.com""}, ""actor_type"": ""user""}"
2026-02-09T16:00:00,2026-02-09T17:00:00,0.0,ALL_PURPOSE,123456789,"{""run_as"": {""email"": ""user07@example.com""}, ""actor_type"": ""user""}"
2026-02-09T17:00:00,2026-02-09T18:00:00,0.3472,ALL_PURPOSE,123456789,"{""run_as"": {""email"": ""user07@example.com""}, ""actor_type"": ""user""}"
2026-02-09T18:00:00,2026-02-09T19:00:00,0.3459,ALL_PURPOSE,123456789,"{""run_as"": {""email"": ""user07@example.com""}, ""actor_type"": ""user""}"
2026-02-09T19:00:00,2026-02-09T20:00:00,0.2245,ALL_PURPOSE,123456789,"{""run_as"": {""email"": ""user07@example.com""}, ""actor_type"": ""user""}"
2026-02-09T20:00:00,2026-02-09T21:00:00,0.3137,ALL_PURPOSE,123456789,"{""run_as"": {""email"": ""user07@example.com""}, ""actor_type"": ""user""}"
2026-02-02T21:00:00,2026-02-02T22:00:00,0.1151,ALL_PURPOSE,123456789,"{""run_as"": {""email"": ""user08@example.com""}, ""actor_type"": ""user""}"
2026-02-02T22:00:00,2026-02-02T23:00:00,0.3706,ALL_PURPOSE,123456789,"{""run_as"": {""email"": ""user08@example.com""}, ""actor_type"": ""user""}"
2026-02-02T23:00:00,2026-02-03T00:00:00,0.0,ALL_PURPOSE,123456789,"{""run_as"": {""email"": ""user08@example.com""}, ""actor_type"": ""user""}"
2026-02-03T00:00:00,2026-02-03T01:00:00,0.1005,ALL_PURPOSE,123456789,"{""run_as"": {""email"": ""user08@example.com""}, ""actor_type"": ""user""}"
2026-02-03T01:00:00,2026-02-03T02:00:00,0.348,ALL_PURPOSE,123456789,"{""run_as"": {""email"": ""user08@example.com""}, ""actor_type"": ""user""}"
2026-02-03T02:00:00,2026-02-03T03:00:00,0.2819,ALL_PURPOSE,123456789,"{""run_as"": {""email"": ""user08@example.com""}, ""actor_type"": ""user""}"
2026-02-03T03:00:00,2026-02-03T04:00:00,0.2186,ALL_PURPOSE,123456789,"{""run_as"": {""email"": ""user08@example.com""}, ""actor_type"": ""user""}"
2026-02-03T04:00:00,2026-02-03T05:00:00,0.6099,ALL_PURPOSE,123456789,"{""run_as"": {""email"": ""user08@example.com""}, ""actor_type"": ""user""}"
2026-02-03T05:00:00,2026-02-03T06:00:00,0.5345,ALL_PURPOSE,123456789,"{""run_as"": {""email"": ""user08@example.com""}, ""actor_type"": ""user""}"
2026-02-03T06:00:00,2026-02-03T07:00:00,0.1714,ALL_PURPOSE,123456789,"{""run_as"": {""email"": ""user08@example.com""}, ""actor_type"": ""user""}"
2026-02-03T07:00:00,2026-02-03T08:00:00,0.052,ALL_PURPOSE,123456789,"{""run_as"": {""email"": ""user08@example.com""}, ""actor_type"": ""user""}"
2026-02-03T08:00:00,2026-02-03T09:00:00,0.102,ALL_PURPOSE,123456789,"{""run_as"": {""email"": ""user08@example.com""}, ""actor_type"": ""user""}"
2026-02-03T09:00:00,2026-02-03T10:00:00,0.2839,ALL_PURPOSE,123456789,"{""run_as"": {""email"": ""user08@example.com""}, ""actor_type"": ""user""}"
2026-02-03T10:00:00,2026-02-03T11:00:00,0.0615,ALL_PURPOSE,123456789,"{""run_as"": {""email"": ""user08@example.com""}, ""actor_type"": ""user""}"
2026-02-03T11:00:00,2026-02-03T12:00:00,0.0203,ALL_PURPOSE,123456789,"{""run_as"": {""email"": ""user08@example.com""}, ""actor_type"": ""user""}"
2026-02-03T12:00:00,2026-02-03T13:00:00,0.2462,ALL_PURPOSE,123456789,"{""run_as"": {""email"": ""user08@example.com""}, ""actor_type"": ""user""}"
2026-02-03T13:00:00,2026-02-03T14:00:00,0.1962,ALL_PURPOSE,123456789,"{""run_as"": {""email"": ""user08@example.com""}, ""actor_type"": ""user""}"
2026-02-03T14:00:00,2026-02-03T15:00:00,0.1432,ALL_PURPOSE,123456789,"{""run_as"": {""email"": ""user08@example.com""}, ""actor_type"": ""user""}"
2026-02-03T15:00:00,2026-02-03T16:00:00,0.1271,ALL_PURPOSE,123456789,"{""run_as"": {""email"": ""user08@example.com""}, ""actor_type"": ""user""}"
2026-02-03T16:00:00,2026-02-03T17:00:00,0.0,ALL_PURPOSE,123456789,"{""run_as"": {""email"": ""user08@example.com""}, ""actor_type"": ""user""}"
2026-02-03T17:00:00,2026-02-03T18:00:00,0.2021,ALL_PURPOSE,123456789,"{""run_as"": {""email"": ""user08@example.com""}, ""actor_type"": ""user""}"
2026-02-03T18:00:00,2026-02-03T19:00:00,0.0,ALL_PURPOSE,123456789,"{""run_as"": {""email"": ""user08@example.com""}, ""actor_type"": ""user""}"
2026-02-03T19:00:00,2026-02-03T20:00:00,0.0885,ALL_PURPOSE,123456789,"{""run_as"": {""email"": ""user08@example.com""}, ""actor_type"": ""user""}"
2026-02-03T20:00:00,2026-02-03T21:00:00,0.1328,ALL_PURPOSE,123456789,"{""run_as"": {""email"": ""user08@example.com""}, ""actor_type"": ""user""}"
2026-02-03T21:00:00,2026-02-03T22:00:00,0.0874,ALL_PURPOSE,123456789,"{""run_as"": {""email"": ""user08@example.com""}, ""actor_type"": ""user""}"
2026-02-03T22:00:00,2026-02-03T23:00:00,0.2122,ALL_PURPOSE,123456789,"{""run_as"": {""email"": ""user08@example.com""}, ""actor_type"": ""user""}"
2026-02-03T23:00:00,2026-02-04T00:00:00,0.9607,ALL_PURPOSE,123456789,"{""run_as"": {""email"": ""user08@example.com""}, ""actor_type"": ""user""}"
2026-02-04T00:00:00,2026-02-04T01:00:00,0.3618,ALL_PURPOSE,123456789,"{""run_as"": {""email"": ""user08@example.com""}, ""actor_type"": ""user""}"
2026-02-04T01:00:00,2026-02-04T02:00:00,0.3836,ALL_PURPOSE,123456789,"{""run_as"": {""email"": ""user08@example.com""}, ""actor_type"": ""user""}"
2026-02-04T02:00:00,2026-02-04T03:00:00,0.3664,ALL_PURPOSE,123456789,"{""run_as"": {""email"": ""user08@example.com""}, ""actor_type"": ""user""}"
2026-02-04T03:00:00,2026-02-04T04:00:00,0.954,ALL_PURPOSE,123456789,"{""run_as"": {""email"": ""user08@example.com""}, ""actor_type"": ""user""}"
2026-02-04T04:00:00,2026-02-04T05:00:00,0.15,ALL_PURPOSE,123456789,"{""run_as"": {""email"": ""user08@example.com""}, ""actor_type"": ""user""}"
2026-02-04T05:00:00,2026-02-04T06:00:00,0.0175,ALL_PURPOSE,123456789,"{""run_as"": {""email"": ""user08@example.com""}, ""actor_type"": ""user""}"
2026-02-04T06:00:00,2026-02-04T07:00:00,0.2056,ALL_PURPOSE,123456789,"{""run_as"": {""email"": ""user08@example.com""}, ""actor_type"": ""user""}"
2026-02-04T07:00:00,2026-02-04T08:00:00,0.067,ALL_PURPOSE,123456789,"{""run_as"": {""email"": ""user08@example.com""}, ""actor_type"": ""user""}"
2026-02-04T08:00:00,2026-02-04T09:00:00,0.0,ALL_PURPOSE,123456789,"{""run_as"": {""email"": ""user08@example.com""}, ""actor_type"": ""user""}"
2026-02-04T09:00:00,2026-02-04T10:00:00,0.0262,ALL_PURPOSE,123456789,"{""run_as"": {""email"": ""user08@example.com""}, ""actor_type"": ""user""}"
2026-02-04T10:00:00,2026-02-04T11:00:00,0.3094,ALL_PURPOSE,123456789,"{""run_as"": {""email"": ""user08@example.com""}, ""actor_type"": ""user""}"
2026-02-04T11:00:00,2026-02-04T12:00:00,0.0,ALL_PURPOSE,123456789,"{""run_as"": {""email"": ""user08@example.com""}, ""actor_type"": ""user""}"
2026-02-04T12:00:00,2026-02-04T13:00:00,0.2151,ALL_PURPOSE,123456789,"{""run_as"": {""email"": ""user08@example.com""}, ""actor_type"": ""user""}"
2026-02-04T13:00:00,2026-02-04T14:00:00,0.3905,ALL_PURPOSE,123456789,"{""run_as"": {""email"": ""user08@example.com""}, ""actor_type"": ""user""}"
2026-02-04T14:00:00,2026-02-04T15:00:00,0.2586,ALL_PURPOSE,123456789,"{""run_as"": {""email"": ""user08@example.com""}, ""actor_type"": ""user""}"
2026-02-04T15:00:00,2026-02-04T16:00:00,0.2988,ALL_PURPOSE,123456789,"{""run_as"": {""email"": ""user08@example.com""}, ""actor_type"": ""user""}"
2026-02-04T16:00:00,2026-02-04T17:00:00,0.1837,ALL_PURPOSE,123456789,"{""run_as"": {""email"": ""user08@example.com""}, ""actor_type"": ""user""}"
2026-02-04T17:00:00,2026-02-04T18:00:00,0.0,ALL_PURPOSE,123456789,"{""run_as"": {""email"": ""user08@example.com""}, ""actor_type"": ""user""}"
2026-02-04T18:00:00,2026-02-04T19:00:00,0.3177,ALL_PURPOSE,123456789,"{""run_as"": {""email"": ""user08@example.com""}, ""actor_type"": ""user""}"
2026-02-04T19:00:00,2026-02-04T20:00:00,0.23,ALL_PURPOSE,123456789,"{""run_as"": {""email"": ""user08@example.com""}, ""actor_type"": ""user""}"
2026-02-04T20:00:00,2026-02-04T21:00:00,0.1035,ALL_PURPOSE,123456789,"{""run_as"": {""email"": ""user08@example.com""}, ""actor_type"": ""user""}"
2026-02-04T21:00:00,2026-02-04T22:00:00,0.2521,ALL_PURPOSE,123456789,"{""run_as"": {""email"": ""user08@example.com""}, ""actor_type"": ""user""}"
2026-02-04T22:00:00,2026-02-04T23:00:00,0.0068,ALL_PURPOSE,123456789,"{""run_as"": {""email"": ""user08@example.com""}, ""actor_type"": ""user""}"
2026-02-04T23:00:00,2026-02-05T00:00:00,0.2566,ALL_PURPOSE,123456789,"{""run_as"": {""email"": ""user08@example.com""}, ""actor_type"": ""user""}"
2026-02-05T00:00:00,2026-02-05T01:00:00,0.0,ALL_PURPOSE,123456789,"{""run_as"": {""email"": ""user08@example.com""}, ""actor_type"": ""user""}"
2026-02-05T01:00:00,2026-02-05T02:00:00,1.022,ALL_PURPOSE,123456789,"{""run_as"": {""email"": ""user08@example.com""}, ""actor_type"": ""user""}"
2026-02-05T02:00:00,2026-02-05T03:00:00,0.0346,ALL_PURPOSE,123456789,"{""run_as"": {""email"": ""user08@example.com""}, ""actor_type"": ""user""}"
2026-02-05T03:00:00,2026-02-05T04:00:00,0.158,ALL_PURPOSE,123456789,"{""run_as"": {""email"": ""user08@example.com""}, ""actor_type"": ""user""}"
2026-02-05T04:00:00,2026-02-05T05:00:00,0.5871,ALL_PURPOSE,123456789,"{""run_as"": {""email"": ""user08@example.com""}, ""actor_type"": ""user""}"
2026-02-05T05:00:00,2026-02-05T06:00:00,0.0,ALL_PURPOSE,123456789,"{""run_as"": {""email"": ""user08@example.com""}, ""actor_type"": ""user""}"
2026-02-05T06:00:00,2026-02-05T07:00:00,0.2709,ALL_PURPOSE,123456789,"{""run_as"": {""email"": ""user08@example.com""}, ""actor_type"": ""user""}"
2026-02-05T07:00:00,2026-02-05T08:00:00,0.318,ALL_PURPOSE,123456789,"{""run_as"": {""email"": ""user08@example.com""}, ""actor_type"": ""user""}"
2026-02-05T08:00:00,2026-02-05T09:00:00,0.1493,ALL_PURPOSE,123456789,"{""run_as"": {""email"": ""user08@example.com""}, ""actor_type"": ""user""}"
2026-02-05T09:00:00,2026-02-05T10:00:00,0.2214,ALL_PURPOSE,123456789,"{""run_as"": {""email"": ""user08@example.com""}, ""actor_type"": ""user""}"
2026-02-05T10:00:00,2026-02-05T11:00:00,0.0,ALL_PURPOSE,123456789,"{""run_as"": {""email"": ""user08@example.com""}, ""actor_type"": ""user""}"
2026-02-05T11:00:00,2026-02-05T12:00:00,0.2387,ALL_PURPOSE,123456789,"{""run_as"": {""email"": ""user08@example.com""}, ""actor_type"": ""user""}"
2026-02-05T12:00:00,2026-02-05T13:00:00,0.3788,ALL_PURPOSE,123456789,"{""run_as"": {""email"": ""user08@example.com""}, ""actor_type"": ""user""}"
2026-02-05T13:00:00,2026-02-05T14:00:00,0.2993,ALL_PURPOSE,123456789,"{""run_as"": {""email"": ""user08@example.com""}, ""actor_type"": ""user""}"
2026-02-05T14:00:00,2026-02-05T15:00:00,0.1375,ALL_PURPOSE,123456789,"{""run_as"": {""email"": ""user08@example.com""}, ""actor_type"": ""user""}"
2026-02-05T15:00:00,2026-02-05T16:00:00,0.2584,ALL_PURPOSE,123456789,"{""run_as"": {""email"": ""user08@example.com""}, ""actor_type"": ""user""}"
2026-02-05T16:00:00,2026-02-05T17:00:00,0.0644,ALL_PURPOSE,123456789,"{""run_as"": {""email"": ""user08@example.com""}, ""actor_type"": ""user""}"
2026-02-05T17:00:00,2026-02-05T18:00:00,0.3339,ALL_PURPOSE,123456789,"{""run_as"": {""email"": ""user08@example.com""}, ""actor_type"": ""user""}"
2026-02-05T18:00:00,2026-02-05T19:00:00,0.0725,ALL_PURPOSE,123456789,"{""run_as"": {""email"": ""user08@example.com""}, ""actor_type"": ""user""}"
2026-02-05T19:00:00,2026-02-05T20:00:00,0.3409,ALL_PURPOSE,123456789,"{""run_as"": {""email"": ""user08@example.com""}, ""actor_type"": ""user""}"
2026-02-05T20:00:00,2026-02-05T21:00:00,0.3729,ALL_PURPOSE,123456789,"{""run_as"": {""email"": ""user08@example.com""}, ""actor_type"": ""user""}"
2026-02-05T21:00:00,2026-02-05T22:00:00,0.1845,ALL_PURPOSE,123456789,"{""run_as"": {""email"": ""user08@example.com""}, ""actor_type"": ""user""}"
2026-02-05T22:00:00,2026-02-05T23:00:00,0.285,ALL_PURPOSE,123456789,"{""run_as"": {""email"": ""user08@example.com""}, ""actor_type"": ""user""}"
2026-02-05T23:00:00,2026-02-06T00:00:00,0.3846,ALL_PURPOSE,123456789,"{""run_as"": {""email"": ""user08@example.com""}, ""actor_type"": ""user""}"
2026-02-06T00:00:00,2026-02-06T01:00:00,0.04,ALL_PURPOSE,123456789,"{""run_as"": {""email"": ""user08@example.com""}, ""actor_type"": ""user""}"
2026-02-06T01:00:00,2026-02-06T02:00:00,0.1271,ALL_PURPOSE,123456789,"{""run_as"": {""email"": ""user08@example.com""}, ""actor_type"": ""user""}"
2026-02-06T02:00:00,2026-02-06T03:00:00,0.1223,ALL_PURPOSE,123456789,"{""run_as"": {""email"": ""user08@example.com""}, ""actor_type"": ""user""}"
2026-02-06T03:00:00,2026-02-06T04:00:00,0.0,ALL_PURPOSE,123456789,"{""run_as"": {""email"": ""user08@example.com""}, ""actor_type"": ""user""}"
2026-02-06T04:00:00,2026-02-06T05:00:00,0.7163,ALL_PURPOSE,123456789,"{""run_as"": {""email"": ""user08@example.com""}, ""actor_type"": ""user""}"
2026-02-06T05:00:00,2026-02-06T06:00:00,0.9491,ALL_PURPOSE,123456789,"{""run_as"": {""email"": ""user08@example.com""}, ""actor_type"": ""user""}"
2026-02-06T06:00:00,2026-02-06T07:00:00,0.1851,ALL_PURPOSE,123456789,"{""run_as"": {""email"": ""user08@example.com""}, ""actor_type"": ""user""}"
2026-02-06T07:00:00,2026-02-06T08:00:00,0.1222,ALL_PURPOSE,123456789,"{""run_as"": {""email"": ""user08@example.com""}, ""actor_type"": ""user""}"
2026-02-06T08:00:00,2026-02-06T09:00:00,0.0703,ALL_PURPOSE,123456789,"{""run_as"": {""email"": ""user08@example.com""}, ""actor_type"": ""user""}"
2026-02-06T09:00:00,2026-02-06T10:00:00,0.3367,ALL_PURPOSE,123456789,"{""run_as"": {""email"": ""user08@example.com""}, ""actor_type"": ""user""}"
2026-02-06T10:00:00,2026-02-06T11:00:00,0.056,ALL_PURPOSE,123456789,"{""run_as"": {""email"": ""user08@example.com""}, ""actor_type"": ""user""}"
2026-02-06T11:00:00,2026-02-06T12:00:00,0.1053,ALL_PURPOSE,123456789,"{""run_as"": {""email"": ""user08@example.com""}, ""actor_type"": ""user""}"
2026-02-06T12:00:00,2026-02-06T13:00:00,0.0,ALL_PURPOSE,123456789,"{""run_as"": {""email"": ""user08@example.com""}, ""actor_type"": ""user""}"
2026-02-06T13:00:00,2026-02-06T14:00:00,0.0075,ALL_PURPOSE,123456789,"{""run_as"": {""email"": ""user08@example.com""}, ""actor_type"": ""user""}"
2026-02-06T14:00:00,2026-02-06T15:00:00,0.0125,ALL_PURPOSE,123456789,"{""run_as"": {""email"": ""user08@example.com""}, ""actor_type"": ""user""}"
2026-02-06T15:00:00,2026-02-06T16:00:00,0.1621,ALL_PURPOSE,123456789,"{""run_as"": {""email"": ""user08@example.com""}, ""actor_type"": ""user""}"
2026-02-06T16:00:00,2026-02-06T17:00:00,0.3625,ALL_PURPOSE,123456789,"{""run_as"": {""email"": ""user08@example.com""}, ""actor_type"": ""user""}"
2026-02-06T17:00:00,2026-02-06T18:00:00,0.2174,ALL_PURPOSE,123456789,"{""run_as"": {""email"": ""user08@example.com""}, ""actor_type"": ""user""}"
2026-02-06T18:00:00,2026-02-06T19:00:00,0.1888,ALL_PURPOSE,123456789,"{""run_as"": {""email"": ""user08@example.com""}, ""actor_type"": ""user""}"
2026-02-06T19:00:00,2026-02-06T20:00:00,0.1463,ALL_PURPOSE,123456789,"{""run_as"": {""email"": ""user08@example.com""}, ""actor_type"": ""user""}"
2026-02-06T20:00:00,2026-02-06T21:00:00,0.3089,ALL_PURPOSE,123456789,"{""run_as"": {""email"": ""user08@example.com""}, ""actor_type"": ""user""}"
2026-02-06T21:00:00,2026-02-06T22:00:00,0.1164,ALL_PURPOSE,123456789,"{""run_as"": {""email"": ""user08@example.com""}, ""actor_type"": ""user""}"
2026-02-06T22:00:00,2026-02-06T23:00:00,0.2042,ALL_PURPOSE,123456789,"{""run_as"": {""email"": ""user08@example.com""}, ""actor_type"": ""user""}"
2026-02-06T23:00:00,2026-02-07T00:00:00,0.2651,ALL_PURPOSE,123456789,"{""run_as"": {""email"": ""user08@example.com""}, ""actor_type"": ""user""}"
2026-02-07T00:00:00,2026-02-07T01:00:00,0.7055,ALL_PURPOSE,123456789,"{""run_as"": {""email"": ""user08@example.com""}, ""actor_type"": ""user""}"
2026-02-07T01:00:00,2026-02-07T02:00:00,0.0717,ALL_PURPOSE,123456789,"{""run_as"": {""email"": ""user08@example.com""}, ""actor_type"": ""user""}"
2026-02-07T02:00:00,2026-02-07T03:00:00,0.3871,ALL_PURPOSE,123456789,"{""run_as"": {""email"": ""user08@example.com""}, ""actor_type"": ""user""}"
2026-02-07T03:00:00,2026-02-07T04:00:00,0.0,ALL_PURPOSE,123456789,"{""run_as"": {""email"": ""user08@example.com""}, ""actor_type"": ""user""}"
2026-02-07T04:00:00,2026-02-07T05:00:00,0.3925,ALL_PURPOSE,123456789,"{""run_as"": {""email"": ""user08@example.com""}, ""actor_type"": ""user""}"
2026-02-07T05:00:00,2026-02-07T06:00:00,0.1445,ALL_PURPOSE,123456789,"{""run_as"": {""email"": ""user08@example.com""}, ""actor_type"": ""user""}"
2026-02-07T06:00:00,2026-02-07T07:00:00,0.0186,ALL_PURPOSE,123456789,"{""run_as"": {""email"": ""user08@example.com""}, ""actor_type"": ""user""}"
2026-02-07T07:00:00,2026-02-07T08:00:00,0.1296,ALL_PURPOSE,123456789,"{""run_as"": {""email"": ""user08@example.com""}, ""actor_type"": ""user""}"
2026-02-07T08:00:00,2026-02-07T09:00:00,0.2085,ALL_PURPOSE,123456789,"{""run_as"": {""email"": ""user08@example.com""}, ""actor_type"": ""user""}"
2026-02-07T09:00:00,2026-02-07T10:00:00,0.3339,ALL_PURPOSE,123456789,"{""run_as"": {""email"": ""user08@example.com""}, ""actor_type"": ""user""}"
2026-02-07T10:00:00,2026-02-07T11:00:00,0.2177,ALL_PURPOSE,123456789,"{""run_as"": {""email"": ""user08@example.com""}, ""actor_type"": ""user""}"
2026-02-07T11:00:00,2026-02-07T12:00:00,0.2615,ALL_PURPOSE,123456789,"{""run_as"": {""email"": ""user08@example.com""}, ""actor_type"": ""user""}"
2026-02-07T12:00:00,2026-02-07T13:00:00,0.2613,ALL_PURPOSE,123456789,"{""run_as"": {""email"": ""user08@example.com""}, ""actor_type"": ""user""}"
2026-02-07T13:00:00,2026-02-07T14:00:00,0.2067,ALL_PURPOSE,123456789,"{""run_as"": {""email"": ""user08@example.com""}, ""actor_type"": ""user""}"
2026-02-07T14:00:00,2026-02-07T15:00:00,0.3629,ALL_PURPOSE,123456789,"{""run_as"": {""email"": ""user08@example.com""}, ""actor_type"": ""user""}"
2026-02-07T15:00:00,2026-02-07T16:00:00,0.1412,ALL_PURPOSE,123456789,"{""run_as"": {""email"": ""user08@example.com""}, ""actor_type"": ""user""}"
2026-02-07T16:00:00,2026-02-07T17:00:00,0.1947,ALL_PURPOSE,123456789,"{""run_as"": {""email"": ""user08@example.com""}, ""actor_type"": ""user""}"
2026-02-07T17:00:00,2026-02-07T18:00:00,0.2417,ALL_PURPOSE,123456789,"{""run_as"": {""email"": ""user08@example.com""}, ""actor_type"": ""user""}"
2026-02-07T18:00:00,2026-02-07T19:00:00,0.0556,ALL_PURPOSE,123456789,"{""run_as"": {""email"": ""user08@example.com""}, ""actor_type"": ""user""}"
2026-02-07T19:00:00,2026-02-07T20:00:00,0.0308,ALL_PURPOSE,123456789,"{""run_as"": {""email"": ""user08@example.com""}, ""actor_type"": ""user""}"
2026-02-07T20:00:00,2026-02-07T21:00:00,0.0846,ALL_PURPOSE,123456789,"{""run_as"": {""email"": ""user08@example.com""}, ""actor_type"": ""user""}"
2026-02-07T21:00:00,2026-02-07T22:00:00,0.1449,ALL_PURPOSE,123456789,"{""run_as"": {""email"": ""user08@example.com""}, ""actor_type"": ""user""}"
2026-02-07T22:00:00,2026-02-07T23:00:00,0.7152,ALL_PURPOSE,123456789,"{""run_as"": {""email"": ""user08@example.com""}, ""actor_type"": ""user""}"
2026-02-07T23:00:00,2026-02-08T00:00:00,0.1926,ALL_PURPOSE,123456789,"{""run_as"": {""email"": ""user08@example.com""}, ""actor_type"": ""user""}"
2026-02-08T00:00:00,2026-02-08T01:00:00,0.0,ALL_PURPOSE,123456789,"{""run_as"": {""email"": ""user08@example.com""}, ""actor_type"": ""user""}"
2026-02-08T01:00:00,2026-02-08T02:00:00,0.0173,ALL_PURPOSE,123456789,"{""run_as"": {""email"": ""user08@example.com""}, ""actor_type"": ""user""}"
2026-02-08T02:00:00,2026-02-08T03:00:00,0.0,ALL_PURPOSE,123456789,"{""run_as"": {""email"": ""user08@example.com""}, ""actor_type"": ""user""}"
2026-02-08T03:00:00,2026-02-08T04:00:00,0.8741,ALL_PURPOSE,123456789,"{""run_as"": {""email"": ""user08@example.com""}, ""actor_type"": ""user""}"
2026-02-08T04:00:00,2026-02-08T05:00:00,0.8291,ALL_PURPOSE,123456789,"{""run_as"": {""email"": ""user08@example.com""}, ""actor_type"": ""user""}"
2026-02-08T05:00:00,2026-02-08T06:00:00,0.5278,ALL_PURPOSE,123456789,"{""run_as"": {""email"": ""user08@example.com""}, ""actor_type"": ""user""}"
2026-02-08T06:00:00,2026-02-08T07:00:00,0.3469,ALL_PURPOSE,123456789,"{""run_as"": {""email"": ""user08@example.com""}, ""actor_type"": ""user""}"
2026-02-08T07:00:00,2026-02-08T08:00:00,0.3321,ALL_PURPOSE,123456789,"{""run_as"": {""email"": ""user08@example.com""}, ""actor_type"": ""user""}"
2026-02-08T08:00:00,2026-02-08T09:00:00,0.3178,ALL_PURPOSE,123456789,"{""run_as"": {""email"": ""user08@example.com""}, ""actor_type"": ""user""}"
2026-02-08T09:00:00,2026-02-08T10:00:00,0.0728,ALL_PURPOSE,123456789,"{""run_as"": {""email"": ""user08@example.com""}, ""actor_type"": ""user""}"
2026-02-08T10:00:00,2026-02-08T11:00:00,0.1058,ALL_PURPOSE,123456789,"{""run_as"": {""email"": ""user08@example.com""}, ""actor_type"": ""user""}"
2026-02-08T11:00:00,2026-02-08T12:00:00,0.1371,ALL_PURPOSE,123456789,"{""run_as"": {""email"": ""user08@example.com""}, ""actor_type"": ""user""}"
2026-02-08T12:00:00,2026-02-08T13:00:00,0.2362,ALL_PURPOSE,123456789,"{""run_as"": {""email"": ""user08@example.com""}, ""actor_type"": ""user""}"
2026-02-08T13:00:00,2026-02-08T14:00:00,0.0,ALL_PURPOSE,123456789,"{""run_as"": {""email"": ""user08@example.com""}, ""actor_type"": ""user""}"
2026-02-08T14:00:00,2026-02-08T15:00:00,0.0809,ALL_PURPOSE,123456789,"{""run_as"": {""email"": ""user08@example.com""}, ""actor_type"": ""user""}"
2026-02-08T15:00:00,2026-02-08T16:00:00,0.2017,ALL_PURPOSE,123456789,"{""run_as"": {""email"": ""user08@example.com""}, ""actor_type"": ""user""}"
2026-02-08T16:00:00,2026-02-08T17:00:00,0.0,ALL_PURPOSE,123456789,"{""run_as"": {""email"": ""user08@example.com""}, ""actor_type"": ""user""}"
2026-02-08T17:00:00,2026-02-08T18:00:00,0.1903,ALL_PURPOSE,123456789,"{""run_as"": {""email"": ""user08@example.com""}, ""actor_type"": ""user""}"
2026-02-08T18:00:00,2026-02-08T19:00:00,0.0156,ALL_PURPOSE,123456789,"{""run_as"": {""email"": ""user08@example.com""}, ""actor_type"": ""user""}"
2026-02-08T19:00:00,2026-02-08T20:00:00,0.0,ALL_PURPOSE,123456789,"{""run_as"": {""email"": ""user08@example.com""}, ""actor_type"": ""user""}"
2026-02-08T20:00:00,2026-02-08T21:00:00,0.0,ALL_PURPOSE,123456789,"{""run_as"": {""email"": ""user08@example.com""}, ""actor_type"": ""user""}"
2026-02-08T21:00:00,2026-02-08T22:00:00,0.2414,ALL_PURPOSE,123456789,"{""run_as"": {""email"": ""user08@example.com""}, ""actor_type"": ""user""}"
2026-02-08T22:00:00,2026-02-08T23:00:00,0.3588,ALL_PURPOSE,123456789,"{""run_as"": {""email"": ""user08@example.com""}, ""actor_type"": ""user""}"
2026-02-08T23:00:00,2026-02-09T00:00:00,0.0,ALL_PURPOSE,123456789,"{""run_as"": {""email"": ""user08@example.com""}, ""actor_type"": ""user""}"
2026-02-09T00:00:00,2026-02-09T01:00:00,0.8735,ALL_PURPOSE,123456789,"{""run_as"": {""email"": ""user08@example.com""}, ""actor_type"": ""user""}"
2026-02-09T01:00:00,2026-02-09T02:00:00,0.1525,ALL_PURPOSE,123456789,"{""run_as"": {""email"": ""user08@example.com""}, ""actor_type"": ""user""}"
2026-02-09T02:00:00,2026-02-09T03:00:00,0.0,ALL_PURPOSE,123456789,"{""run_as"": {""email"": ""user08@example.com""}, ""actor_type"": ""user""}"
2026-02-09T03:00:00,2026-02-09T04:00:00,0.0536,ALL_PURPOSE,123456789,"{""run_as"": {""email"": ""user08@example.com""}, ""actor_type"": ""user""}"
2026-02-09T04:00:00,2026-02-09T05:00:00,1.0574,ALL_PURPOSE,123456789,"{""run_as"": {""email"": ""user08@example.com""}, ""actor_type"": ""user""}"
2026-02-09T05:00:00,2026-02-09T06:00:00,0.0756,ALL_PURPOSE,123456789,"{""run_as"": {""email"": ""user08@example.com""}, ""actor_type"": ""user""}"
2026-02-09T06:00:00,2026-02-09T07:00:00,0.0,ALL_PURPOSE,123456789,"{""run_as"": {""email"": ""user08@example.com""}, ""actor_type"": ""user""}"
2026-02-09T07:00:00,2026-02-09T08:00:00,0.0029,ALL_PURPOSE,123456789,"{""run_as"": {""email"": ""user08@example.com""}, ""actor_type"": ""user""}"
2026-02-09T08:00:00,2026-02-09T09:00:00,0.2751,ALL_PURPOSE,123456789,"{""run_as"": {""email"": ""user08@example.com""}, ""actor_type"": ""user""}"
2026-02-09T09:00:00,2026-02-09T10:00:00,0.1449,ALL_PURPOSE,123456789,"{""run_as"": {""email"": ""user08@example.com""}, ""actor_type"": ""user""}"
2026-02-09T10:00:00,2026-02-09T11:00:00,0.2606,ALL_PURPOSE,123456789,"{""run_as"": {""email"": ""user08@example.com""}, ""actor_type"": ""user""}"
2026-02-09T11:00:00,2026-02-09T12:00:00,0.342,ALL_PURPOSE,123456789,"{""run_as"": {""email"": ""user08@example.com""}, ""actor_type"": ""user""}"
2026-02-09T12:00:00,2026-02-09T13:00:00,0.1463,ALL_PURPOSE,123456789,"{""run_as"": {""email"": ""user08@example.com""}, ""actor_type"": ""user""}"
2026-02-09T13:00:00,2026-02-09T14:00:00,0.2722,ALL_PURPOSE,123456789,"{""run_as"": {""email"": ""user08@example.com""}, ""actor_type"": ""user""}"
2026-02-09T14:00:00,2026-02-09T15:00:00,0.1653,ALL_PURPOSE,123456789,"{""run_as"": {""email"": ""user08@example.com""}, ""actor_type"": ""user""}"
2026-02-09T15:00:00,2026-02-09T16:00:00,0.193,ALL_PURPOSE,123456789,"{""run_as"": {""email"": ""user08@example.com""}, ""actor_type"": ""user""}"
2026-02-09T16:00:00,2026-02-09T17:00:00,0.222,ALL_PURPOSE,123456789,"{""run_as"": {""email"": ""user08@example.com""}, ""actor_type"": ""user""}"
2026-02-09T17:00:00,2026-02-09T18:00:00,0.1227,ALL_PURPOSE,123456789,"{""run_as"": {""email"": ""user08@example.com""}, ""actor_type"": ""user""}"
2026-02-09T18:00:00,2026-02-09T19:00:00,0.2822,ALL_PURPOSE,123456789,"{""run_as"": {""email"": ""user08@example.com""}, ""actor_type"": ""user""}"
2026-02-09T19:00:00,2026-02-09T20:00:00,0.342,ALL_PURPOSE,123456789,"{""run_as"": {""email"": ""user08@example.com""}, ""actor_type"": ""user""}"
2026-02-09T20:00:00,2026-02-09T21:00:00,0.2991,ALL_PURPOSE,123456789,"{""run_as"": {""email"": ""user08@example.com""}, ""actor_type"": ""user""}"
2026-02-02T21:00:00,2026-02-02T22:00:00,0.2797,ALL_PURPOSE,123456789,"{""run_as"": {""email"": ""user09@example.com""}, ""actor_type"": ""user""}"
2026-02-02T22:00:00,2026-02-02T23:00:00,0.0858,ALL_PURPOSE,123456789,"{""run_as"": {""email"": ""user09@example.com""}, ""actor_type"": ""user""}"
2026-02-02T23:00:00,2026-02-03T00:00:00,0.2202,ALL_PURPOSE,123456789,"{""run_as"": {""email"": ""user09@example.com""}, ""actor_type"": ""user""}"
2026-02-03T00:00:00,2026-02-03T01:00:00,0.0,ALL_PURPOSE,123456789,"{""run_as"": {""email"": ""user09@example.com""}, ""actor_type"": ""user""}"
2026-02-03T01:00:00,2026-02-03T02:00:00,0.7845,ALL_PURPOSE,123456789,"{""run_as"": {""email"": ""user09@example.com""}, ""actor_type"": ""user""}"
2026-02-03T02:00:00,2026-02-03T03:00:00,0.0,ALL_PURPOSE,123456789,"{""run_as"": {""email"": ""user09@example.com""}, ""actor_type"": ""user""}"
2026-02-03T03:00:00,2026-02-03T04:00:00,0.1537,ALL_PURPOSE,123456789,"{""run_as"": {""email"": ""user09@example.com""}, ""actor_type"": ""user""}"
2026-02-03T04:00:00,2026-02-03T05:00:00,0.2084,ALL_PURPOSE,123456789,"{""run_as"": {""email"": ""user09@example.com""}, ""actor_type"": ""user""}"
2026-02-03T05:00:00,2026-02-03T06:00:00,0.3783,ALL_PURPOSE,123456789,"{""run_as"": {""email"": ""user09@example.com""}, ""actor_type"": ""user""}"
2026-02-03T06:00:00,2026-02-03T07:00:00,0.1756,ALL_PURPOSE,123456789,"{""run_as"": {""email"": ""user09@example.com""}, ""actor_type"": ""user""}"
2026-02-03T07:00:00,2026-02-03T08:00:00,0.2628,ALL_PURPOSE,123456789,"{""run_as"": {""email"": ""user09@example.com""}, ""actor_type"": ""user""}"
2026-02-03T08:00:00,2026-02-03T09:00:00,0.0,ALL_PURPOSE,123456789,"{""run_as"": {""email"": ""user09@example.com""}, ""actor_type"": ""user""}"
2026-02-03T09:00:00,2026-02-03T10:00:00,0.2398,ALL_PURPOSE,123456789,"{""run_as"": {""email"": ""user09@example.com""}, ""actor_type"": ""user""}"
2026-02-03T10:00:00,2026-02-03T11:00:00,0.0927,ALL_PURPOSE,123456789,"{""run_as"": {""email"": ""user09@example.com""}, ""actor_type"": ""user""}"
2026-02-03T11:00:00,2026-02-03T12:00:00,0.0144,ALL_PURPOSE,123456789,"{""run_as"": {""email"": ""user09@example.com""}, ""actor_type"": ""user""}"
2026-02-03T12:00:00,2026-02-03T13:00:00,0.0001,ALL_PURPOSE,123456789,"{""run_as"": {""email"": ""user09@example.com""}, ""actor_type"": ""user""}"
2026-02-03T13:00:00,2026-02-03T14:00:00,0.3987,ALL_PURPOSE,123456789,"{""run_as"": {""email"": ""user09@example.com""}, ""actor_type"": ""user""}"
2026-02-03T14:00:00,2026-02-03T15:00:00,0.1413,ALL_PURPOSE,123456789,"{""run_as"": {""email"": ""user09@example.com""}, ""actor_type"": ""user""}"
2026-02-03T15:00:00,2026-02-03T16:00:00,0.2344,ALL_PURPOSE,123456789,"{""run_as"": {""email"": ""user09@example.com""}, ""actor_type"": ""user""}"
2026-02-03T16:00:00,2026-02-03T17:00:00,0.0,ALL_PURPOSE,123456789,"{""run_as"": {""email"": ""user09@example.com""}, ""actor_type"": ""user""}"
2026-02-03T17:00:00,2026-02-03T18:00:00,0.0361,ALL_PURPOSE,123456789,"{""run_as"": {""email"": ""user09@example.com""}, ""actor_type"": ""user""}"
2026-02-03T18:00:00,2026-02-03T19:00:00,0.3319,ALL_PURPOSE,123456789,"{""run_as"": {""email"": ""user09@example.com""}, ""actor_type"": ""user""}"
2026-02-03T19:00:00,2026-02-03T20:00:00,0.1392,ALL_PURPOSE,123456789,"{""run_as"": {""email"": ""user09@example.com""}, ""actor_type"": ""user""}"
2026-02-03T20:00:00,2026-02-03T21:00:00,0.1106,ALL_PURPOSE,123456789,"{""run_as"": {""email"": ""user09@example.com""}, ""actor_type"": ""user""}"
2026-02-03T21:00:00,2026-02-03T22:00:00,0.0778,ALL_PURPOSE,123456789,"{""run_as"": {""email"": ""user09@example.com""}, ""actor_type"": ""user""}"
2026-02-03T22:00:00,2026-02-03T23:00:00,0.0,ALL_PURPOSE,123456789,"{""run_as"": {""email"": ""user09@example.com""}, ""actor_type"": ""user""}"
2026-02-03T23:00:00,2026-02-04T00:00:00,0.7919,ALL_PURPOSE,123456789,"{""run_as"": {""email"": ""user09@example.com""}, ""actor_type"": ""user""}"
2026-02-04T00:00:00,2026-02-04T01:00:00,0.3827,ALL_PURPOSE,123456789,"{""run_as"": {""email"": ""user09@example.com""}, ""actor_type"": ""user""}"
2026-02-04T01:00:00,2026-02-04T02:00:00,0.23,ALL_PURPOSE,123456789,"{""run_as"": {""email"": ""user09@example.com""}, ""actor_type"": ""user""}"
2026-02-04T02:00:00,2026-02-04T03:00:00,0.2253,ALL_PURPOSE,123456789,"{""run_as"": {""email"": ""user09@example.com""}, ""actor_type"": ""user""}"
2026-02-04T03:00:00,2026-02-04T04:00:00,0.3845,ALL_PURPOSE,123456789,"{""run_as"": {""email"": ""user09@example.com""}, ""actor_type"": ""user""}"
2026-02-04T04:00:00,2026-02-04T05:00:00,0.0,ALL_PURPOSE,123456789,"{""run_as"": {""email"": ""user09@example.com""}, ""actor_type"": ""user""}"
2026-02-04T05:00:00,2026-02-04T06:00:00,0.2535,ALL_PURPOSE,123456789,"{""run_as"": {""email"": ""user09@example.com""}, ""actor_type"": ""user""}"
2026-02-04T06:00:00,2026-02-04T07:00:00,0.092,ALL_PURPOSE,123456789,"{""run_as"": {""email"": ""user09@example.com""}, ""actor_type"": ""user""}"
2026-02-04T07:00:00,2026-02-04T08:00:00,0.3822,ALL_PURPOSE,123456789,"{""run_as"": {""email"": ""user09@example.com""}, ""actor_type"": ""user""}"
2026-02-04T08:00:00,2026-02-04T09:00:00,0.0039,ALL_PURPOSE,123456789,"{""run_as"": {""email"": ""user09@example.com""}, ""actor_type"": ""user""}"
2026-02-04T09:00:00,2026-02-04T10:00:00,0.0,ALL_PURPOSE,123456789,"{""run_as"": {""email"": ""user09@example.com""}, ""actor_type"": ""user""}"
2026-02-04T10:00:00,2026-02-04T11:00:00,0.2695,ALL_PURPOSE,123456789,"{""run_as"": {""email"": ""user09@example.com""}, ""actor_type"": ""user""}"
2026-02-04T11:00:00,2026-02-04T12:00:00,0.0304,ALL_PURPOSE,123456789,"{""run_as"": {""email"": ""user09@example.com""}, ""actor_type"": ""user""}"
2026-02-04T12:00:00,2026-02-04T13:00:00,0.1906,ALL_PURPOSE,123456789,"{""run_as"": {""email"": ""user09@example.com""}, ""actor_type"": ""user""}"
2026-02-04T13:00:00,2026-02-04T14:00:00,0.3577,ALL_PURPOSE,123456789,"{""run_as"": {""email"": ""user09@example.com""}, ""actor_type"": ""user""}"
2026-02-04T14:00:00,2026-02-04T15:00:00,0.3788,ALL_PURPOSE,123456789,"{""run_as"": {""email"": ""user09@example.com""}, ""actor_type"": ""user""}"
2026-02-04T15:00:00,2026-02-04T16:00:00,0.364,ALL_PURPOSE,123456789,"{""run_as"": {""email"": ""user09@example.com""}, ""actor_type"": ""user""}"
2026-02-04T16:00:00,2026-02-04T17:00:00,0.0799,ALL_PURPOSE,123456789,"{""run_as"": {""email"": ""user09@example.com""}, ""actor_type"": ""user""}"
2026-02-04T17:00:00,2026-02-04T18:00:00,0.3491,ALL_PURPOSE,123456789,"{""run_as"": {""email"": ""user09@example.com""}, ""actor_type"": ""user""}"
2026-02-04T18:00:00,2026-02-04T19:00:00,0.0811,ALL_PURPOSE,123456789,"{""run_as"": {""email"": ""user09@example.com""}, ""actor_type"": ""user""}"
2026-02-04T19:00:00,2026-02-04T20:00:00,0.2474,ALL_PURPOSE,123456789,"{""run_as"": {""email"": ""user09@example.com""}, ""actor_type"": ""user""}"
2026-02-04T20:00:00,2026-02-04T21:00:00,0.0427,ALL_PURPOSE,123456789,"{""run_as"": {""email"": ""user09@example.com""}, ""actor_type"": ""user""}"
2026-02-04T21:00:00,2026-02-04T22:00:00,0.2703,ALL_PURPOSE,123456789,"{""run_as"": {""email"": ""user09@example.com""}, ""actor_type"": ""user""}"
2026-02-04T22:00:00,2026-02-04T23:00:00,0.2455,ALL_PURPOSE,123456789,"{""run_as"": {""email"": ""user09@example.com""}, ""actor_type"": ""user""}"
2026-02-04T23:00:00,2026-02-05T00:00:00,0.0169,ALL_PURPOSE,123456789,"{""run_as"": {""email"": ""user09@example.com""}, ""actor_type"": ""user""}"
2026-02-05T00:00:00,2026-02-05T01:00:00,0.1969,ALL_PURPOSE,123456789,"{""run_as"": {""email"": ""user09@example.com""}, ""actor_type"": ""user""}"
2026-02-05T01:00:00,2026-02-05T02:00:00,0.3475,ALL_PURPOSE,123456789,"{""run_as"": {""email"": ""user09@example.com""}, ""actor_type"": ""user""}"
2026-02-05T02:00:00,2026-02-05T03:00:00,0.6219,ALL_PURPOSE,123456789,"{""run_as"": {""email"": ""user09@example.com""}, ""actor_type"": ""user""}"
2026-02-05T03:00:00,2026-02-05T04:00:00,0.0217,ALL_PURPOSE,123456789,"{""run_as"": {""email"": ""user09@example.com""}, ""actor_type"": ""user""}"
2026-02-05T04:00:00,2026-02-05T05:00:00,0.2163,ALL_PURPOSE,123456789,"{""run_as"": {""email"": ""user09@example.com""}, ""actor_type"": ""user""}"
2026-02-05T05:00:00,2026-02-05T06:00:00,1.0581,ALL_PURPOSE,123456789,"{""run_as"": {""email"": ""user09@example.com""}, ""actor_type"": ""user""}"
2026-02-05T06:00:00,2026-02-05T07:00:00,0.184,ALL_PURPOSE,123456789,"{""run_as"": {""email"": ""user09@example.com""}, ""actor_type"": ""user""}"
2026-02-05T07:00:00,2026-02-05T08:00:00,0.0047,ALL_PURPOSE,123456789,"{""run_as"": {""email"": ""user09@example.com""}, ""actor_type"": ""user""}"
2026-02-05T08:00:00,2026-02-05T09:00:00,0.2324,ALL_PURPOSE,123456789,"{""run_as"": {""email"": ""user09@example.com""}, ""actor_type"": ""user""}"
2026-02-05T09:00:00,2026-02-05T10:00:00,0.2451,ALL_PURPOSE,123456789,"{""run_as"": {""email"": ""user09@example.com""}, ""actor_type"": ""user""}"
2026-02-05T10:00:00,2026-02-05T11:00:00,0.2194,ALL_PURPOSE,123456789,"{""run_as"": {""email"": ""user09@example.com""}, ""actor_type"": ""user""}"
2026-02-05T11:00:00,2026-02-05T12:00:00,0.1885,ALL_PURPOSE,123456789,"{""run_as"": {""email"": ""user09@example.com""}, ""actor_type"": ""user""}"
2026-02-05T12:00:00,2026-02-05T13:00:00,0.1464,ALL_PURPOSE,123456789,"{""run_as"": {""email"": ""user09@example.com""}, ""actor_type"": ""user""}"
2026-02-05T13:00:00,2026-02-05T14:00:00,0.0842,ALL_PURPOSE,123456789,"{""run_as"": {""email"": ""user09@example.com""}, ""actor_type"": ""user""}"
2026-02-05T14:00:00,2026-02-05T15:00:00,0.1489,ALL_PURPOSE,123456789,"{""run_as"": {""email"": ""user09@example.com""}, ""actor_type"": ""user""}"
2026-02-05T15:00:00,2026-02-05T16:00:00,0.1119,ALL_PURPOSE,123456789,"{""run_as"": {""email"": ""user09@example.com""}, ""actor_type"": ""user""}"
2026-02-05T16:00:00,2026-02-05T17:00:00,0.0525,ALL_PURPOSE,123456789,"{""run_as"": {""email"": ""user09@example.com""}, ""actor_type"": ""user""}"
2026-02-05T17:00:00,2026-02-05T18:00:00,0.0,ALL_PURPOSE,123456789,"{""run_as"": {""email"": ""user09@example.com""}, ""actor_type"": ""user""}"
2026-02-05T18:00:00,2026-02-05T19:00:00,0.108,ALL_PURPOSE,123456789,"{""run_as"": {""email"": ""user09@example.com""}, ""actor_type"": ""user""}"
2026-02-05T19:00:00,2026-02-05T20:00:00,0.1729,ALL_PURPOSE,123456789,"{""run_as"": {""email"": ""user09@example.com""}, ""actor_type"": ""user""}"
2026-02-05T20:00:00,2026-02-05T21:00:00,0.0583,ALL_PURPOSE,123456789,"{""run_as"": {""email"": ""user09@example.com""}, ""actor_type"": ""user""}"
2026-02-05T21:00:00,2026-02-05T22:00:00,0.0598,ALL_PURPOSE,123456789,"{""run_as"": {""email"": ""user09@example.com""}, ""actor_type"": ""user""}"
2026-02-05T22:00:00,2026-02-05T23:00:00,0.0706,ALL_PURPOSE,123456789,"{""run_as"": {""email"": ""user09@example.com""}, ""actor_type"": ""user""}"
2026-02-05T23:00:00,2026-02-06T00:00:00,0.3398,ALL_PURPOSE,123456789,"{""run_as"": {""email"": ""user09@example.com""}, ""actor_type"": ""user""}"
2026-02-06T00:00:00,2026-02-06T01:00:00,0.8076,ALL_PURPOSE,123456789,"{""run_as"": {""email"": ""user09@example.com""}, ""actor_type"": ""user""}"
2026-02-06T01:00:00,2026-02-06T02:00:00,0.0,ALL_PURPOSE,123456789,"{""run_as"": {""email"": ""user09@example.com""}, ""actor_type"": ""user""}"
2026-02-06T02:00:00,2026-02-06T03:00:00,0.3255,ALL_PURPOSE,123456789,"{""run_as"": {""email"": ""user09@example.com""}, ""actor_type"": ""user""}"
2026-02-06T03:00:00,2026-02-06T04:00:00,0.5326,ALL_PURPOSE,123456789,"{""run_as"": {""email"": ""user09@example.com""}, ""actor_type"": ""user""}"
2026-02-06T04:00:00,2026-02-06T05:00:00,0.0,ALL_PURPOSE,123456789,"{""run_as"": {""email"": ""user09@example.com""}, ""actor_type"": ""user""}"
2026-02-06T05:00:00,2026-02-06T06:00:00,0.3469,ALL_PURPOSE,123456789,"{""run_as"": {""email"": ""user09@example.com""}, ""actor_type"": ""user""}"
2026-02-06T06:00:00,2026-02-06T07:00:00,0.2304,ALL_PURPOSE,123456789,"{""run_as"": {""email"": ""user09@example.com""}, ""actor_type"": ""user""}"
2026-02-06T07:00:00,2026-02-06T08:00:00,0.0698,ALL_PURPOSE,123456789,"{""run_as"": {""email"": ""user09@example.com""}, ""actor_type"": ""user""}"
2026-02-06T08:00:00,2026-02-06T09:00:00,0.142,ALL_PURPOSE,123456789,"{""run_as"": {""email"": ""user09@example.com""}, ""actor_type"": ""user""}"
2026-02-06T09:00:00,2026-02-06T10:00:00,0.195,ALL_PURPOSE,123456789,"{""run_as"": {""email"": ""user09@example.com""}, ""actor_type"": ""user""}"
2026-02-06T10:00:00,2026-02-06T11:00:00,0.3559,ALL_PURPOSE,123456789,"{""run_as"": {""email"": ""user09@example.com""}, ""actor_type"": ""user""}"
2026-02-06T11:00:00,2026-02-06T12:00:00,0.1146,ALL_PURPOSE,123456789,"{""run_as"": {""email"": ""user09@example.com""}, ""actor_type"": ""user""}"
2026-02-06T12:00:00,2026-02-06T13:00:00,0.0579,ALL_PURPOSE,123456789,"{""run_as"": {""email"": ""user09@example.com""}, ""actor_type"": ""user""}"
2026-02-06T13:00:00,2026-02-06T14:00:00,0.3231,ALL_PURPOSE,123456789,"{""run_as"": {""email"": ""user09@example.com""}, ""actor_type"": ""user""}"
2026-02-06T14:00:00,2026-02-06T15:00:00,0.2525,ALL_PURPOSE,123456789,"{""run_as"": {""email"": ""user09@example.com""}, ""actor_type"": ""user""}"
2026-02-06T15:00:00,2026-02-06T16:00:00,0.0,ALL_PURPOSE,123456789,"{""run_as"": {""email"": ""user09@example.com""}, ""actor_type"": ""user""}"
2026-02-06T16:00:00,2026-02-06T17:00:00,0.0648,ALL_PURPOSE,123456789,"{""run_as"": {""email"": ""user09@example.com""}, ""actor_type"": ""user""}"
2026-02-06T17:00:00,2026-02-06T18:00:00,0.1268,ALL_PURPOSE,123456789,"{""run_as"": {""email"": ""user09@example.com""}, ""actor_type"": ""user""}"
2026-02-06T18:00:00,2026-02-06T19:00:00,0.107,ALL_PURPOSE,123456789,"{""run_as"": {""email"": ""user09@example.com""}, ""actor_type"": ""user""}"
2026-02-06T19:00:00,2026-02-06T20:00:00,0.1085,ALL_PURPOSE,123456789,"{""run_as"": {""email"": ""user09@example.com""}, ""actor_type"": ""user""}"
2026-02-06T20:00:00,2026-02-06T21:00:00,0.3451,ALL_PURPOSE,123456789,"{""run_as"": {""email"": ""user09@example.com""}, ""actor_type"": ""user""}"
2026-02-06T21:00:00,2026-02-06T22:00:00,0.2348,ALL_PURPOSE,123456789,"{""run_as"": {""email"": ""user09@example.com""}, ""actor_type"": ""user""}"
2026-02-06T22:00:00,2026-02-06T23:00:00,0.2818,ALL_PURPOSE,123456789,"{""run_as"": {""email"": ""user09@example.com""}, ""actor_type"": ""user""}"
2026-02-06T23:00:00,2026-02-07T00:00:00,0.2648,ALL_PURPOSE,123456789,"{""run_as"": {""email"": ""user09@example.com""}, ""actor_type"": ""user""}"
2026-02-07T00:00:00,2026-02-07T01:00:00,0.0,ALL_PURPOSE,123456789,"{""run_as"": {""email"": ""user09@example.com""}, ""actor_type"": ""user""}"
2026-02-07T01:00:00,2026-02-07T02:00:00,0.0,ALL_PURPOSE,123456789,"{""run_as"": {""email"": ""user09@example.com""}, ""actor_type"": ""user""}"
2026-02-07T02:00:00,2026-02-07T03:00:00,0.0,ALL_PURPOSE,123456789,"{""run_as"": {""email"": ""user09@example.com""}, ""actor_type"": ""user""}"
2026-02-07T03:00:00,2026-02-07T04:00:00,0.6634,ALL_PURPOSE,123456789,"{""run_as"": {""email"": ""user09@example.com""}, ""actor_type"": ""user""}"
2026-02-07T04:00:00,2026-02-07T05:00:00,0.4227,ALL_PURPOSE,123456789,"{""run_as"": {""email"": ""user09@example.com""}, ""actor_type"": ""user""}"
2026-02-07T05:00:00,2026-02-07T06:00:00,0.0,ALL_PURPOSE,123456789,"{""run_as"": {""email"": ""user09@example.com""}, ""actor_type"": ""user""}"
2026-02-07T06:00:00,2026-02-07T07:00:00,0.2654,ALL_PURPOSE,123456789,"{""run_as"": {""email"": ""user09@example.com""}, ""actor_type"": ""user""}"
2026-02-07T07:00:00,2026-02-07T08:00:00,0.1301,ALL_PURPOSE,123456789,"{""run_as"": {""email"": ""user09@example.com""}, ""actor_type"": ""user""}"
2026-02-07T08:00:00,2026-02-07T09:00:00,0.39,ALL_PURPOSE,123456789,"{""run_as"": {""email"": ""user09@example.com""}, ""actor_type"": ""user""}"
2026-02-07T09:00:00,2026-02-07T10:00:00,0.109,ALL_PURPOSE,123456789,"{""run_as"": {""email"": ""user09@example.com""}, ""actor_type"": ""user""}"
2026-02-07T10:00:00,2026-02-07T11:00:00,0.3878,ALL_PURPOSE,123456789,"{""run_as"": {""email"": ""user09@example.com""}, ""actor_type"": ""user""}"
2026-02-07T11:00:00,2026-02-07T12:00:00,0.0708,ALL_PURPOSE,123456789,"{""run_as"": {""email"": ""user09@example.com""}, ""actor_type"": ""user""}"
2026-02-07T12:00:00,2026-02-07T13:00:00,0.2524,ALL_PURPOSE,123456789,"{""run_as"": {""email"": ""user09@example.com""}, ""actor_type"": ""user""}"
2026-02-07T13:00:00,2026-02-07T14:00:00,0.2256,ALL_PURPOSE,123456789,"{""run_as"": {""email"": ""user09@example.com""}, ""actor_type"": ""user""}"
2026-02-07T14:00:00,2026-02-07T15:00:00,0.2558,ALL_PURPOSE,123456789,"{""run_as"": {""email"": ""user09@example.com""}, ""actor_type"": ""user""}"
2026-02-07T15:00:00,2026-02-07T16:00:00,0.1389,ALL_PURPOSE,123456789,"{""run_as"": {""email"": ""user09@example.com""}, ""actor_type"": ""user""}"
2026-02-07T16:00:00,2026-02-07T17:00:00,0.3219,ALL_PURPOSE,123456789,"{""run_as"": {""email"": ""user09@example.com""}, ""actor_type"": ""user""}"
2026-02-07T17:00:00,2026-02-07T18:00:00,0.1463,ALL_PURPOSE,123456789,"{""run_as"": {""email"": ""user09@example.com""}, ""actor_type"": ""user""}"
2026-02-07T18:00:00,2026-02-07T19:00:00,0.0,ALL_PURPOSE,123456789,"{""run_as"": {""email"": ""user09@example.com""}, ""actor_type"": ""user""}"
2026-02-07T19:00:00,2026-02-07T20:00:00,0.3262,ALL_PURPOSE,123456789,"{""run_as"": {""email"": ""user09@example.com""}, ""actor_type"": ""user""}"
2026-02-07T20:00:00,2026-02-07T21:00:00,0.1376,ALL_PURPOSE,123456789,"{""run_as"": {""email"": ""user09@example.com""}, ""actor_type"": ""user""}"
2026-02-07T21:00:00,2026-02-07T22:00:00,0.0033,ALL_PURPOSE,123456789,"{""run_as"": {""email"": ""user09@example.com""}, ""actor_type"": ""user""}"
2026-02-07T22:00:00,2026-02-07T23:00:00,0.0,ALL_PURPOSE,123456789,"{""run_as"": {""email"": ""user09@example.com""}, ""actor_type"": ""user""}"
2026-02-07T23:00:00,2026-02-08T00:00:00,0.0,ALL_PURPOSE,123456789,"{""run_as"": {""email"": ""user09@example.com""}, ""actor_type"": ""user""}"
2026-02-08T00:00:00,2026-02-08T01:00:00,0.1495,ALL_PURPOSE,123456789,"{""run_as"": {""email"": ""user09@example.com""}, ""actor_type"": ""user""}"
2026-02-08T01:00:00,2026-02-08T02:00:00,0.7739,ALL_PURPOSE,123456789,"{""run_as"": {""email"": ""user09@example.com""}, ""actor_type"": ""user""}"
2026-02-08T02:00:00,2026-02-08T03:00:00,0.5469,ALL_PURPOSE,123456789,"{""run_as"": {""email"": ""user09@example.com""}, ""actor_type"": ""user""}"
2026-02-08T03:00:00,2026-02-08T04:00:00,0.3058,ALL_PURPOSE,123456789,"{""run_as"": {""email"": ""user09@example.com""}, ""actor_type"": ""user""}"
2026-02-08T04:00:00,2026-02-08T05:00:00,0.8939,ALL_PURPOSE,123456789,"{""run_as"": {""email"": ""user09@example.com""}, ""actor_type"": ""user""}"
2026-02-08T05:00:00,2026-02-08T06:00:00,0.1652,ALL_PURPOSE,123456789,"{""run_as"": {""email"": ""user09@example.com""}, ""actor_type"": ""user""}"
2026-02-08T06:00:00,2026-02-08T07:00:00,0.1158,ALL_PURPOSE,123456789,"{""run_as"": {""email"": ""user09@example.com""}, ""actor_type"": ""user""}"
2026-02-08T07:00:00,2026-02-08T08:00:00,0.2471,ALL_PURPOSE,123456789,"{""run_as"": {""email"": ""user09@example.com""}, ""actor_type"": ""user""}"
2026-02-08T08:00:00,2026-02-08T09:00:00,0.2491,ALL_PURPOSE,123456789,"{""run_as"": {""email"": ""user09@example.com""}, ""actor_type"": ""user""}"
2026-02-08T09:00:00,2026-02-08T10:00:00,0.0,ALL_PURPOSE,123456789,"{""run_as"": {""email"": ""user09@example.com""}, ""actor_type"": ""user""}"
2026-02-08T10:00:00,2026-02-08T11:00:00,0.214,ALL_PURPOSE,123456789,"{""run_as"": {""email"": ""user09@example.com""}, ""actor_type"": ""user""}"
2026-02-08T11:00:00,2026-02-08T12:00:00,0.0409,ALL_PURPOSE,123456789,"{""run_as"": {""email"": ""user09@example.com""}, ""actor_type"": ""user""}"
2026-02-08T12:00:00,2026-02-08T13:00:00,0.2861,ALL_PURPOSE,123456789,"{""run_as"": {""email"": ""user09@example.com""}, ""actor_type"": ""user""}"
2026-02-08T13:00:00,2026-02-08T14:00:00,0.0931,ALL_PURPOSE,123456789,"{""run_as"": {""email"": ""user09@example.com""}, ""actor_type"": ""user""}"
2026-02-08T14:00:00,2026-02-08T15:00:00,0.1974,ALL_PURPOSE,123456789,"{""run_as"": {""email"": ""user09@example.com""}, ""actor_type"": ""user""}"
2026-02-08T15:00:00,2026-02-08T16:00:00,0.1246,ALL_PURPOSE,123456789,"{""run_as"": {""email"": ""user09@example.com""}, ""actor_type"": ""user""}"
2026-02-08T16:00:00,2026-02-08T17:00:00,0.3992,ALL_PURPOSE,123456789,"{""run_as"": {""email"": ""user09@example.com""}, ""actor_type"": ""user""}"
2026-02-08T17:00:00,2026-02-08T18:00:00,0.3166,ALL_PURPOSE,123456789,"{""run_as"": {""email"": ""user09@example.com""}, ""actor_type"": ""user""}"
2026-02-08T18:00:00,2026-02-08T19:00:00,0.3374,ALL_PURPOSE,123456789,"{""run_as"": {""email"": ""user09@example.com""}, ""actor_type"": ""user""}"
2026-02-08T19:00:00,2026-02-08T20:00:00,0.0224,ALL_PURPOSE,123456789,"{""run_as"": {""email"": ""user09@example.com""}, ""actor_type"": ""user""}"
2026-02-08T20:00:00,2026-02-08T21:00:00,0.0286,ALL_PURPOSE,123456789,"{""run_as"": {""email"": ""user09@example.com""}, ""actor_type"": ""user""}"
2026-02-08T21:00:00,2026-02-08T22:00:00,0.0769,ALL_PURPOSE,123456789,"{""run_as"": {""email"": ""user09@example.com""}, ""actor_type"": ""user""}"
2026-02-08T22:00:00,2026-02-08T23:00:00,0.0,ALL_PURPOSE,123456789,"{""run_as"": {""email"": ""user09@example.com""}, ""actor_type"": ""user""}"
2026-02-08T23:00:00,2026-02-09T00:00:00,0.9471,ALL_PURPOSE,123456789,"{""run_as"": {""email"": ""user09@example.com""}, ""actor_type"": ""user""}"
2026-02-09T00:00:00,2026-02-09T01:00:00,0.7176,ALL_PURPOSE,123456789,"{""run_as"": {""email"": ""user09@example.com""}, ""actor_type"": ""user""}"
2026-02-09T01:00:00,2026-02-09T02:00:00,0.2085,ALL_PURPOSE,123456789,"{""run_as"": {""email"": ""user09@example.com""}, ""actor_type"": ""user""}"
2026-02-09T02:00:00,2026-02-09T03:00:00,0.5987,ALL_PURPOSE,123456789,"{""run_as"": {""email"": ""user09@example.com""}, ""actor_type"": ""user""}"
2026-02-09T03:00:00,2026-02-09T04:00:00,0.0169,ALL_PURPOSE,123456789,"{""run_as"": {""email"": ""user09@example.com""}, ""actor_type"": ""user""}"
2026-02-09T04:00:00,2026-02-09T05:00:00,0.1013,ALL_PURPOSE,123456789,"{""run_as"": {""email"": ""user09@example.com""}, ""actor_type"": ""user""}"
2026-02-09T05:00:00,2026-02-09T06:00:00,0.355,ALL_PURPOSE,123456789,"{""run_as"": {""email"": ""user09@example.com""}, ""actor_type"": ""user""}"
2026-02-09T06:00:00,2026-02-09T07:00:00,0.0452,ALL_PURPOSE,123456789,"{""run_as"": {""email"": ""user09@example.com""}, ""actor_type"": ""user""}"
2026-02-09T07:00:00,2026-02-09T08:00:00,0.1298,ALL_PURPOSE,123456789,"{""run_as"": {""email"": ""user09@example.com""}, ""actor_type"": ""user""}"
2026-02-09T08:00:00,2026-02-09T09:00:00,0.0,ALL_PURPOSE,123456789,"{""run_as"": {""email"": ""user09@example.com""}, ""actor_type"": ""user""}"
2026-02-09T09:00:00,2026-02-09T10:00:00,0.0,ALL_PURPOSE,123456789,"{""run_as"": {""email"": ""user09@example.com""}, ""actor_type"": ""user""}"
2026-02-09T10:00:00,2026-02-09T11:00:00,0.0168,ALL_PURPOSE,123456789,"{""run_as"": {""email"": ""user09@example.com""}, ""actor_type"": ""user""}"
2026-02-09T11:00:00,2026-02-09T12:00:00,0.1901,ALL_PURPOSE,123456789,"{""run_as"": {""email"": ""user09@example.com""}, ""actor_type"": ""user""}"
2026-02-09T12:00:00,2026-02-09T13:00:00,0.0,ALL_PURPOSE,123456789,"{""run_as"": {""email"": ""user09@example.com""}, ""actor_type"": ""user""}"
2026-02-09T13:00:00,2026-02-09T14:00:00,0.0,ALL_PURPOSE,123456789,"{""run_as"": {""email"": ""user09@example.com""}, ""actor_type"": ""user""}"
2026-02-09T14:00:00,2026-02-09T15:00:00,0.2475,ALL_PURPOSE,123456789,"{""run_as"": {""email"": ""user09@example.com""}, ""actor_type"": ""user""}"
2026-02-09T15:00:00,2026-02-09T16:00:00,0.3988,ALL_PURPOSE,123456789,"{""run_as"": {""email"": ""user09@example.com""}, ""actor_type"": ""user""}"
2026-02-09T16:00:00,2026-02-09T17:00:00,0.0239,ALL_PURPOSE,123456789,"{""run_as"": {""email"": ""user09@example.com""}, ""actor_type"": ""user""}"
2026-02-09T17:00:00,2026-02-09T18:00:00,0.2805,ALL_PURPOSE,123456789,"{""run_as"": {""email"": ""user09@example.com""}, ""actor_type"": ""user""}"
2026-02-09T18:00:00,2026-02-09T19:00:00,0.0503,ALL_PURPOSE,123456789,"{""run_as"": {""email"": ""user09@example.com""}, ""actor_type"": ""user""}"
2026-02-09T19:00:00,2026-02-09T20:00:00,0.3927,ALL_PURPOSE,123456789,"{""run_as"": {""email"": ""user09@example.com""}, ""actor_type"": ""user""}"
2026-02-09T20:00:00,2026-02-09T21:00:00,0.3027,ALL_PURPOSE,123456789,"{""run_as"": {""email"": ""user09@example.com""}, ""actor_type"": ""user""}"
2026-02-02T21:00:00,2026-02-02T22:00:00,0.1755,ALL_PURPOSE,123456789,"{""run_as"": {""email"": ""user10@example.com""}, ""actor_type"": ""user""}"
2026-02-02T22:00:00,2026-02-02T23:00:00,0.0,ALL_PURPOSE,123456789,"{""run_as"": {""email"": ""user10@example.com""}, ""actor_type"": ""user""}"
2026-02-02T23:00:00,2026-02-03T00:00:00,0.3595,ALL_PURPOSE,123456789,"{""run_as"": {""email"": ""user10@example.com""}, ""actor_type"": ""user""}"
2026-02-03T00:00:00,2026-02-03T01:00:00,0.1179,ALL_PURPOSE,123456789,"{""run_as"": {""email"": ""user10@example.com""}, ""actor_type"": ""user""}"
2026-02-03T01:00:00,2026-02-03T02:00:00,0.6873,ALL_PURPOSE,123456789,"{""run_as"": {""email"": ""user10@example.com""}, ""actor_type"": ""user""}"
2026-02-03T02:00:00,2026-02-03T03:00:00,0.3325,ALL_PURPOSE,123456789,"{""run_as"": {""email"": ""user10@example.com""}, ""actor_type"": ""user""}"
2026-02-03T03:00:00,2026-02-03T04:00:00,0.3345,ALL_PURPOSE,123456789,"{""run_as"": {""email"": ""user10@example.com""}, ""actor_type"": ""user""}"
2026-02-03T04:00:00,2026-02-03T05:00:00,0.6935,ALL_PURPOSE,123456789,"{""run_as"": {""email"": ""user10@example.com""}, ""actor_type"": ""user""}"
2026-02-03T05:00:00,2026-02-03T06:00:00,0.774,ALL_PURPOSE,123456789,"{""run_as"": {""email"": ""user10@example.com""}, ""actor_type"": ""user""}"
2026-02-03T06:00:00,2026-02-03T07:00:00,0.0955,ALL_PURPOSE,123456789,"{""run_as"": {""email"": ""user10@example.com""}, ""actor_type"": ""user""}"
2026-02-03T07:00:00,2026-02-03T08:00:00,0.2633,ALL_PURPOSE,123456789,"{""run_as"": {""email"": ""user10@example.com""}, ""actor_type"": ""user""}"
2026-02-03T08:00:00,2026-02-03T09:00:00,0.155,ALL_PURPOSE,123456789,"{""run_as"": {""email"": ""user10@example.com""}, ""actor_type"": ""user""}"
2026-02-03T09:00:00,2026-02-03T10:00:00,0.199,ALL_PURPOSE,123456789,"{""run_as"": {""email"": ""user10@example.com""}, ""actor_type"": ""user""}"
2026-02-03T10:00:00,2026-02-03T11:00:00,0.2452,ALL_PURPOSE,123456789,"{""run_as"": {""email"": ""user10@example.com""}, ""actor_type"": ""user""}"
2026-02-03T11:00:00,2026-02-03T12:00:00,0.0,ALL_PURPOSE,123456789,"{""run_as"": {""email"": ""user10@example.com""}, ""actor_type"": ""user""}"
2026-02-03T12:00:00,2026-02-03T13:00:00,0.0,ALL_PURPOSE,123456789,"{""run_as"": {""email"": ""user10@example.com""}, ""actor_type"": ""user""}"
2026-02-03T13:00:00,2026-02-03T14:00:00,0.0,ALL_PURPOSE,123456789,"{""run_as"": {""email"": ""user10@example.com""}, ""actor_type"": ""user""}"
2026-02-03T14:00:00,2026-02-03T15:00:00,0.3494,ALL_PURPOSE,123456789,"{""run_as"": {""email"": ""user10@example.com""}, ""actor_type"": ""user""}"
2026-02-03T15:00:00,2026-02-03T16:00:00,0.0,ALL_PURPOSE,123456789,"{""run_as"": {""email"": ""user10@example.com""}, ""actor_type"": ""user""}"
2026-02-03T16:00:00,2026-02-03T17:00:00,0.2284,ALL_PURPOSE,123456789,"{""run_as"": {""email"": ""user10@example.com""}, ""actor_type"": ""user""}"
2026-02-03T17:00:00,2026-02-03T18:00:00,0.2632,ALL_PURPOSE,123456789,"{""run_as"": {""email"": ""user10@example.com""}, ""actor_type"": ""user""}"
2026-02-03T18:00:00,2026-02-03T19:00:00,0.2805,ALL_PURPOSE,123456789,"{""run_as"": {""email"": ""user10@example.com""}, ""actor_type"": ""user""}"
2026-02-03T19:00:00,2026-02-03T20:00:00,0.1465,ALL_PURPOSE,123456789,"{""run_as"": {""email"": ""user10@example.com""}, ""actor_type"": ""user""}"
2026-02-03T20:00:00,2026-02-03T21:00:00,0.0283,ALL_PURPOSE,123456789,"{""run_as"": {""email"": ""user10@example.com""}, ""actor_type"": ""user""}"
2026-02-03T21:00:00,2026-02-03T22:00:00,0.0835,ALL_PURPOSE,123456789,"{""run_as"": {""email"": ""user10@example.com""}, ""actor_type"": ""user""}"
2026-02-03T22:00:00,2026-02-03T23:00:00,0.0,ALL_PURPOSE,123456789,"{""run_as"": {""email"": ""user10@example.com""}, ""actor_type"": ""user""}"
2026-02-03T23:00:00,2026-02-04T00:00:00,0.2232,ALL_PURPOSE,123456789,"{""run_as"": {""email"": ""user10@example.com""}, ""actor_type"": ""user""}"
2026-02-04T00:00:00,2026-02-04T01:00:00,0.1476,ALL_PURPOSE,123456789,"{""run_as"": {""email"": ""user10@example.com""}, ""actor_type"": ""user""}"
2026-02-04T01:00:00,2026-02-04T02:00:00,0.2556,ALL_PURPOSE,123456789,"{""run_as"": {""email"": ""user10@example.com""}, ""actor_type"": ""user""}"
2026-02-04T02:00:00,2026-02-04T03:00:00,0.0,ALL_PURPOSE,123456789,"{""run_as"": {""email"": ""user10@example.com""}, ""actor_type"": ""user""}"
2026-02-04T03:00:00,2026-02-04T04:00:00,0.2901,ALL_PURPOSE,123456789,"{""run_as"": {""email"": ""user10@example.com""}, ""actor_type"": ""user""}"
2026-02-04T04:00:00,2026-02-04T05:00:00,0.7482,ALL_PURPOSE,123456789,"{""run_as"": {""email"": ""user10@example.com""}, ""actor_type"": ""user""}"
2026-02-04T05:00:00,2026-02-04T06:00:00,0.0,ALL_PURPOSE,123456789,"{""run_as"": {""email"": ""user10@example.com""}, ""actor_type"": ""user""}"
2026-02-04T06:00:00,2026-02-04T07:00:00,0.2554,ALL_PURPOSE,123456789,"{""run_as"": {""email"": ""user10@example.com""}, ""actor_type"": ""user""}"
2026-02-04T07:00:00,2026-02-04T08:00:00,0.1835,ALL_PURPOSE,123456789,"{""run_as"": {""email"": ""user10@example.com""}, ""actor_type"": ""user""}"
2026-02-04T08:00:00,2026-02-04T09:00:00,0.3531,ALL_PURPOSE,123456789,"{""run_as"": {""email"": ""user10@example.com""}, ""actor_type"": ""user""}"
2026-02-04T09:00:00,2026-02-04T10:00:00,0.0722,ALL_PURPOSE,123456789,"{""run_as"": {""email"": ""user10@example.com""}, ""actor_type"": ""user""}"
2026-02-04T10:00:00,2026-02-04T11:00:00,0.135,ALL_PURPOSE,123456789,"{""run_as"": {""email"": ""user10@example.com""}, ""actor_type"": ""user""}"
2026-02-04T11:00:00,2026-02-04T12:00:00,0.3994,ALL_PURPOSE,123456789,"{""run_as"": {""email"": ""user10@example.com""}, ""actor_type"": ""user""}"
2026-02-04T12:00:00,2026-02-04T13:00:00,0.1409,ALL_PURPOSE,123456789,"{""run_as"": {""email"": ""user10@example.com""}, ""actor_type"": ""user""}"
2026-02-04T13:00:00,2026-02-04T14:00:00,0.3966,ALL_PURPOSE,123456789,"{""run_as"": {""email"": ""user10@example.com""}, ""actor_type"": ""user""}"
2026-02-04T14:00:00,2026-02-04T15:00:00,0.1487,ALL_PURPOSE,123456789,"{""run_as"": {""email"": ""user10@example.com""}, ""actor_type"": ""user""}"
2026-02-04T15:00:00,2026-02-04T16:00:00,0.1722,ALL_PURPOSE,123456789,"{""run_as"": {""email"": ""user10@example.com""}, ""actor_type"": ""user""}"
2026-02-04T16:00:00,2026-02-04T17:00:00,0.2434,ALL_PURPOSE,123456789,"{""run_as"": {""email"": ""user10@example.com""}, ""actor_type"": ""user""}"
2026-02-04T17:00:00,2026-02-04T18:00:00,0.0856,ALL_PURPOSE,123456789,"{""run_as"": {""email"": ""user10@example.com""}, ""actor_type"": ""user""}"
2026-02-04T18:00:00,2026-02-04T19:00:00,0.3705,ALL_PURPOSE,123456789,"{""run_as"": {""email"": ""user10@example.com""}, ""actor_type"": ""user""}"
2026-02-04T19:00:00,2026-02-04T20:00:00,0.3847,ALL_PURPOSE,123456789,"{""run_as"": {""email"": ""user10@example.com""}, ""actor_type"": ""user""}"
2026-02-04T20:00:00,2026-02-04T21:00:00,0.1588,ALL_PURPOSE,123456789,"{""run_as"": {""email"": ""user10@example.com""}, ""actor_type"": ""user""}"
2026-02-04T21:00:00,2026-02-04T22:00:00,0.3932,ALL_PURPOSE,123456789,"{""run_as"": {""email"": ""user10@example.com""}, ""actor_type"": ""user""}"
2026-02-04T22:00:00,2026-02-04T23:00:00,0.207,ALL_PURPOSE,123456789,"{""run_as"": {""email"": ""user10@example.com""}, ""actor_type"": ""user""}"
2026-02-04T23:00:00,2026-02-05T00:00:00,0.0,ALL_PURPOSE,123456789,"{""run_as"": {""email"": ""user10@example.com""}, ""actor_type"": ""user""}"
2026-02-05T00:00:00,2026-02-05T01:00:00,0.3288,ALL_PURPOSE,123456789,"{""run_as"": {""email"": ""user10@example.com""}, ""actor_type"": ""user""}"
2026-02-05T01:00:00,2026-02-05T02:00:00,0.2215,ALL_PURPOSE,123456789,"{""run_as"": {""email"": ""user10@example.com""}, ""actor_type"": ""user""}"
2026-02-05T02:00:00,2026-02-05T03:00:00,0.0,ALL_PURPOSE,123456789,"{""run_as"": {""email"": ""user10@example.com""}, ""actor_type"": ""user""}"
2026-02-05T03:00:00,2026-02-05T04:00:00,0.1468,ALL_PURPOSE,123456789,"{""run_as"": {""email"": ""user10@example.com""}, ""actor_type"": ""user""}"
2026-02-05T04:00:00,2026-02-05T05:00:00,0.7043,ALL_PURPOSE,123456789,"{""run_as"": {""email"": ""user10@example.com""}, ""actor_type"": ""user""}"
2026-02-05T05:00:00,2026-02-05T06:00:00,0.2937,ALL_PURPOSE,123456789,"{""run_as"": {""email"": ""user10@example.com""}, ""actor_type"": ""user""}"
2026-02-05T06:00:00,2026-02-05T07:00:00,0.0692,ALL_PURPOSE,123456789,"{""run_as"": {""email"": ""user10@example.com""}, ""actor_type"": ""user""}"
2026-02-05T07:00:00,2026-02-05T08:00:00,0.2758,ALL_PURPOSE,123456789,"{""run_as"": {""email"": ""user10@example.com""}, ""actor_type"": ""user""}"
2026-02-05T08:00:00,2026-02-05T09:00:00,0.3631,ALL_PURPOSE,123456789,"{""run_as"": {""email"": ""user10@example.com""}, ""actor_type"": ""user""}"
2026-02-05T09:00:00,2026-02-05T10:00:00,0.1202,ALL_PURPOSE,123456789,"{""run_as"": {""email"": ""user10@example.com""}, ""actor_type"": ""user""}"
2026-02-05T10:00:00,2026-02-05T11:00:00,0.0,ALL_PURPOSE,123456789,"{""run_as"": {""email"": ""user10@example.com""}, ""actor_type"": ""user""}"
2026-02-05T11:00:00,2026-02-05T12:00:00,0.0224,ALL_PURPOSE,123456789,"{""run_as"": {""email"": ""user10@example.com""}, ""actor_type"": ""user""}"
2026-02-05T12:00:00,2026-02-05T13:00:00,0.1392,ALL_PURPOSE,123456789,"{""run_as"": {""email"": ""user10@example.com""}, ""actor_type"": ""user""}"
2026-02-05T13:00:00,2026-02-05T14:00:00,0.1666,ALL_PURPOSE,123456789,"{""run_as"": {""email"": ""user10@example.com""}, ""actor_type"": ""user""}"
2026-02-05T14:00:00,2026-02-05T15:00:00,0.3479,ALL_PURPOSE,123456789,"{""run_as"": {""email"": ""user10@example.com""}, ""actor_type"": ""user""}"
2026-02-05T15:00:00,2026-02-05T16:00:00,0.2611,ALL_PURPOSE,123456789,"{""run_as"": {""email"": ""user10@example.com""}, ""actor_type"": ""user""}"
2026-02-05T16:00:00,2026-02-05T17:00:00,0.0046,ALL_PURPOSE,123456789,"{""run_as"": {""email"": ""user10@example.com""}, ""actor_type"": ""user""}"
2026-02-05T17:00:00,2026-02-05T18:00:00,0.153,ALL_PURPOSE,123456789,"{""run_as"": {""email"": ""user10@example.com""}, ""actor_type"": ""user""}"
2026-02-05T18:00:00,2026-02-05T19:00:00,0.0165,ALL_PURPOSE,123456789,"{""run_as"": {""email"": ""user10@example.com""}, ""actor_type"": ""user""}"
2026-02-05T19:00:00,2026-02-05T20:00:00,0.0598,ALL_PURPOSE,123456789,"{""run_as"": {""email"": ""user10@example.com""}, ""actor_type"": ""user""}"
2026-02-05T20:00:00,2026-02-05T21:00:00,0.0,ALL_PURPOSE,123456789,"{""run_as"": {""email"": ""user10@example.com""}, ""actor_type"": ""user""}"
2026-02-05T21:00:00,2026-02-05T22:00:00,0.2926,ALL_PURPOSE,123456789,"{""run_as"": {""email"": ""user10@example.com""}, ""actor_type"": ""user""}"
2026-02-05T22:00:00,2026-02-05T23:00:00,0.1782,ALL_PURPOSE,123456789,"{""run_as"": {""email"": ""user10@example.com""}, ""actor_type"": ""user""}"
2026-02-05T23:00:00,2026-02-06T00:00:00,0.0,ALL_PURPOSE,123456789,"{""run_as"": {""email"": ""user10@example.com""}, ""actor_type"": ""user""}"
2026-02-06T00:00:00,2026-02-06T01:00:00,0.0,ALL_PURPOSE,123456789,"{""run_as"": {""email"": ""user10@example.com""}, ""actor_type"": ""user""}"
2026-02-06T01:00:00,2026-02-06T02:00:00,0.611,ALL_PURPOSE,123456789,"{""run_as"": {""email"": ""user10@example.com""}, ""actor_type"": ""user""}"
2026-02-06T02:00:00,2026-02-06T03:00:00,0.5437,ALL_PURPOSE,123456789,"{""run_as"": {""email"": ""user10@example.com""}, ""actor_type"": ""user""}"
2026-02-06T03:00:00,2026-02-06T04:00:00,0.7921,ALL_PURPOSE,123456789,"{""run_as"": {""email"": ""user10@example.com""}, ""actor_type"": ""user""}"
2026-02-06T04:00:00,2026-02-06T05:00:00,0.7422,ALL_PURPOSE,123456789,"{""run_as"": {""email"": ""user10@example.com""}, ""actor_type"": ""user""}"
2026-02-06T05:00:00,2026-02-06T06:00:00,0.9399,ALL_PURPOSE,123456789,"{""run_as"": {""email"": ""user10@example.com""}, ""actor_type"": ""user""}"
2026-02-06T06:00:00,2026-02-06T07:00:00,0.1393,ALL_PURPOSE,123456789,"{""run_as"": {""email"": ""user10@example.com""}, ""actor_type"": ""user""}"
2026-02-06T07:00:00,2026-02-06T08:00:00,0.0,ALL_PURPOSE,123456789,"{""run_as"": {""email"": ""user10@example.com""}, ""actor_type"": ""user""}"
2026-02-06T08:00:00,2026-02-06T09:00:00,0.1219,ALL_PURPOSE,123456789,"{""run_as"": {""email"": ""user10@example.com""}, ""actor_type"": ""user""}"
2026-02-06T09:00:00,2026-02-06T10:00:00,0.2465,ALL_PURPOSE,123456789,"{""run_as"": {""email"": ""user10@example.com""}, ""actor_type"": ""user""}"
2026-02-06T10:00:00,2026-02-06T11:00:00,0.0,ALL_PURPOSE,123456789,"{""run_as"": {""email"": ""user10@example.com""}, ""actor_type"": ""user""}"
2026-02-06T11:00:00,2026-02-06T12:00:00,0.018,ALL_PURPOSE,123456789,"{""run_as"": {""email"": ""user10@example.com""}, ""actor_type"": ""user""}"
2026-02-06T12:00:00,2026-02-06T13:00:00,0.0799,ALL_PURPOSE,123456789,"{""run_as"": {""email"": ""user10@example.com""}, ""actor_type"": ""user""}"
2026-02-06T13:00:00,2026-02-06T14:00:00,0.3031,ALL_PURPOSE,123456789,"{""run_as"": {""email"": ""user10@example.com""}, ""actor_type"": ""user""}"
2026-02-06T14:00:00,2026-02-06T15:00:00,0.0,ALL_PURPOSE,123456789,"{""run_as"": {""email"": ""user10@example.com""}, ""actor_type"": ""user""}"
2026-02-06T15:00:00,2026-02-06T16:00:00,0.3796,ALL_PURPOSE,123456789,"{""run_as"": {""email"": ""user10@example.com""}, ""actor_type"": ""user""}"
2026-02-06T16:00:00,2026-02-06T17:00:00,0.3475,ALL_PURPOSE,123456789,"{""run_as"": {""email"": ""user10@example.com""}, ""actor_type"": ""user""}"
2026-02-06T17:00:00,2026-02-06T18:00:00,0.0055,ALL_PURPOSE,123456789,"{""run_as"": {""email"": ""user10@example.com""}, ""actor_type"": ""user""}"
2026-02-06T18:00:00,2026-02-06T19:00:00,0.0445,ALL_PURPOSE,123456789,"{""run_as"": {""email"": ""user10@example.com""}, ""actor_type"": ""user""}"
2026-02-06T19:00:00,2026-02-06T20:00:00,0.0091,ALL_PURPOSE,123456789,"{""run_as"": {""email"": ""user10@example.com""}, ""actor_type"": ""user""}"
2026-02-06T20:00:00,2026-02-06T21:00:00,0.2152,ALL_PURPOSE,123456789,"{""run_as"": {""email"": ""user10@example.com""}, ""actor_type"": ""user""}"
2026-02-06T21:00:00,2026-02-06T22:00:00,0.2093,ALL_PURPOSE,123456789,"{""run_as"": {""email"": ""user10@example.com""}, ""actor_type"": ""user""}"
2026-02-06T22:00:00,2026-02-06T23:00:00,0.0,ALL_PURPOSE,123456789,"{""run_as"": {""email"": ""user10@example.com""}, ""actor_type"": ""user""}"
2026-02-06T23:00:00,2026-02-07T00:00:00,0.7876,ALL_PURPOSE,123456789,"{""run_as"": {""email"": ""user10@example.com""}, ""actor_type"": ""user""}"
2026-02-07T00:00:00,2026-02-07T01:00:00,0.3162,ALL_PURPOSE,123456789,"{""run_as"": {""email"": ""user10@example.com""}, ""actor_type"": ""user""}"
2026-02-07T01:00:00,2026-02-07T02:00:00,0.0,ALL_PURPOSE,123456789,"{""run_as"": {""email"": ""user10@example.com""}, ""actor_type"": ""user""}"
2026-02-07T02:00:00,2026-02-07T03:00:00,0.8519,ALL_PURPOSE,123456789,"{""run_as"": {""email"": ""user10@example.com""}, ""actor_type"": ""user""}"
2026-02-07T03:00:00,2026-02-07T04:00:00,1.0529,ALL_PURPOSE,123456789,"{""run_as"": {""email"": ""user10@example.com""}, ""actor_type"": ""user""}"
2026-02-07T04:00:00,2026-02-07T05:00:00,0.0925,ALL_PURPOSE,123456789,"{""run_as"": {""email"": ""user10@example.com""}, ""actor_type"": ""user""}"
2026-02-07T05:00:00,2026-02-07T06:00:00,0.7466,ALL_PURPOSE,123456789,"{""run_as"": {""email"": ""user10@example.com""}, ""actor_type"": ""user""}"
2026-02-07T06:00:00,2026-02-07T07:00:00,0.0746,ALL_PURPOSE,123456789,"{""run_as"": {""email"": ""user10@example.com""}, ""actor_type"": ""user""}"
2026-02-07T07:00:00,2026-02-07T08:00:00,0.1832,ALL_PURPOSE,123456789,"{""run_as"": {""email"": ""user10@example.com""}, ""actor_type"": ""user""}"
2026-02-07T08:00:00,2026-02-07T09:00:00,0.0086,ALL_PURPOSE,123456789,"{""run_as"": {""email"": ""user10@example.com""}, ""actor_type"": ""user""}"
2026-02-07T09:00:00,2026-02-07T10:00:00,0.2118,ALL_PURPOSE,123456789,"{""run_as"": {""email"": ""user10@example.com""}, ""actor_type"": ""user""}"
2026-02-07T10:00:00,2026-02-07T11:00:00,0.1574,ALL_PURPOSE,123456789,"{""run_as"": {""email"": ""user10@example.com""}, ""actor_type"": ""user""}"
2026-02-07T11:00:00,2026-02-07T12:00:00,0.1387,ALL_PURPOSE,123456789,"{""run_as"": {""email"": ""user10@example.com""}, ""actor_type"": ""user""}"
2026-02-07T12:00:00,2026-02-07T13:00:00,0.2501,ALL_PURPOSE,123456789,"{""run_as"": {""email"": ""user10@example.com""}, ""actor_type"": ""user""}"
2026-02-07T13:00:00,2026-02-07T14:00:00,0.3913,ALL_PURPOSE,123456789,"{""run_as"": {""email"": ""user10@example.com""}, ""actor_type"": ""user""}"
2026-02-07T14:00:00,2026-02-07T15:00:00,0.3248,ALL_PURPOSE,123456789,"{""run_as"": {""email"": ""user10@example.com""}, ""actor_type"": ""user""}"
2026-02-07T15:00:00,2026-02-07T16:00:00,0.3515,ALL_PURPOSE,123456789,"{""run_as"": {""email"": ""user10@example.com""}, ""actor_type"": ""user""}"
2026-02-07T16:00:00,2026-02-07T17:00:00,0.0,ALL_PURPOSE,123456789,"{""run_as"": {""email"": ""user10@example.com""}, ""actor_type"": ""user""}"
2026-02-07T17:00:00,2026-02-07T18:00:00,0.222,ALL_PURPOSE,123456789,"{""run_as"": {""email"": ""user10@example.com""}, ""actor_type"": ""user""}"
2026-02-07T18:00:00,2026-02-07T19:00:00,0.0607,ALL_PURPOSE,123456789,"{""run_as"": {""email"": ""user10@example.com""}, ""actor_type"": ""user""}"
2026-02-07T19:00:00,2026-02-07T20:00:00,0.0,ALL_PURPOSE,123456789,"{""run_as"": {""email"": ""user10@example.com""}, ""actor_type"": ""user""}"
2026-02-07T20:00:00,2026-02-07T21:00:00,0.1529,ALL_PURPOSE,123456789,"{""run_as"": {""email"": ""user10@example.com""}, ""actor_type"": ""user""}"
2026-02-07T21:00:00,2026-02-07T22:00:00,0.245,ALL_PURPOSE,123456789,"{""run_as"": {""email"": ""user10@example.com""}, ""actor_type"": ""user""}"
2026-02-07T22:00:00,2026-02-07T23:00:00,0.2979,ALL_PURPOSE,123456789,"{""run_as"": {""email"": ""user10@example.com""}, ""actor_type"": ""user""}"
2026-02-07T23:00:00,2026-02-08T00:00:00,0.8435,ALL_PURPOSE,123456789,"{""run_as"": {""email"": ""user10@example.com""}, ""actor_type"": ""user""}"
2026-02-08T00:00:00,2026-02-08T01:00:00,0.0554,ALL_PURPOSE,123456789,"{""run_as"": {""email"": ""user10@example.com""}, ""actor_type"": ""user""}"
2026-02-08T01:00:00,2026-02-08T02:00:00,0.9386,ALL_PURPOSE,123456789,"{""run_as"": {""email"": ""user10@example.com""}, ""actor_type"": ""user""}"
2026-02-08T02:00:00,2026-02-08T03:00:00,0.0541,ALL_PURPOSE,123456789,"{""run_as"": {""email"": ""user10@example.com""}, ""actor_type"": ""user""}"
2026-02-08T03:00:00,2026-02-08T04:00:00,0.0581,ALL_PURPOSE,123456789,"{""run_as"": {""email"": ""user10@example.com""}, ""actor_type"": ""user""}"
2026-02-08T04:00:00,2026-02-08T05:00:00,0.127,ALL_PURPOSE,123456789,"{""run_as"": {""email"": ""user10@example.com""}, ""actor_type"": ""user""}"
2026-02-08T05:00:00,2026-02-08T06:00:00,0.7631,ALL_PURPOSE,123456789,"{""run_as"": {""email"": ""user10@example.com""}, ""actor_type"": ""user""}"
2026-02-08T06:00:00,2026-02-08T07:00:00,0.3062,ALL_PURPOSE,123456789,"{""run_as"": {""email"": ""user10@example.com""}, ""actor_type"": ""user""}"
2026-02-08T07:00:00,2026-02-08T08:00:00,0.1656,ALL_PURPOSE,123456789,"{""run_as"": {""email"": ""user10@example.com""}, ""actor_type"": ""user""}"
2026-02-08T08:00:00,2026-02-08T09:00:00,0.1772,ALL_PURPOSE,123456789,"{""run_as"": {""email"": ""user10@example.com""}, ""actor_type"": ""user""}"
2026-02-08T09:00:00,2026-02-08T10:00:00,0.3577,ALL_PURPOSE,123456789,"{""run_as"": {""email"": ""user10@example.com""}, ""actor_type"": ""user""}"
2026-02-08T10:00:00,2026-02-08T11:00:00,0.1095,ALL_PURPOSE,123456789,"{""run_as"": {""email"": ""user10@example.com""}, ""actor_type"": ""user""}"
2026-02-08T11:00:00,2026-02-08T12:00:00,0.0427,ALL_PURPOSE,123456789,"{""run_as"": {""email"": ""user10@example.com""}, ""actor_type"": ""user""}"
2026-02-08T12:00:00,2026-02-08T13:00:00,0.305,ALL_PURPOSE,123456789,"{""run_as"": {""email"": ""user10@example.com""}, ""actor_type"": ""user""}"
2026-02-08T13:00:00,2026-02-08T14:00:00,0.1067,ALL_PURPOSE,123456789,"{""run_as"": {""email"": ""user10@example.com""}, ""actor_type"": ""user""}"
2026-02-08T14:00:00,2026-02-08T15:00:00,0.0924,ALL_PURPOSE,123456789,"{""run_as"": {""email"": ""user10@example.com""}, ""actor_type"": ""user""}"
2026-02-08T15:00:00,2026-02-08T16:00:00,0.275,ALL_PURPOSE,123456789,"{""run_as"": {""email"": ""user10@example.com""}, ""actor_type"": ""user""}"
2026-02-08T16:00:00,2026-02-08T17:00:00,0.2753,ALL_PURPOSE,123456789,"{""run_as"": {""email"": ""user10@example.com""}, ""actor_type"": ""user""}"
2026-02-08T17:00:00,2026-02-08T18:00:00,0.2009,ALL_PURPOSE,123456789,"{""run_as"": {""email"": ""user10@example.com""}, ""actor_type"": ""user""}"
2026-02-08T18:00:00,2026-02-08T19:00:00,0.2848,ALL_PURPOSE,123456789,"{""run_as"": {""email"": ""user10@example.com""}, ""actor_type"": ""user""}"
2026-02-08T19:00:00,2026-02-08T20:00:00,0.3409,ALL_PURPOSE,123456789,"{""run_as"": {""email"": ""user10@example.com""}, ""actor_type"": ""user""}"
2026-02-08T20:00:00,2026-02-08T21:00:00,0.055,ALL_PURPOSE,123456789,"{""run_as"": {""email"": ""user10@example.com""}, ""actor_type"": ""user""}"
2026-02-08T21:00:00,2026-02-08T22:00:00,0.0129,ALL_PURPOSE,123456789,"{""run_as"": {""email"": ""user10@example.com""}, ""actor_type"": ""user""}"
2026-02-08T22:00:00,2026-02-08T23:00:00,0.3951,ALL_PURPOSE,123456789,"{""run_as"": {""email"": ""user10@example.com""}, ""actor_type"": ""user""}"
2026-02-08T23:00:00,2026-02-09T00:00:00,0.0,ALL_PURPOSE,123456789,"{""run_as"": {""email"": ""user10@example.com""}, ""actor_type"": ""user""}"
2026-02-09T00:00:00,2026-02-09T01:00:00,0.3708,ALL_PURPOSE,123456789,"{""run_as"": {""email"": ""user10@example.com""}, ""actor_type"": ""user""}"
2026-02-09T01:00:00,2026-02-09T02:00:00,0.6163,ALL_PURPOSE,123456789,"{""run_as"": {""email"": ""user10@example.com""}, ""actor_type"": ""user""}"
2026-02-09T02:00:00,2026-02-09T03:00:00,0.7767,ALL_PURPOSE,123456789,"{""run_as"": {""email"": ""user10@example.com""}, ""actor_type"": ""user""}"
2026-02-09T03:00:00,2026-02-09T04:00:00,0.1252,ALL_PURPOSE,123456789,"{""run_as"": {""email"": ""user10@example.com""}, ""actor_type"": ""user""}"
2026-02-09T04:00:00,2026-02-09T05:00:00,0.2375,ALL_PURPOSE,123456789,"{""run_as"": {""email"": ""user10@example.com""}, ""actor_type"": ""user""}"
2026-02-09T05:00:00,2026-02-09T06:00:00,0.3148,ALL_PURPOSE,123456789,"{""run_as"": {""email"": ""user10@example.com""}, ""actor_type"": ""user""}"
2026-02-09T06:00:00,2026-02-09T07:00:00,0.0,ALL_PURPOSE,123456789,"{""run_as"": {""email"": ""user10@example.com""}, ""actor_type"": ""user""}"
2026-02-09T07:00:00,2026-02-09T08:00:00,0.3983,ALL_PURPOSE,123456789,"{""run_as"": {""email"": ""user10@example.com""}, ""actor_type"": ""user""}"
2026-02-09T08:00:00,2026-02-09T09:00:00,0.1582,ALL_PURPOSE,123456789,"{""run_as"": {""email"": ""user10@example.com""}, ""actor_type"": ""user""}"
2026-02-09T09:00:00,2026-02-09T10:00:00,0.2231,ALL_PURPOSE,123456789,"{""run_as"": {""email"": ""user10@example.com""}, ""actor_type"": ""user""}"
2026-02-09T10:00:00,2026-02-09T11:00:00,0.0,ALL_PURPOSE,123456789,"{""run_as"": {""email"": ""user10@example.com""}, ""actor_type"": ""user""}"
2026-02-09T11:00:00,2026-02-09T12:00:00,0.1165,ALL_PURPOSE,123456789,"{""run_as"": {""email"": ""user10@example.com""}, ""actor_type"": ""user""}"
2026-02-09T12:00:00,2026-02-09T13:00:00,0.1218,ALL_PURPOSE,123456789,"{""run_as"": {""email"": ""user10@example.com""}, ""actor_type"": ""user""}"
2026-02-09T13:00:00,2026-02-09T14:00:00,0.1845,ALL_PURPOSE,123456789,"{""run_as"": {""email"": ""user10@example.com""}, ""actor_type"": ""user""}"
2026-02-09T14:00:00,2026-02-09T15:00:00,0.0,ALL_PURPOSE,123456789,"{""run_as"": {""email"": ""user10@example.com""}, ""actor_type"": ""user""}"
2026-02-09T15:00:00,2026-02-09T16:00:00,0.0,ALL_PURPOSE,123456789,"{""run_as"": {""email"": ""user10@example.com""}, ""actor_type"": ""user""}"
2026-02-09T16:00:00,2026-02-09T17:00:00,0.332,ALL_PURPOSE,123456789,"{""run_as"": {""email"": ""user10@example.com""}, ""actor_type"": ""user""}"
2026-02-09T17:00:00,2026-02-09T18:00:00,0.0,ALL_PURPOSE,123456789,"{""run_as"": {""email"": ""user10@example.com""}, ""actor_type"": ""user""}"
2026-02-09T18:00:00,2026-02-09T19:00:00,0.3115,ALL_PURPOSE,123456789,"{""run_as"": {""email"": ""user10@example.com""}, ""actor_type"": ""user""}"
2026-02-09T19:00:00,2026-02-09T20:00:00,0.0,ALL_PURPOSE,123456789,"{""run_as"": {""email"": ""user10@example.com""}, ""actor_type"": ""user""}"
2026-02-09T20:00:00,2026-02-09T21:00:00,0.1654,ALL_PURPOSE,123456789,"{""run_as"": {""email"": ""user10@example.com""}, ""actor_type"": ""user""}"
2026-02-02T21:00:00,2026-02-02T22:00:00,0.0716,ALL_PURPOSE,123456789,"{""run_as"": {""email"": ""user11@example.com""}, ""actor_type"": ""user""}"
2026-02-02T22:00:00,2026-02-02T23:00:00,0.7033,ALL_PURPOSE,123456789,"{""run_as"": {""email"": ""user11@example.com""}, ""actor_type"": ""user""}"
2026-02-02T23:00:00,2026-02-03T00:00:00,0.2767,ALL_PURPOSE,123456789,"{""run_as"": {""email"": ""user11@example.com""}, ""actor_type"": ""user""}"
2026-02-03T00:00:00,2026-02-03T01:00:00,0.4673,ALL_PURPOSE,123456789,"{""run_as"": {""email"": ""user11@example.com""}, ""actor_type"": ""user""}"
2026-02-03T01:00:00,2026-02-03T02:00:00,0.1452,ALL_PURPOSE,123456789,"{""run_as"": {""email"": ""user11@example.com""}, ""actor_type"": ""user""}"
2026-02-03T02:00:00,2026-02-03T03:00:00,0.3164,ALL_PURPOSE,123456789,"{""run_as"": {""email"": ""user11@example.com""}, ""actor_type"": ""user""}"
2026-02-03T03:00:00,2026-02-03T04:00:00,0.1515,ALL_PURPOSE,123456789,"{""run_as"": {""email"": ""user11@example.com""}, ""actor_type"": ""user""}"
2026-02-03T04:00:00,2026-02-03T05:00:00,0.3649,ALL_PURPOSE,123456789,"{""run_as"": {""email"": ""user11@example.com""}, ""actor_type"": ""user""}"
2026-02-03T05:00:00,2026-02-03T06:00:00,0.06,ALL_PURPOSE,123456789,"{""run_as"": {""email"": ""user11@example.com""}, ""actor_type"": ""user""}"
2026-02-03T06:00:00,2026-02-03T07:00:00,0.2848,ALL_PURPOSE,123456789,"{""run_as"": {""email"": ""user11@example.com""}, ""actor_type"": ""user""}"
2026-02-03T07:00:00,2026-02-03T08:00:00,0.1238,ALL_PURPOSE,123456789,"{""run_as"": {""email"": ""user11@example.com""}, ""actor_type"": ""user""}"
2026-02-03T08:00:00,2026-02-03T09:00:00,0.1785,ALL_PURPOSE,123456789,"{""run_as"": {""email"": ""user11@example.com""}, ""actor_type"": ""user""}"
2026-02-03T09:00:00,2026-02-03T10:00:00,0.0,ALL_PURPOSE,123456789,"{""run_as"": {""email"": ""user11@example.com""}, ""actor_type"": ""user""}"
2026-02-03T10:00:00,2026-02-03T11:00:00,0.0811,ALL_PURPOSE,123456789,"{""run_as"": {""email"": ""user11@example.com""}, ""actor_type"": ""user""}"
2026-02-03T11:00:00,2026-02-03T12:00:00,0.1012,ALL_PURPOSE,123456789,"{""run_as"": {""email"": ""user11@example.com""}, ""actor_type"": ""user""}"
2026-02-03T12:00:00,2026-02-03T13:00:00,0.3422,ALL_PURPOSE,123456789,"{""run_as"": {""email"": ""user11@example.com""}, ""actor_type"": ""user""}"
2026-02-03T13:00:00,2026-02-03T14:00:00,0.0023,ALL_PURPOSE,123456789,"{""run_as"": {""email"": ""user11@example.com""}, ""actor_type"": ""user""}"
2026-02-03T14:00:00,2026-02-03T15:00:00,0.0952,ALL_PURPOSE,123456789,"{""run_as"": {""email"": ""user11@example.com""}, ""actor_type"": ""user""}"
2026-02-03T15:00:00,2026-02-03T16:00:00,0.1903,ALL_PURPOSE,123456789,"{""run_as"": {""email"": ""user11@example.com""}, ""actor_type"": ""user""}"
2026-02-03T16:00:00,2026-02-03T17:00:00,0.0318,ALL_PURPOSE,123456789,"{""run_as"": {""email"": ""user11@example.com""}, ""actor_type"": ""user""}"
2026-02-03T17:00:00,2026-02-03T18:00:00,0.0979,ALL_PURPOSE,123456789,"{""run_as"": {""email"": ""user11@example.com""}, ""actor_type"": ""user""}"
2026-02-03T18:00:00,2026-02-03T19:00:00,0.2479,ALL_PURPOSE,123456789,"{""run_as"": {""email"": ""user11@example.com""}, ""actor_type"": ""user""}"
2026-02-03T19:00:00,2026-02-03T20:00:00,0.0,ALL_PURPOSE,123456789,"{""run_as"": {""email"": ""user11@example.com""}, ""actor_type"": ""user""}"
2026-02-03T20:00:00,2026-02-03T21:00:00,0.0593,ALL_PURPOSE,123456789,"{""run_as"": {""email"": ""user11@example.com""}, ""actor_type"": ""user""}"
2026-02-03T21:00:00,2026-02-03T22:00:00,0.0147,ALL_PURPOSE,123456789,"{""run_as"": {""email"": ""user11@example.com""}, ""actor_type"": ""user""}"
2026-02-03T22:00:00,2026-02-03T23:00:00,0.2668,ALL_PURPOSE,123456789,"{""run_as"": {""email"": ""user11@example.com""}, ""actor_type"": ""user""}"
2026-02-03T23:00:00,2026-02-04T00:00:00,0.76,ALL_PURPOSE,123456789,"{""run_as"": {""email"": ""user11@example.com""}, ""actor_type"": ""user""}"
2026-02-04T00:00:00,2026-02-04T01:00:00,0.2688,ALL_PURPOSE,123456789,"{""run_as"": {""email"": ""user11@example.com""}, ""actor_type"": ""user""}"
2026-02-04T01:00:00,2026-02-04T02:00:00,0.238,ALL_PURPOSE,123456789,"{""run_as"": {""email"": ""user11@example.com""}, ""actor_type"": ""user""}"
2026-02-04T02:00:00,2026-02-04T03:00:00,0.1821,ALL_PURPOSE,123456789,"{""run_as"": {""email"": ""user11@example.com""}, ""actor_type"": ""user""}"
2026-02-04T03:00:00,2026-02-04T04:00:00,0.3952,ALL_PURPOSE,123456789,"{""run_as"": {""email"": ""user11@example.com""}, ""actor_type"": ""user""}"
2026-02-04T04:00:00,2026-02-04T05:00:00,0.0271,ALL_PURPOSE,123456789,"{""run_as"": {""email"": ""user11@example.com""}, ""actor_type"": ""user""}"
2026-02-04T05:00:00,2026-02-04T06:00:00,0.7034,ALL_PURPOSE,123456789,"{""run_as"": {""email"": ""user11@example.com""}, ""actor_type"": ""user""}"
2026-02-04T06:00:00,2026-02-04T07:00:00,0.2108,ALL_PURPOSE,123456789,"{""run_as"": {""email"": ""user11@example.com""}, ""actor_type"": ""user""}"
2026-02-04T07:00:00,2026-02-04T08:00:00,0.2783,ALL_PURPOSE,123456789,"{""run_as"": {""email"": ""user11@example.com""}, ""actor_type"": ""user""}"
2026-02-04T08:00:00,2026-02-04T09:00:00,0.0437,ALL_PURPOSE,123456789,"{""run_as"": {""email"": ""user11@example.com""}, ""actor_type"": ""user""}"
2026-02-04T09:00:00,2026-02-04T10:00:00,0.2516,ALL_PURPOSE,123456789,"{""run_as"": {""email"": ""user11@example.com""}, ""actor_type"": ""user""}"
2026-02-04T10:00:00,2026-02-04T11:00:00,0.1935,ALL_PURPOSE,123456789,"{""run_as"": {""email"": ""user11@example.com""}, ""actor_type"": ""user""}"
2026-02-04T11:00:00,2026-02-04T12:00:00,0.3736,ALL_PURPOSE,123456789,"{""run_as"": {""email"": ""user11@example.com""}, ""actor_type"": ""user""}"
2026-02-04T12:00:00,2026-02-04T13:00:00,0.1149,ALL_PURPOSE,123456789,"{""run_as"": {""email"": ""user11@example.com""}, ""actor_type"": ""user""}"
2026-02-04T13:00:00,2026-02-04T14:00:00,0.1266,ALL_PURPOSE,123456789,"{""run_as"": {""email"": ""user11@example.com""}, ""actor_type"": ""user""}"
2026-02-04T14:00:00,2026-02-04T15:00:00,0.398,ALL_PURPOSE,123456789,"{""run_as"": {""email"": ""user11@example.com""}, ""actor_type"": ""user""}"
2026-02-04T15:00:00,2026-02-04T16:00:00,0.0519,ALL_PURPOSE,123456789,"{""run_as"": {""email"": ""user11@example.com""}, ""actor_type"": ""user""}"
2026-02-04T16:00:00,2026-02-04T17:00:00,0.2079,ALL_PURPOSE,123456789,"{""run_as"": {""email"": ""user11@example.com""}, ""actor_type"": ""user""}"
2026-02-04T17:00:00,2026-02-04T18:00:00,0.197,ALL_PURPOSE,123456789,"{""run_as"": {""email"": ""user11@example.com""}, ""actor_type"": ""user""}"
2026-02-04T18:00:00,2026-02-04T19:00:00,0.2438,ALL_PURPOSE,123456789,"{""run_as"": {""email"": ""user11@example.com""}, ""actor_type"": ""user""}"
2026-02-04T19:00:00,2026-02-04T20:00:00,0.0,ALL_PURPOSE,123456789,"{""run_as"": {""email"": ""user11@example.com""}, ""actor_type"": ""user""}"
2026-02-04T20:00:00,2026-02-04T21:00:00,0.0096,ALL_PURPOSE,123456789,"{""run_as"": {""email"": ""user11@example.com""}, ""actor_type"": ""user""}"
2026-02-04T21:00:00,2026-02-04T22:00:00,0.0472,ALL_PURPOSE,123456789,"{""run_as"": {""email"": ""user11@example.com""}, ""actor_type"": ""user""}"
2026-02-04T22:00:00,2026-02-04T23:00:00,0.3198,ALL_PURPOSE,123456789,"{""run_as"": {""email"": ""user11@example.com""}, ""actor_type"": ""user""}"
2026-02-04T23:00:00,2026-02-05T00:00:00,0.1335,ALL_PURPOSE,123456789,"{""run_as"": {""email"": ""user11@example.com""}, ""actor_type"": ""user""}"
2026-02-05T00:00:00,2026-02-05T01:00:00,0.3017,ALL_PURPOSE,123456789,"{""run_as"": {""email"": ""user11@example.com""}, ""actor_type"": ""user""}"
2026-02-05T01:00:00,2026-02-05T02:00:00,0.1231,ALL_PURPOSE,123456789,"{""run_as"": {""email"": ""user11@example.com""}, ""actor_type"": ""user""}"
2026-02-05T02:00:00,2026-02-05T03:00:00,0.0025,ALL_PURPOSE,123456789,"{""run_as"": {""email"": ""user11@example.com""}, ""actor_type"": ""user""}"
2026-02-05T03:00:00,2026-02-05T04:00:00,0.0,ALL_PURPOSE,123456789,"{""run_as"": {""email"": ""user11@example.com""}, ""actor_type"": ""user""}"
2026-02-05T04:00:00,2026-02-05T05:00:00,0.4068,ALL_PURPOSE,123456789,"{""run_as"": {""email"": ""user11@example.com""}, ""actor_type"": ""user""}"
2026-02-05T05:00:00,2026-02-05T06:00:00,0.3665,ALL_PURPOSE,123456789,"{""run_as"": {""email"": ""user11@example.com""}, ""actor_type"": ""user""}"
2026-02-05T06:00:00,2026-02-05T07:00:00,0.1926,ALL_PURPOSE,123456789,"{""run_as"": {""email"": ""user11@example.com""}, ""actor_type"": ""user""}"
2026-02-05T07:00:00,2026-02-05T08:00:00,0.3568,ALL_PURPOSE,123456789,"{""run_as"": {""email"": ""user11@example.com""}, ""actor_type"": ""user""}"
2026-02-05T08:00:00,2026-02-05T09:00:00,0.134,ALL_PURPOSE,123456789,"{""run_as"": {""email"": ""user11@example.com""}, ""actor_type"": ""user""}"
2026-02-05T09:00:00,2026-02-05T10:00:00,0.1656,ALL_PURPOSE,123456789,"{""run_as"": {""email"": ""user11@example.com""}, ""actor_type"": ""user""}"
2026-02-05T10:00:00,2026-02-05T11:00:00,0.334,ALL_PURPOSE,123456789,"{""run_as"": {""email"": ""user11@example.com""}, ""actor_type"": ""user""}"
2026-02-05T11:00:00,2026-02-05T12:00:00,0.29,ALL_PURPOSE,123456789,"{""run_as"": {""email"": ""user11@example.com""}, ""actor_type"": ""user""}"
2026-02-05T12:00:00,2026-02-05T13:00:00,0.2144,ALL_PURPOSE,123456789,"{""run_as"": {""email"": ""user11@example.com""}, ""actor_type"": ""user""}"
2026-02-05T13:00:00,2026-02-05T14:00:00,0.2742,ALL_PURPOSE,123456789,"{""run_as"": {""email"": ""user11@example.com""}, ""actor_type"": ""user""}"
2026-02-05T14:00:00,2026-02-05T15:00:00,0.3552,ALL_PURPOSE,123456789,"{""run_as"": {""email"": ""user11@example.com""}, ""actor_type"": ""user""}"
2026-02-05T15:00:00,2026-02-05T16:00:00,0.3878,ALL_PURPOSE,123456789,"{""run_as"": {""email"": ""user11@example.com""}, ""actor_type"": ""user""}"
2026-02-05T16:00:00,2026-02-05T17:00:00,0.0125,ALL_PURPOSE,123456789,"{""run_as"": {""email"": ""user11@example.com""}, ""actor_type"": ""user""}"
2026-02-05T17:00:00,2026-02-05T18:00:00,0.2506,ALL_PURPOSE,123456789,"{""run_as"": {""email"": ""user11@example.com""}, ""actor_type"": ""user""}"
2026-02-05T18:00:00,2026-02-05T19:00:00,0.2284,ALL_PURPOSE,123456789,"{""run_as"": {""email"": ""user11@example.com""}, ""actor_type"": ""user""}"
2026-02-05T19:00:00,2026-02-05T20:00:00,0.2381,ALL_PURPOSE,123456789,"{""run_as"": {""email"": ""user11@example.com""}, ""actor_type"": ""user""}"
2026-02-05T20:00:00,2026-02-05T21:00:00,0.3006,ALL_PURPOSE,123456789,"{""run_as"": {""email"": ""user11@example.com""}, ""actor_type"": ""user""}"
2026-02-05T21:00:00,2026-02-05T22:00:00,0.0,ALL_PURPOSE,123456789,"{""run_as"": {""email"": ""user11@example.com""}, ""actor_type"": ""user""}"
2026-02-05T22:00:00,2026-02-05T23:00:00,0.1655,ALL_PURPOSE,123456789,"{""run_as"": {""email"": ""user11@example.com""}, ""actor_type"": ""user""}"
2026-02-05T23:00:00,2026-02-06T00:00:00,0.1808,ALL_PURPOSE,123456789,"{""run_as"": {""email"": ""user11@example.com""}, ""actor_type"": ""user""}"
2026-02-06T00:00:00,2026-02-06T01:00:00,0.7704,ALL_PURPOSE,123456789,"{""run_as"": {""email"": ""user11@example.com""}, ""actor_type"": ""user""}"
2026-02-06T01:00:00,2026-02-06T02:00:00,0.0,ALL_PURPOSE,123456789,"{""run_as"": {""email"": ""user11@example.com""}, ""actor_type"": ""user""}"
2026-02-06T02:00:00,2026-02-06T03:00:00,0.1931,ALL_PURPOSE,123456789,"{""run_as"": {""email"": ""user11@example.com""}, ""actor_type"": ""user""}"
2026-02-06T03:00:00,2026-02-06T04:00:00,0.3695,ALL_PURPOSE,123456789,"{""run_as"": {""email"": ""user11@example.com""}, ""actor_type"": ""user""}"
2026-02-06T04:00:00,2026-02-06T05:00:00,1.0205,ALL_PURPOSE,123456789,"{""run_as"": {""email"": ""user11@example.com""}, ""actor_type"": ""user""}"
2026-02-06T05:00:00,2026-02-06T06:00:00,0.0,ALL_PURPOSE,123456789,"{""run_as"": {""email"": ""user11@example.com""}, ""actor_type"": ""user""}"
2026-02-06T06:00:00,2026-02-06T07:00:00,0.2898,ALL_PURPOSE,123456789,"{""run_as"": {""email"": ""user11@example.com""}, ""actor_type"": ""user""}"
2026-02-06T07:00:00,2026-02-06T08:00:00,0.2855,ALL_PURPOSE,123456789,"{""run_as"": {""email"": ""user11@example.com""}, ""actor_type"": ""user""}"
2026-02-06T08:00:00,2026-02-06T09:00:00,0.0016,ALL_PURPOSE,123456789,"{""run_as"": {""email"": ""user11@example.com""}, ""actor_type"": ""user""}"
2026-02-06T09:00:00,2026-02-06T10:00:00,0.2748,ALL_PURPOSE,123456789,"{""run_as"": {""email"": ""user11@example.com""}, ""actor_type"": ""user""}"
2026-02-06T10:00:00,2026-02-06T11:00:00,0.0348,ALL_PURPOSE,123456789,"{""run_as"": {""email"": ""user11@example.com""}, ""actor_type"": ""user""}"
2026-02-06T11:00:00,2026-02-06T12:00:00,0.0185,ALL_PURPOSE,123456789,"{""run_as"": {""email"": ""user11@example.com""}, ""actor_type"": ""user""}"
2026-02-06T12:00:00,2026-02-06T13:00:00,0.2636,ALL_PURPOSE,123456789,"{""run_as"": {""email"": ""user11@example.com""}, ""actor_type"": ""user""}"
2026-02-06T13:00:00,2026-02-06T14:00:00,0.231,ALL_PURPOSE,123456789,"{""run_as"": {""email"": ""user11@example.com""}, ""actor_type"": ""user""}"
2026-02-06T14:00:00,2026-02-06T15:00:00,0.3569,ALL_PURPOSE,123456789,"{""run_as"": {""email"": ""user11@example.com""}, ""actor_type"": ""user""}"
2026-02-06T15:00:00,2026-02-06T16:00:00,0.077,ALL_PURPOSE,123456789,"{""run_as"": {""email"": ""user11@example.com""}, ""actor_type"": ""user""}"
2026-02-06T16:00:00,2026-02-06T17:00:00,0.1277,ALL_PURPOSE,123456789,"{""run_as"": {""email"": ""user11@example.com""}, ""actor_type"": ""user""}"
2026-02-06T17:00:00,2026-02-06T18:00:00,0.0,ALL_PURPOSE,123456789,"{""run_as"": {""email"": ""user11@example.com""}, ""actor_type"": ""user""}"
2026-02-06T18:00:00,2026-02-06T19:00:00,0.0,ALL_PURPOSE,123456789,"{""run_as"": {""email"": ""user11@example.com""}, ""actor_type"": ""user""}"
2026-02-06T19:00:00,2026-02-06T20:00:00,0.2492,ALL_PURPOSE,123456789,"{""run_as"": {""email"": ""user11@example.com""}, ""actor_type"": ""user""}"
2026-02-06T20:00:00,2026-02-06T21:00:00,0.0826,ALL_PURPOSE,123456789,"{""run_as"": {""email"": ""user11@example.com""}, ""actor_type"": ""user""}"
2026-02-06T21:00:00,2026-02-06T22:00:00,0.0,ALL_PURPOSE,123456789,"{""run_as"": {""email"": ""user11@example.com""}, ""actor_type"": ""user""}"
2026-02-06T22:00:00,2026-02-06T23:00:00,0.0,ALL_PURPOSE,123456789,"{""run_as"": {""email"": ""user11@example.com""}, ""actor_type"": ""user""}"
2026-02-06T23:00:00,2026-02-07T00:00:00,0.0,ALL_PURPOSE,123456789,"{""run_as"": {""email"": ""user11@example.com""}, ""actor_type"": ""user""}"
2026-02-07T00:00:00,2026-02-07T01:00:00,0.0,ALL_PURPOSE,123456789,"{""run_as"": {""email"": ""user11@example.com""}, ""actor_type"": ""user""}"
2026-02-07T01:00:00,2026-02-07T02:00:00,0.0215,ALL_PURPOSE,123456789,"{""run_as"": {""email"": ""user11@example.com""}, ""actor_type"": ""user""}"
2026-02-07T02:00:00,2026-02-07T03:00:00,0.2384,ALL_PURPOSE,123456789,"{""run_as"": {""email"": ""user11@example.com""}, ""actor_type"": ""user""}"
2026-02-07T03:00:00,2026-02-07T04:00:00,0.2797,ALL_PURPOSE,123456789,"{""run_as"": {""email"": ""user11@example.com""}, ""actor_type"": ""user""}"
2026-02-07T04:00:00,2026-02-07T05:00:00,0.327,ALL_PURPOSE,123456789,"{""run_as"": {""email"": ""user11@example.com""}, ""actor_type"": ""user""}"
2026-02-07T05:00:00,2026-02-07T06:00:00,0.2134,ALL_PURPOSE,123456789,"{""run_as"": {""email"": ""user11@example.com""}, ""actor_type"": ""user""}"
2026-02-07T06:00:00,2026-02-07T07:00:00,0.0,ALL_PURPOSE,123456789,"{""run_as"": {""email"": ""user11@example.com""}, ""actor_type"": ""user""}"
2026-02-07T07:00:00,2026-02-07T08:00:00,0.3251,ALL_PURPOSE,123456789,"{""run_as"": {""email"": ""user11@example.com""}, ""actor_type"": ""user""}"
2026-02-07T08:00:00,2026-02-07T09:00:00,0.1873,ALL_PURPOSE,123456789,"{""run_as"": {""email"": ""user11@example.com""}, ""actor_type"": ""user""}"
2026-02-07T09:00:00,2026-02-07T10:00:00,0.2738,ALL_PURPOSE,123456789,"{""run_as"": {""email"": ""user11@example.com""}, ""actor_type"": ""user""}"
2026-02-07T10:00:00,2026-02-07T11:00:00,0.1862,ALL_PURPOSE,123456789,"{""run_as"": {""email"": ""user11@example.com""}, ""actor_type"": ""user""}"
2026-02-07T11:00:00,2026-02-07T12:00:00,0.0895,ALL_PURPOSE,123456789,"{""run_as"": {""email"": ""user11@example.com""}, ""actor_type"": ""user""}"
2026-02-07T12:00:00,2026-02-07T13:00:00,0.2468,ALL_PURPOSE,123456789,"{""run_as"": {""email"": ""user11@example.com""}, ""actor_type"": ""user""}"
2026-02-07T13:00:00,2026-02-07T14:00:00,0.1568,ALL_PURPOSE,123456789,"{""run_as"": {""email"": ""user11@example.com""}, ""actor_type"": ""user""}"
2026-02-07T14:00:00,2026-02-07T15:00:00,0.2661,ALL_PURPOSE,123456789,"{""run_as"": {""email"": ""user11@example.com""}, ""actor_type"": ""user""}"
2026-02-07T15:00:00,2026-02-07T16:00:00,0.353,ALL_PURPOSE,123456789,"{""run_as"": {""email"": ""user11@example.com""}, ""actor_type"": ""user""}"
2026-02-07T16:00:00,2026-02-07T17:00:00,0.0121,ALL_PURPOSE,123456789,"{""run_as"": {""email"": ""user11@example.com""}, ""actor_type"": ""user""}"
2026-02-07T17:00:00,2026-02-07T18:00:00,0.1406,ALL_PURPOSE,123456789,"{""run_as"": {""email"": ""user11@example.com""}, ""actor_type"": ""user""}"
2026-02-07T18:00:00,2026-02-07T19:00:00,0.0683,ALL_PURPOSE,123456789,"{""run_as"": {""email"": ""user11@example.com""}, ""actor_type"": ""user""}"
2026-02-07T19:00:00,2026-02-07T20:00:00,0.0,ALL_PURPOSE,123456789,"{""run_as"": {""email"": ""user11@example.com""}, ""actor_type"": ""user""}"
2026-02-07T20:00:00,2026-02-07T21:00:00,0.0412,ALL_PURPOSE,123456789,"{""run_as"": {""email"": ""user11@example.com""}, ""actor_type"": ""user""}"
2026-02-07T21:00:00,2026-02-07T22:00:00,0.3187,ALL_PURPOSE,123456789,"{""run_as"": {""email"": ""user11@example.com""}, ""actor_type"": ""user""}"
2026-02-07T22:00:00,2026-02-07T23:00:00,0.2598,ALL_PURPOSE,123456789,"{""run_as"": {""email"": ""user11@example.com""}, ""actor_type"": ""user""}"
2026-02-07T23:00:00,2026-02-08T00:00:00,0.1603,ALL_PURPOSE,123456789,"{""run_as"": {""email"": ""user11@example.com""}, ""actor_type"": ""user""}"
2026-02-08T00:00:00,2026-02-08T01:00:00,0.2192,ALL_PURPOSE,123456789,"{""run_as"": {""email"": ""user11@example.com""}, ""actor_type"": ""user""}"
2026-02-08T01:00:00,2026-02-08T02:00:00,0.1363,ALL_PURPOSE,123456789,"{""run_as"": {""email"": ""user11@example.com""}, ""actor_type"": ""user""}"
2026-02-08T02:00:00,2026-02-08T03:00:00,0.3137,ALL_PURPOSE,123456789,"{""run_as"": {""email"": ""user11@example.com""}, ""actor_type"": ""user""}"
2026-02-08T03:00:00,2026-02-08T04:00:00,0.0,ALL_PURPOSE,123456789,"{""run_as"": {""email"": ""user11@example.com""}, ""actor_type"": ""user""}"
2026-02-08T04:00:00,2026-02-08T05:00:00,0.3723,ALL_PURPOSE,123456789,"{""run_as"": {""email"": ""user11@example.com""}, ""actor_type"": ""user""}"
2026-02-08T05:00:00,2026-02-08T06:00:00,0.2369,ALL_PURPOSE,123456789,"{""run_as"": {""email"": ""user11@example.com""}, ""actor_type"": ""user""}"
2026-02-08T06:00:00,2026-02-08T07:00:00,0.3288,ALL_PURPOSE,123456789,"{""run_as"": {""email"": ""user11@example.com""}, ""actor_type"": ""user""}"
2026-02-08T07:00:00,2026-02-08T08:00:00,0.0,ALL_PURPOSE,123456789,"{""run_as"": {""email"": ""user11@example.com""}, ""actor_type"": ""user""}"
2026-02-08T08:00:00,2026-02-08T09:00:00,0.0435,ALL_PURPOSE,123456789,"{""run_as"": {""email"": ""user11@example.com""}, ""actor_type"": ""user""}"
2026-02-08T09:00:00,2026-02-08T10:00:00,0.3085,ALL_PURPOSE,123456789,"{""run_as"": {""email"": ""user11@example.com""}, ""actor_type"": ""user""}"
2026-02-08T10:00:00,2026-02-08T11:00:00,0.1977,ALL_PURPOSE,123456789,"{""run_as"": {""email"": ""user11@example.com""}, ""actor_type"": ""user""}"
2026-02-08T11:00:00,2026-02-08T12:00:00,0.0362,ALL_PURPOSE,123456789,"{""run_as"": {""email"": ""user11@example.com""}, ""actor_type"": ""user""}"
2026-02-08T12:00:00,2026-02-08T13:00:00,0.3549,ALL_PURPOSE,123456789,"{""run_as"": {""email"": ""user11@example.com""}, ""actor_type"": ""user""}"
2026-02-08T13:00:00,2026-02-08T14:00:00,0.0,ALL_PURPOSE,123456789,"{""run_as"": {""email"": ""user11@example.com""}, ""actor_type"": ""user""}"
2026-02-08T14:00:00,2026-02-08T15:00:00,0.0,ALL_PURPOSE,123456789,"{""run_as"": {""email"": ""user11@example.com""}, ""actor_type"": ""user""}"
2026-02-08T15:00:00,2026-02-08T16:00:00,0.2125,ALL_PURPOSE,123456789,"{""run_as"": {""email"": ""user11@example.com""}, ""actor_type"": ""user""}"
2026-02-08T16:00:00,2026-02-08T17:00:00,0.2312,ALL_PURPOSE,123456789,"{""run_as"": {""email"": ""user11@example.com""}, ""actor_type"": ""user""}"
2026-02-08T17:00:00,2026-02-08T18:00:00,0.2726,ALL_PURPOSE,123456789,"{""run_as"": {""email"": ""user11@example.com""}, ""actor_type"": ""user""}"
2026-02-08T18:00:00,2026-02-08T19:00:00,0.2281,ALL_PURPOSE,123456789,"{""run_as"": {""email"": ""user11@example.com""}, ""actor_type"": ""user""}"
2026-02-08T19:00:00,2026-02-08T20:00:00,0.1218,ALL_PURPOSE,123456789,"{""run_as"": {""email"": ""user11@example.com""}, ""actor_type"": ""user""}"
2026-02-08T20:00:00,2026-02-08T21:00:00,0.1739,ALL_PURPOSE,123456789,"{""run_as"": {""email"": ""user11@example.com""}, ""actor_type"": ""user""}"
2026-02-08T21:00:00,2026-02-08T22:00:00,0.0,ALL_PURPOSE,123456789,"{""run_as"": {""email"": ""user11@example.com""}, ""actor_type"": ""user""}"
2026-02-08T22:00:00,2026-02-08T23:00:00,0.0032,ALL_PURPOSE,123456789,"{""run_as"": {""email"": ""user11@example.com""}, ""actor_type"": ""user""}"
2026-02-08T23:00:00,2026-02-09T00:00:00,0.4095,ALL_PURPOSE,123456789,"{""run_as"": {""email"": ""user11@example.com""}, ""actor_type"": ""user""}"
2026-02-09T00:00:00,2026-02-09T01:00:00,0.0213,ALL_PURPOSE,123456789,"{""run_as"": {""email"": ""user11@example.com""}, ""actor_type"": ""user""}"
2026-02-09T01:00:00,2026-02-09T02:00:00,0.1437,ALL_PURPOSE,123456789,"{""run_as"": {""email"": ""user11@example.com""}, ""actor_type"": ""user""}"
2026-02-09T02:00:00,2026-02-09T03:00:00,0.0941,ALL_PURPOSE,123456789,"{""run_as"": {""email"": ""user11@example.com""}, ""actor_type"": ""user""}"
2026-02-09T03:00:00,2026-02-09T04:00:00,0.1273,ALL_PURPOSE,123456789,"{""run_as"": {""email"": ""user11@example.com""}, ""actor_type"": ""user""}"
2026-02-09T04:00:00,2026-02-09T05:00:00,0.218,ALL_PURPOSE,123456789,"{""run_as"": {""email"": ""user11@example.com""}, ""actor_type"": ""user""}"
2026-02-09T05:00:00,2026-02-09T06:00:00,0.0753,ALL_PURPOSE,123456789,"{""run_as"": {""email"": ""user11@example.com""}, ""actor_type"": ""user""}"
2026-02-09T06:00:00,2026-02-09T07:00:00,0.336,ALL_PURPOSE,123456789,"{""run_as"": {""email"": ""user11@example.com""}, ""actor_type"": ""user""}"
2026-02-09T07:00:00,2026-02-09T08:00:00,0.399,ALL_PURPOSE,123456789,"{""run_as"": {""email"": ""user11@example.com""}, ""actor_type"": ""user""}"
2026-02-09T08:00:00,2026-02-09T09:00:00,0.0,ALL_PURPOSE,123456789,"{""run_as"": {""email"": ""user11@example.com""}, ""actor_type"": ""user""}"
2026-02-09T09:00:00,2026-02-09T10:00:00,0.0063,ALL_PURPOSE,123456789,"{""run_as"": {""email"": ""user11@example.com""}, ""actor_type"": ""user""}"
2026-02-09T10:00:00,2026-02-09T11:00:00,0.1947,ALL_PURPOSE,123456789,"{""run_as"": {""email"": ""user11@example.com""}, ""actor_type"": ""user""}"
2026-02-09T11:00:00,2026-02-09T12:00:00,0.0,ALL_PURPOSE,123456789,"{""run_as"": {""email"": ""user11@example.com""}, ""actor_type"": ""user""}"
2026-02-09T12:00:00,2026-02-09T13:00:00,0.2569,ALL_PURPOSE,123456789,"{""run_as"": {""email"": ""user11@example.com""}, ""actor_type"": ""user""}"
2026-02-09T13:00:00,2026-02-09T14:00:00,0.1824,ALL_PURPOSE,123456789,"{""run_as"": {""email"": ""user11@example.com""}, ""actor_type"": ""user""}"
2026-02-09T14:00:00,2026-02-09T15:00:00,0.2418,ALL_PURPOSE,123456789,"{""run_as"": {""email"": ""user11@example.com""}, ""actor_type"": ""user""}"
2026-02-09T15:00:00,2026-02-09T16:00:00,0.0719,ALL_PURPOSE,123456789,"{""run_as"": {""email"": ""user11@example.com""}, ""actor_type"": ""user""}"
2026-02-09T16:00:00,2026-02-09T17:00:00,0.2208,ALL_PURPOSE,123456789,"{""run_as"": {""email"": ""user11@example.com""}, ""actor_type"": ""user""}"
2026-02-09T17:00:00,2026-02-09T18:00:00,0.1421,ALL_PURPOSE,123456789,"{""run_as"": {""email"": ""user11@example.com""}, ""actor_type"": ""user""}"
2026-02-09T18:00:00,2026-02-09T19:00:00,0.2418,ALL_PURPOSE,123456789,"{""run_as"": {""email"": ""user11@example.com""}, ""actor_type"": ""user""}"
2026-02-09T19:00:00,2026-02-09T20:00:00,0.3387,ALL_PURPOSE,123456789,"{""run_as"": {""email"": ""user11@example.com""}, ""actor_type"": ""user""}"
2026-02-09T20:00:00,2026-02-09T21:00:00,0.2007,ALL_PURPOSE,123456789,"{""run_as"": {""email"": ""user11@example.com""}, ""actor_type"": ""user""}"
2026-02-02T21:00:00,2026-02-02T22:00:00,0.2185,ALL_PURPOSE,123456789,"{""run_as"": {""email"": ""user12@example.com""}, ""actor_type"": ""user""}"
2026-02-02T22:00:00,2026-02-02T23:00:00,0.3913,ALL_PURPOSE,123456789,"{""run_as"": {""email"": ""user12@example.com""}, ""actor_type"": ""user""}"
2026-02-02T23:00:00,2026-02-03T00:00:00,0.0453,ALL_PURPOSE,123456789,"{""run_as"": {""email"": ""user12@example.com""}, ""actor_type"": ""user""}"
2026-02-03T00:00:00,2026-02-03T01:00:00,0.0568,ALL_PURPOSE,123456789,"{""run_as"": {""email"": ""user12@example.com""}, ""actor_type"": ""user""}"
2026-02-03T01:00:00,2026-02-03T02:00:00,0.3935,ALL_PURPOSE,123456789,"{""run_as"": {""email"": ""user12@example.com""}, ""actor_type"": ""user""}"
2026-02-03T02:00:00,2026-02-03T03:00:00,0.0,ALL_PURPOSE,123456789,"{""run_as"": {""email"": ""user12@example.com""}, ""actor_type"": ""user""}"
2026-02-03T03:00:00,2026-02-03T04:00:00,0.189,ALL_PURPOSE,123456789,"{""run_as"": {""email"": ""user12@example.com""}, ""actor_type"": ""user""}"
2026-02-03T04:00:00,2026-02-03T05:00:00,0.0312,ALL_PURPOSE,123456789,"{""run_as"": {""email"": ""user12@example.com""}, ""actor_type"": ""user""}"
2026-02-03T05:00:00,2026-02-03T06:00:00,0.4655,ALL_PURPOSE,123456789,"{""run_as"": {""email"": ""user12@example.com""}, ""actor_type"": ""user""}"
2026-02-03T06:00:00,2026-02-03T07:00:00,0.1875,ALL_PURPOSE,123456789,"{""run_as"": {""email"": ""user12@example.com""}, ""actor_type"": ""user""}"
2026-02-03T07:00:00,2026-02-03T08:00:00,0.1877,ALL_PURPOSE,123456789,"{""run_as"": {""email"": ""user12@example.com""}, ""actor_type"": ""user""}"
2026-02-03T08:00:00,2026-02-03T09:00:00,0.1684,ALL_PURPOSE,123456789,"{""run_as"": {""email"": ""user12@example.com""}, ""actor_type"": ""user""}"
2026-02-03T09:00:00,2026-02-03T10:00:00,0.3193,ALL_PURPOSE,123456789,"{""run_as"": {""email"": ""user12@example.com""}, ""actor_type"": ""user""}"
2026-02-03T10:00:00,2026-02-03T11:00:00,0.0141,ALL_PURPOSE,123456789,"{""run_as"": {""email"": ""user12@example.com""}, ""actor_type"": ""user""}"
2026-02-03T11:00:00,2026-02-03T12:00:00,0.2998,ALL_PURPOSE,123456789,"{""run_as"": {""email"": ""user12@example.com""}, ""actor_type"": ""user""}"
2026-02-03T12:00:00,2026-02-03T13:00:00,0.0,ALL_PURPOSE,123456789,"{""run_as"": {""email"": ""user12@example.com""}, ""actor_type"": ""user""}"
2026-02-03T13:00:00,2026-02-03T14:00:00,0.1893,ALL_PURPOSE,123456789,"{""run_as"": {""email"": ""user12@example.com""}, ""actor_type"": ""user""}"
2026-02-03T14:00:00,2026-02-03T15:00:00,0.0206,ALL_PURPOSE,123456789,"{""run_as"": {""email"": ""user12@example.com""}, ""actor_type"": ""user""}"
2026-02-03T15:00:00,2026-02-03T16:00:00,0.3236,ALL_PURPOSE,123456789,"{""run_as"": {""email"": ""user12@example.com""}, ""actor_type"": ""user""}"
2026-02-03T16:00:00,2026-02-03T17:00:00,0.0,ALL_PURPOSE,123456789,"{""run_as"": {""email"": ""user12@example.com""}, ""actor_type"": ""user""}"
2026-02-03T17:00:00,2026-02-03T18:00:00,0.2022,ALL_PURPOSE,123456789,"{""run_as"": {""email"": ""user12@example.com""}, ""actor_type"": ""user""}"
2026-02-03T18:00:00,2026-02-03T19:00:00,0.0,ALL_PURPOSE,123456789,"{""run_as"": {""email"": ""user12@example.com""}, ""actor_type"": ""user""}"
2026-02-03T19:00:00,2026-02-03T20:00:00,0.1124,ALL_PURPOSE,123456789,"{""run_as"": {""email"": ""user12@example.com""}, ""actor_type"": ""user""}"
2026-02-03T20:00:00,2026-02-03T21:00:00,0.0,ALL_PURPOSE,123456789,"{""run_as"": {""email"": ""user12@example.com""}, ""actor_type"": ""user""}"
2026-02-03T21:00:00,2026-02-03T22:00:00,0.0698,ALL_PURPOSE,123456789,"{""run_as"": {""email"": ""user12@example.com""}, ""actor_type"": ""user""}"
2026-02-03T22:00:00,2026-02-03T23:00:00,0.0605,ALL_PURPOSE,123456789,"{""run_as"": {""email"": ""user12@example.com""}, ""actor_type"": ""user""}"
2026-02-03T23:00:00,2026-02-04T00:00:00,0.1045,ALL_PURPOSE,123456789,"{""run_as"": {""email"": ""user12@example.com""}, ""actor_type"": ""user""}"
2026-02-04T00:00:00,2026-02-04T01:00:00,0.3197,ALL_PURPOSE,123456789,"{""run_as"": {""email"": ""user12@example.com""}, ""actor_type"": ""user""}"
2026-02-04T01:00:00,2026-02-04T02:00:00,0.7875,ALL_PURPOSE,123456789,"{""run_as"": {""email"": ""user12@example.com""}, ""actor_type"": ""user""}"
2026-02-04T02:00:00,2026-02-04T03:00:00,0.1984,ALL_PURPOSE,123456789,"{""run_as"": {""email"": ""user12@example.com""}, ""actor_type"": ""user""}"
2026-02-04T03:00:00,2026-02-04T04:00:00,0.0952,ALL_PURPOSE,123456789,"{""run_as"": {""email"": ""user12@example.com""}, ""actor_type"": ""user""}"
2026-02-04T04:00:00,2026-02-04T05:00:00,0.0843,ALL_PURPOSE,123456789,"{""run_as"": {""email"": ""user12@example.com""}, ""actor_type"": ""user""}"
2026-02-04T05:00:00,2026-02-04T06:00:00,0.0,ALL_PURPOSE,123456789,"{""run_as"": {""email"": ""user12@example.com""}, ""actor_type"": ""user""}"
2026-02-04T06:00:00,2026-02-04T07:00:00,0.067,ALL_PURPOSE,123456789,"{""run_as"": {""email"": ""user12@example.com""}, ""actor_type"": ""user""}"
2026-02-04T07:00:00,2026-02-04T08:00:00,0.1205,ALL_PURPOSE,123456789,"{""run_as"": {""email"": ""user12@example.com""}, ""actor_type"": ""user""}"
2026-02-04T08:00:00,2026-02-04T09:00:00,0.301,ALL_PURPOSE,123456789,"{""run_as"": {""email"": ""user12@example.com""}, ""actor_type"": ""user""}"
2026-02-04T09:00:00,2026-02-04T10:00:00,0.1519,ALL_PURPOSE,123456789,"{""run_as"": {""email"": ""user12@example.com""}, ""actor_type"": ""user""}"
2026-02-04T10:00:00,2026-02-04T11:00:00,0.0,ALL_PURPOSE,123456789,"{""run_as"": {""email"": ""user12@example.com""}, ""actor_type"": ""user""}"
2026-02-04T11:00:00,2026-02-04T12:00:00,0.0,ALL_PURPOSE,123456789,"{""run_as"": {""email"": ""user12@example.com""}, ""actor_type"": ""user""}"
2026-02-04T12:00:00,2026-02-04T13:00:00,0.3709,ALL_PURPOSE,123456789,"{""run_as"": {""email"": ""user12@example.com""}, ""actor_type"": ""user""}"
2026-02-04T13:00:00,2026-02-04T14:00:00,0.2714,ALL_PURPOSE,123456789,"{""run_as"": {""email"": ""user12@example.com""}, ""actor_type"": ""user""}"
2026-02-04T14:00:00,2026-02-04T15:00:00,0.0,ALL_PURPOSE,123456789,"{""run_as"": {""email"": ""user12@example.com""}, ""actor_type"": ""user""}"
2026-02-04T15:00:00,2026-02-04T16:00:00,0.3671,ALL_PURPOSE,123456789,"{""run_as"": {""email"": ""user12@example.com""}, ""actor_type"": ""user""}"
2026-02-04T16:00:00,2026-02-04T17:00:00,0.3825,ALL_PURPOSE,123456789,"{""run_as"": {""email"": ""user12@example.com""}, ""actor_type"": ""user""}"
2026-02-04T17:00:00,2026-02-04T18:00:00,0.3672,ALL_PURPOSE,123456789,"{""run_as"": {""email"": ""user12@example.com""}, ""actor_type"": ""user""}"
2026-02-04T18:00:00,2026-02-04T19:00:00,0.134,ALL_PURPOSE,123456789,"{""run_as"": {""email"": ""user12@example.com""}, ""actor_type"": ""user""}"
2026-02-04T19:00:00,2026-02-04T20:00:00,0.0393,ALL_PURPOSE,123456789,"{""run_as"": {""email"": ""user12@example.com""}, ""actor_type"": ""user""}"
2026-02-04T20:00:00,2026-02-04T21:00:00,0.1565,ALL_PURPOSE,123456789,"{""run_as"": {""email"": ""user12@example.com""}, ""actor_type"": ""user""}"
2026-02-04T21:00:00,2026-02-04T22:00:00,0.2996,ALL_PURPOSE,123456789,"{""run_as"": {""email"": ""user12@example.com""}, ""actor_type"": ""user""}"
2026-02-04T22:00:00,2026-02-04T23:00:00,0.5717,ALL_PURPOSE,123456789,"{""run_as"": {""email"": ""user12@example.com""}, ""actor_type"": ""user""}"
2026-02-04T23:00:00,2026-02-05T00:00:00,0.072,ALL_PURPOSE,123456789,"{""run_as"": {""email"": ""user12@example.com""}, ""actor_type"": ""user""}"
2026-02-05T00:00:00,2026-02-05T01:00:00,0.0,ALL_PURPOSE,123456789,"{""run_as"": {""email"": ""user12@example.com""}, ""actor_type"": ""user""}"
2026-02-05T01:00:00,2026-02-05T02:00:00,0.4767,ALL_PURPOSE,123456789,"{""run_as"": {""email"": ""user12@example.com""}, ""actor_type"": ""user""}"
2026-02-05T02:00:00,2026-02-05T03:00:00,0.7664,ALL_PURPOSE,123456789,"{""run_as"": {""email"": ""user12@example.com""}, ""actor_type"": ""user""}"
2026-02-05T03:00:00,2026-02-05T04:00:00,0.3342,ALL_PURPOSE,123456789,"{""run_as"": {""email"": ""user12@example.com""}, ""actor_type"": ""user""}"
2026-02-05T04:00:00,2026-02-05T05:00:00,0.0,ALL_PURPOSE,123456789,"{""run_as"": {""email"": ""user12@example.com""}, ""actor_type"": ""user""}"
2026-02-05T05:00:00,2026-02-05T06:00:00,0.2626,ALL_PURPOSE,123456789,"{""run_as"": {""email"": ""user12@example.com""}, ""actor_type"": ""user""}"
2026-02-05T06:00:00,2026-02-05T07:00:00,0.3869,ALL_PURPOSE,123456789,"{""run_as"": {""email"": ""user12@example.com""}, ""actor_type"": ""user""}"
2026-02-05T07:00:00,2026-02-05T08:00:00,0.2783,ALL_PURPOSE,123456789,"{""run_as"": {""email"": ""user12@example.com""}, ""actor_type"": ""user""}"
2026-02-05T08:00:00,2026-02-05T09:00:00,0.1868,ALL_PURPOSE,123456789,"{""run_as"": {""email"": ""user12@example.com""}, ""actor_type"": ""user""}"
2026-02-05T09:00:00,2026-02-05T10:00:00,0.2555,ALL_PURPOSE,123456789,"{""run_as"": {""email"": ""user12@example.com""}, ""actor_type"": ""user""}"
2026-02-05T10:00:00,2026-02-05T11:00:00,0.1106,ALL_PURPOSE,123456789,"{""run_as"": {""email"": ""user12@example.com""}, ""actor_type"": ""user""}"
2026-02-05T11:00:00,2026-02-05T12:00:00,0.3614,ALL_PURPOSE,123456789,"{""run_as"": {""email"": ""user12@example.com""}, ""actor_type"": ""user""}"
2026-02-05T12:00:00,2026-02-05T13:00:00,0.1294,ALL_PURPOSE,123456789,"{""run_as"": {""email"": ""user12@example.com""}, ""actor_type"": ""user""}"
2026-02-05T13:00:00,2026-02-05T14:00:00,0.0296,ALL_PURPOSE,123456789,"{""run_as"": {""email"": ""user12@example.com""}, ""actor_type"": ""user""}"
2026-02-05T14:00:00,2026-02-05T15:00:00,0.1531,ALL_PURPOSE,123456789,"{""run_as"": {""email"": ""user12@example.com""}, ""actor_type"": ""user""}"
2026-02-05T15:00:00,2026-02-05T16:00:00,0.024,ALL_PURPOSE,123456789,"{""run_as"": {""email"": ""user12@example.com""}, ""actor_type"": ""user""}"
2026-02-05T16:00:00,2026-02-05T17:00:00,0.1059,ALL_PURPOSE,123456789,"{""run_as"": {""email"": ""user12@example.com""}, ""actor_type"": ""user""}"
2026-02-05T17:00:00,2026-02-05T18:00:00,0.1967,ALL_PURPOSE,123456789,"{""run_as"": {""email"": ""user12@example.com""}, ""actor_type"": ""user""}"
2026-02-05T18:00:00,2026-02-05T19:00:00,0.2441,ALL_PURPOSE,123456789,"{""run_as"": {""email"": ""user12@example.com""}, ""actor_type"": ""user""}"
2026-02-05T19:00:00,2026-02-05T20:00:00,0.0,ALL_PURPOSE,123456789,"{""run_as"": {""email"": ""user12@example.com""}, ""actor_type"": ""user""}"
2026-02-05T20:00:00,2026-02-05T21:00:00,0.3075,ALL_PURPOSE,123456789,"{""run_as"": {""email"": ""user12@example.com""}, ""actor_type"": ""user""}"
2026-02-05T21:00:00,2026-02-05T22:00:00,0.2573,ALL_PURPOSE,123456789,"{""run_as"": {""email"": ""user12@example.com""}, ""actor_type"": ""user""}"
2026-02-05T22:00:00,2026-02-05T23:00:00,0.4372,ALL_PURPOSE,123456789,"{""run_as"": {""email"": ""user12@example.com""}, ""actor_type"": ""user""}"
2026-02-05T23:00:00,2026-02-06T00:00:00,0.1002,ALL_PURPOSE,123456789,"{""run_as"": {""email"": ""user12@example.com""}, ""actor_type"": ""user""}"
2026-02-06T00:00:00,2026-02-06T01:00:00,0.0595,ALL_PURPOSE,123456789,"{""run_as"": {""email"": ""user12@example.com""}, ""actor_type"": ""user""}"
2026-02-06T01:00:00,2026-02-06T02:00:00,0.8559,ALL_PURPOSE,123456789,"{""run_as"": {""email"": ""user12@example.com""}, ""actor_type"": ""user""}"
2026-02-06T02:00:00,2026-02-06T03:00:00,0.2299,ALL_PURPOSE,123456789,"{""run_as"": {""email"": ""user12@example.com""}, ""actor_type"": ""user""}"
2026-02-06T03:00:00,2026-02-06T04:00:00,0.1963,ALL_PURPOSE,123456789,"{""run_as"": {""email"": ""user12@example.com""}, ""actor_type"": ""user""}"
2026-02-06T04:00:00,2026-02-06T05:00:00,0.3124,ALL_PURPOSE,123456789,"{""run_as"": {""email"": ""user12@example.com""}, ""actor_type"": ""user""}"
2026-02-06T05:00:00,2026-02-06T06:00:00,0.0013,ALL_PURPOSE,123456789,"{""run_as"": {""email"": ""user12@example.com""}, ""actor_type"": ""user""}"
2026-02-06T06:00:00,2026-02-06T07:00:00,0.1928,ALL_PURPOSE,123456789,"{""run_as"": {""email"": ""user12@example.com""}, ""actor_type"": ""user""}"
2026-02-06T07:00:00,2026-02-06T08:00:00,0.374,ALL_PURPOSE,123456789,"{""run_as"": {""email"": ""user12@example.com""}, ""actor_type"": ""user""}"
2026-02-06T08:00:00,2026-02-06T09:00:00,0.2727,ALL_PURPOSE,123456789,"{""run_as"": {""email"": ""user12@example.com""}, ""actor_type"": ""user""}"
2026-02-06T09:00:00,2026-02-06T10:00:00,0.2529,ALL_PURPOSE,123456789,"{""run_as"": {""email"": ""user12@example.com""}, ""actor_type"": ""user""}"
2026-02-06T10:00:00,2026-02-06T11:00:00,0.0363,ALL_PURPOSE,123456789,"{""run_as"": {""email"": ""user12@example.com""}, ""actor_type"": ""user""}"
2026-02-06T11:00:00,2026-02-06T12:00:00,0.0,ALL_PURPOSE,123456789,"{""run_as"": {""email"": ""user12@example.com""}, ""actor_type"": ""user""}"
2026-02-06T12:00:00,2026-02-06T13:00:00,0.1839,ALL_PURPOSE,123456789,"{""run_as"": {""email"": ""user12@example.com""}, ""actor_type"": ""user""}"
2026-02-06T13:00:00,2026-02-06T14:00:00,0.2591,ALL_PURPOSE,123456789,"{""run_as"": {""email"": ""user12@example.com""}, ""actor_type"": ""user""}"
2026-02-06T14:00:00,2026-02-06T15:00:00,0.0157,ALL_PURPOSE,123456789,"{""run_as"": {""email"": ""user12@example.com""}, ""actor_type"": ""user""}"
2026-02-06T15:00:00,2026-02-06T16:00:00,0.0764,ALL_PURPOSE,123456789,"{""run_as"": {""email"": ""user12@example.com""}, ""actor_type"": ""user""}"
2026-02-06T16:00:00,2026-02-06T17:00:00,0.3586,ALL_PURPOSE,123456789,"{""run_as"": {""email"": ""user12@example.com""}, ""actor_type"": ""user""}"
2026-02-06T17:00:00,2026-02-06T18:00:00,0.0,ALL_PURPOSE,123456789,"{""run_as"": {""email"": ""user12@example.com""}, ""actor_type"": ""user""}"
2026-02-06T18:00:00,2026-02-06T19:00:00,0.2531,ALL_PURPOSE,123456789,"{""run_as"": {""email"": ""user12@example.com""}, ""actor_type"": ""user""}"
2026-02-06T19:00:00,2026-02-06T20:00:00,0.056,ALL_PURPOSE,123456789,"{""run_as"": {""email"": ""user12@example.com""}, ""actor_type"": ""user""}"
2026-02-06T20:00:00,2026-02-06T21:00:00,0.2879,ALL_PURPOSE,123456789,"{""run_as"": {""email"": ""user12@example.com""}, ""actor_type"": ""user""}"
2026-02-06T21:00:00,2026-02-06T22:00:00,0.0,ALL_PURPOSE,123456789,"{""run_as"": {""email"": ""user12@example.com""}, ""actor_type"": ""user""}"
2026-02-06T22:00:00,2026-02-06T23:00:00,0.69,ALL_PURPOSE,123456789,"{""run_as"": {""email"": ""user12@example.com""}, ""actor_type"": ""user""}"
2026-02-06T23:00:00,2026-02-07T00:00:00,0.0,ALL_PURPOSE,123456789,"{""run_as"": {""email"": ""user12@example.com""}, ""actor_type"": ""user""}"
2026-02-07T00:00:00,2026-02-07T01:00:00,0.0,ALL_PURPOSE,123456789,"{""run_as"": {""email"": ""user12@example.com""}, ""actor_type"": ""user""}"
2026-02-07T01:00:00,2026-02-07T02:00:00,0.0473,ALL_PURPOSE,123456789,"{""run_as"": {""email"": ""user12@example.com""}, ""actor_type"": ""user""}"
2026-02-07T02:00:00,2026-02-07T03:00:00,0.1833,ALL_PURPOSE,123456789,"{""run_as"": {""email"": ""user12@example.com""}, ""actor_type"": ""user""}"
2026-02-07T03:00:00,2026-02-07T04:00:00,0.0596,ALL_PURPOSE,123456789,"{""run_as"": {""email"": ""user12@example.com""}, ""actor_type"": ""user""}"
2026-02-07T04:00:00,2026-02-07T05:00:00,0.5724,ALL_PURPOSE,123456789,"{""run_as"": {""email"": ""user12@example.com""}, ""actor_type"": ""user""}"
2026-02-07T05:00:00,2026-02-07T06:00:00,0.0,ALL_PURPOSE,123456789,"{""run_as"": {""email"": ""user12@example.com""}, ""actor_type"": ""user""}"
2026-02-07T06:00:00,2026-02-07T07:00:00,0.0,ALL_PURPOSE,123456789,"{""run_as"": {""email"": ""user12@example.com""}, ""actor_type"": ""user""}"
2026-02-07T07:00:00,2026-02-07T08:00:00,0.1229,ALL_PURPOSE,123456789,"{""run_as"": {""email"": ""user12@example.com""}, ""actor_type"": ""user""}"
2026-02-07T08:00:00,2026-02-07T09:00:00,0.1825,ALL_PURPOSE,123456789,"{""run_as"": {""email"": ""user12@example.com""}, ""actor_type"": ""user""}"
2026-02-07T09:00:00,2026-02-07T10:00:00,0.2364,ALL_PURPOSE,123456789,"{""run_as"": {""email"": ""user12@example.com""}, ""actor_type"": ""user""}"
2026-02-07T10:00:00,2026-02-07T11:00:00,0.0425,ALL_PURPOSE,123456789,"{""run_as"": {""email"": ""user12@example.com""}, ""actor_type"": ""user""}"
2026-02-07T11:00:00,2026-02-07T12:00:00,0.3197,ALL_PURPOSE,123456789,"{""run_as"": {""email"": ""user12@example.com""}, ""actor_type"": ""user""}"
2026-02-07T12:00:00,2026-02-07T13:00:00,0.3218,ALL_PURPOSE,123456789,"{""run_as"": {""email"": ""user12@example.com""}, ""actor_type"": ""user""}"
2026-02-07T13:00:00,2026-02-07T14:00:00,0.3246,ALL_PURPOSE,123456789,"{""run_as"": {""email"": ""user12@example.com""}, ""actor_type"": ""user""}"
2026-02-07T14:00:00,2026-02-07T15:00:00,0.2714,ALL_PURPOSE,123456789,"{""run_as"": {""email"": ""user12@example.com""}, ""actor_type"": ""user""}"
2026-02-07T15:00:00,2026-02-07T16:00:00,0.3903,ALL_PURPOSE,123456789,"{""run_as"": {""email"": ""user12@example.com""}, ""actor_type"": ""user""}"
2026-02-07T16:00:00,2026-02-07T17:00:00,0.0549,ALL_PURPOSE,123456789,"{""run_as"": {""email"": ""user12@example.com""}, ""actor_type"": ""user""}"
2026-02-07T17:00:00,2026-02-07T18:00:00,0.3172,ALL_PURPOSE,123456789,"{""run_as"": {""email"": ""user12@example.com""}, ""actor_type"": ""user""}"
2026-02-07T18:00:00,2026-02-07T19:00:00,0.2372,ALL_PURPOSE,123456789,"{""run_as"": {""email"": ""user12@example.com""}, ""actor_type"": ""user""}"
2026-02-07T19:00:00,2026-02-07T20:00:00,0.0,ALL_PURPOSE,123456789,"{""run_as"": {""email"": ""user12@example.com""}, ""actor_type"": ""user""}"
2026-02-07T20:00:00,2026-02-07T21:00:00,0.1661,ALL_PURPOSE,123456789,"{""run_as"": {""email"": ""user12@example.com""}, ""actor_type"": ""user""}"
2026-02-07T21:00:00,2026-02-07T22:00:00,0.2214,ALL_PURPOSE,123456789,"{""run_as"": {""email"": ""user12@example.com""}, ""actor_type"": ""user""}"
2026-02-07T22:00:00,2026-02-07T23:00:00,0.5402,ALL_PURPOSE,123456789,"{""run_as"": {""email"": ""user12@example.com""}, ""actor_type"": ""user""}"
2026-02-07T23:00:00,2026-02-08T00:00:00,0.0,ALL_PURPOSE,123456789,"{""run_as"": {""email"": ""user12@example.com""}, ""actor_type"": ""user""}"
2026-02-08T00:00:00,2026-02-08T01:00:00,0.0,ALL_PURPOSE,123456789,"{""run_as"": {""email"": ""user12@example.com""}, ""actor_type"": ""user""}"
2026-02-08T01:00:00,2026-02-08T02:00:00,0.2607,ALL_PURPOSE,123456789,"{""run_as"": {""email"": ""user12@example.com""}, ""actor_type"": ""user""}"
2026-02-08T02:00:00,2026-02-08T03:00:00,0.323,ALL_PURPOSE,123456789,"{""run_as"": {""email"": ""user12@example.com""}, ""actor_type"": ""user""}"
2026-02-08T03:00:00,2026-02-08T04:00:00,0.0825,ALL_PURPOSE,123456789,"{""run_as"": {""email"": ""user12@example.com""}, ""actor_type"": ""user""}"
2026-02-08T04:00:00,2026-02-08T05:00:00,0.1648,ALL_PURPOSE,123456789,"{""run_as"": {""email"": ""user12@example.com""}, ""actor_type"": ""user""}"
2026-02-08T05:00:00,2026-02-08T06:00:00,0.465,ALL_PURPOSE,123456789,"{""run_as"": {""email"": ""user12@example.com""}, ""actor_type"": ""user""}"
2026-02-08T06:00:00,2026-02-08T07:00:00,0.2509,ALL_PURPOSE,123456789,"{""run_as"": {""email"": ""user12@example.com""}, ""actor_type"": ""user""}"
2026-02-08T07:00:00,2026-02-08T08:00:00,0.0,ALL_PURPOSE,123456789,"{""run_as"": {""email"": ""user12@example.com""}, ""actor_type"": ""user""}"
2026-02-08T08:00:00,2026-02-08T09:00:00,0.0,ALL_PURPOSE,123456789,"{""run_as"": {""email"": ""user12@example.com""}, ""actor_type"": ""user""}"
2026-02-08T09:00:00,2026-02-08T10:00:00,0.0,ALL_PURPOSE,123456789,"{""run_as"": {""email"": ""user12@example.com""}, ""actor_type"": ""user""}"
2026-02-08T10:00:00,2026-02-08T11:00:00,0.1448,ALL_PURPOSE,123456789,"{""run_as"": {""email"": ""user12@example.com""}, ""actor_type"": ""user""}"
2026-02-08T11:00:00,2026-02-08T12:00:00,0.2159,ALL_PURPOSE,123456789,"{""run_as"": {""email"": ""user12@example.com""}, ""actor_type"": ""user""}"
2026-02-08T12:00:00,2026-02-08T13:00:00,0.3081,ALL_PURPOSE,123456789,"{""run_as"": {""email"": ""user12@example.com""}, ""actor_type"": ""user""}"
2026-02-08T13:00:00,2026-02-08T14:00:00,0.1106,ALL_PURPOSE,123456789,"{""run_as"": {""email"": ""user12@example.com""}, ""actor_type"": ""user""}"
2026-02-08T14:00:00,2026-02-08T15:00:00,0.3186,ALL_PURPOSE,123456789,"{""run_as"": {""email"": ""user12@example.com""}, ""actor_type"": ""user""}"
2026-02-08T15:00:00,2026-02-08T16:00:00,0.3874,ALL_PURPOSE,123456789,"{""run_as"": {""email"": ""user12@example.com""}, ""actor_type"": ""user""}"
2026-02-08T16:00:00,2026-02-08T17:00:00,0.0705,ALL_PURPOSE,123456789,"{""run_as"": {""email"": ""user12@example.com""}, ""actor_type"": ""user""}"
2026-02-08T17:00:00,2026-02-08T18:00:00,0.0172,ALL_PURPOSE,123456789,"{""run_as"": {""email"": ""user12@example.com""}, ""actor_type"": ""user""}"
2026-02-08T18:00:00,2026-02-08T19:00:00,0.114,ALL_PURPOSE,123456789,"{""run_as"": {""email"": ""user12@example.com""}, ""actor_type"": ""user""}"
2026-02-08T19:00:00,2026-02-08T20:00:00,0.1337,ALL_PURPOSE,123456789,"{""run_as"": {""email"": ""user12@example.com""}, ""actor_type"": ""user""}"
2026-02-08T20:00:00,2026-02-08T21:00:00,0.0,ALL_PURPOSE,123456789,"{""run_as"": {""email"": ""user12@example.com""}, ""actor_type"": ""user""}"
2026-02-08T21:00:00,2026-02-08T22:00:00,0.2962,ALL_PURPOSE,123456789,"{""run_as"": {""email"": ""user12@example.com""}, ""actor_type"": ""user""}"
2026-02-08T22:00:00,2026-02-08T23:00:00,0.0704,ALL_PURPOSE,123456789,"{""run_as"": {""email"": ""user12@example.com""}, ""actor_type"": ""user""}"
2026-02-08T23:00:00,2026-02-09T00:00:00,0.0464,ALL_PURPOSE,123456789,"{""run_as"": {""email"": ""user12@example.com""}, ""actor_type"": ""user""}"
2026-02-09T00:00:00,2026-02-09T01:00:00,0.4762,ALL_PURPOSE,123456789,"{""run_as"": {""email"": ""user12@example.com""}, ""actor_type"": ""user""}"
2026-02-09T01:00:00,2026-02-09T02:00:00,0.1303,ALL_PURPOSE,123456789,"{""run_as"": {""email"": ""user12@example.com""}, ""actor_type"": ""user""}"
2026-02-09T02:00:00,2026-02-09T03:00:00,0.0392,ALL_PURPOSE,123456789,"{""run_as"": {""email"": ""user12@example.com""}, ""actor_type"": ""user""}"
2026-02-09T03:00:00,2026-02-09T04:00:00,0.5799,ALL_PURPOSE,123456789,"{""run_as"": {""email"": ""user12@example.com""}, ""actor_type"": ""user""}"
2026-02-09T04:00:00,2026-02-09T05:00:00,1.1057,ALL_PURPOSE,123456789,"{""run_as"": {""email"": ""user12@example.com""}, ""actor_type"": ""user""}"
2026-02-09T05:00:00,2026-02-09T06:00:00,0.7588,ALL_PURPOSE,123456789,"{""run_as"": {""email"": ""user12@example.com""}, ""actor_type"": ""user""}"
2026-02-09T06:00:00,2026-02-09T07:00:00,0.3902,ALL_PURPOSE,123456789,"{""run_as"": {""email"": ""user12@example.com""}, ""actor_type"": ""user""}"
2026-02-09T07:00:00,2026-02-09T08:00:00,0.0509,ALL_PURPOSE,123456789,"{""run_as"": {""email"": ""user12@example.com""}, ""actor_type"": ""user""}"
2026-02-09T08:00:00,2026-02-09T09:00:00,0.0,ALL_PURPOSE,123456789,"{""run_as"": {""email"": ""user12@example.com""}, ""actor_type"": ""user""}"
2026-02-09T09:00:00,2026-02-09T10:00:00,0.3407,ALL_PURPOSE,123456789,"{""run_as"": {""email"": ""user12@example.com""}, ""actor_type"": ""user""}"
2026-02-09T10:00:00,2026-02-09T11:00:00,0.0685,ALL_PURPOSE,123456789,"{""run_as"": {""email"": ""user12@example.com""}, ""actor_type"": ""user""}"
2026-02-09T11:00:00,2026-02-09T12:00:00,0.3546,ALL_PURPOSE,123456789,"{""run_as"": {""email"": ""user12@example.com""}, ""actor_type"": ""user""}"
2026-02-09T12:00:00,2026-02-09T13:00:00,0.3158,ALL_PURPOSE,123456789,"{""run_as"": {""email"": ""user12@example.com""}, ""actor_type"": ""user""}"
2026-02-09T13:00:00,2026-02-09T14:00:00,0.2446,ALL_PURPOSE,123456789,"{""run_as"": {""email"": ""user12@example.com""}, ""actor_type"": ""user""}"
2026-02-09T14:00:00,2026-02-09T15:00:00,0.3881,ALL_PURPOSE,123456789,"{""run_as"": {""email"": ""user12@example.com""}, ""actor_type"": ""user""}"
2026-02-09T15:00:00,2026-02-09T16:00:00,0.0346,ALL_PURPOSE,123456789,"{""run_as"": {""email"": ""user12@example.com""}, ""actor_type"": ""user""}"
2026-02-09T16:00:00,2026-02-09T17:00:00,0.1957,ALL_PURPOSE,123456789,"{""run_as"": {""email"": ""user12@example.com""}, ""actor_type"": ""user""}"
2026-02-09T17:00:00,2026-02-09T18:00:00,0.2366,ALL_PURPOSE,123456789,"{""run_as"": {""email"": ""user12@example.com""}, ""actor_type"": ""user""}"
2026-02-09T18:00:00,2026-02-09T19:00:00,0.1117,ALL_PURPOSE,123456789,"{""run_as"": {""email"": ""user12@example.com""}, ""actor_type"": ""user""}"
2026-02-09T19:00:00,2026-02-09T20:00:00,0.2945,ALL_PURPOSE,123456789,"{""run_as"": {""email"": ""user12@example.com""}, ""actor_type"": ""user""}"
2026-02-09T20:00:00,2026-02-09T21:00:00,0.1309,ALL_PURPOSE,123456789,"{""run_as"": {""email"": ""user12@example.com""}, ""actor_type"": ""user""}"
2026-02-02T21:00:00,2026-02-02T22:00:00,0.3567,ALL_PURPOSE,123456789,"{""run_as"": {""email"": ""user13@example.com""}, ""actor_type"": ""user""}"
2026-02-02T22:00:00,2026-02-02T23:00:00,0.0,ALL_PURPOSE,123456789,"{""run_as"": {""email"": ""user13@example.com""}, ""actor_type"": ""user""}"
2026-02-02T23:00:00,2026-02-03T00:00:00,0.8215,ALL_PURPOSE,123456789,"{""run_as"": {""email"": ""user13@example.com""}, ""actor_type"": ""user""}"
2026-02-03T00:00:00,2026-02-03T01:00:00,0.0134,ALL_PURPOSE,123456789,"{""run_as"": {""email"": ""user13@example.com""}, ""actor_type"": ""user""}"
2026-02-03T01:00:00,2026-02-03T02:00:00,0.3192,ALL_PURPOSE,123456789,"{""run_as"": {""email"": ""user13@example.com""}, ""actor_type"": ""user""}"
2026-02-03T02:00:00,2026-02-03T03:00:00,0.0,ALL_PURPOSE,123456789,"{""run_as"": {""email"": ""user13@example.com""}, ""actor_type"": ""user""}"
2026-02-03T03:00:00,2026-02-03T04:00:00,0.0,ALL_PURPOSE,123456789,"{""run_as"": {""email"": ""user13@example.com""}, ""actor_type"": ""user""}"
2026-02-03T04:00:00,2026-02-03T05:00:00,0.0,ALL_PURPOSE,123456789,"{""run_as"": {""email"": ""user13@example.com""}, ""actor_type"": ""user""}"
2026-02-03T05:00:00,2026-02-03T06:00:00,0.7842,ALL_PURPOSE,123456789,"{""run_as"": {""email"": ""user13@example.com""}, ""actor_type"": ""user""}"
2026-02-03T06:00:00,2026-02-03T07:00:00,0.0,ALL_PURPOSE,123456789,"{""run_as"": {""email"": ""user13@example.com""}, ""actor_type"": ""user""}"
2026-02-03T07:00:00,2026-02-03T08:00:00,0.1819,ALL_PURPOSE,123456789,"{""run_as"": {""email"": ""user13@example.com""}, ""actor_type"": ""user""}"
2026-02-03T08:00:00,2026-02-03T09:00:00,0.3497,ALL_PURPOSE,123456789,"{""run_as"": {""email"": ""user13@example.com""}, ""actor_type"": ""user""}"
2026-02-03T09:00:00,2026-02-03T10:00:00,0.3159,ALL_PURPOSE,123456789,"{""run_as"": {""email"": ""user13@example.com""}, ""actor_type"": ""user""}"
2026-02-03T10:00:00,2026-02-03T11:00:00,0.1857,ALL_PURPOSE,123456789,"{""run_as"": {""email"": ""user13@example.com""}, ""actor_type"": ""user""}"
2026-02-03T11:00:00,2026-02-03T12:00:00,0.0,ALL_PURPOSE,123456789,"{""run_as"": {""email"": ""user13@example.com""}, ""actor_type"": ""user""}"
2026-02-03T12:00:00,2026-02-03T13:00:00,0.3574,ALL_PURPOSE,123456789,"{""run_as"": {""email"": ""user13@example.com""}, ""actor_type"": ""user""}"
2026-02-03T13:00:00,2026-02-03T14:00:00,0.0131,ALL_PURPOSE,123456789,"{""run_as"": {""email"": ""user13@example.com""}, ""actor_type"": ""user""}"
2026-02-03T14:00:00,2026-02-03T15:00:00,0.1079,ALL_PURPOSE,123456789,"{""run_as"": {""email"": ""user13@example.com""}, ""actor_type"": ""user""}"
2026-02-03T15:00:00,2026-02-03T16:00:00,0.217,ALL_PURPOSE,123456789,"{""run_as"": {""email"": ""user13@example.com""}, ""actor_type"": ""user""}"
2026-02-03T16:00:00,2026-02-03T17:00:00,0.0,ALL_PURPOSE,123456789,"{""run_as"": {""email"": ""user13@example.com""}, ""actor_type"": ""user""}"
2026-02-03T17:00:00,2026-02-03T18:00:00,0.3523,ALL_PURPOSE,123456789,"{""run_as"": {""email"": ""user13@example.com""}, ""actor_type"": ""user""}"
2026-02-03T18:00:00,2026-02-03T19:00:00,0.0219,ALL_PURPOSE,123456789,"{""run_as"": {""email"": ""user13@example.com""}, ""actor_type"": ""user""}"
2026-02-03T19:00:00,2026-02-03T20:00:00,0.2699,ALL_PURPOSE,123456789,"{""run_as"": {""email"": ""user13@example.com""}, ""actor_type"": ""user""}"
2026-02-03T20:00:00,2026-02-03T21:00:00,0.0444,ALL_PURPOSE,123456789,"{""run_as"": {""email"": ""user13@example.com""}, ""actor_type"": ""user""}"
2026-02-03T21:00:00,2026-02-03T22:00:00,0.2477,ALL_PURPOSE,123456789,"{""run_as"": {""email"": ""user13@example.com""}, ""actor_type"": ""user""}"
2026-02-03T22:00:00,2026-02-03T23:00:00,0.0,ALL_PURPOSE,123456789,"{""run_as"": {""email"": ""user13@example.com""}, ""actor_type"": ""user""}"
2026-02-03T23:00:00,2026-02-04T00:00:00,1.0706,ALL_PURPOSE,123456789,"{""run_as"": {""email"": ""user13@example.com""}, ""actor_type"": ""user""}"
2026-02-04T00:00:00,2026-02-04T01:00:00,0.0454,ALL_PURPOSE,123456789,"{""run_as"": {""email"": ""user13@example.com""}, ""actor_type"": ""user""}"
2026-02-04T01:00:00,2026-02-04T02:00:00,0.232,ALL_PURPOSE,123456789,"{""run_as"": {""email"": ""user13@example.com""}, ""actor_type"": ""user""}"
2026-02-04T02:00:00,2026-02-04T03:00:00,0.6449,ALL_PURPOSE,123456789,"{""run_as"": {""email"": ""user13@example.com""}, ""actor_type"": ""user""}"
2026-02-04T03:00:00,2026-02-04T04:00:00,0.4164,ALL_PURPOSE,123456789,"{""run_as"": {""email"": ""user13@example.com""}, ""actor_type"": ""user""}"
2026-02-04T04:00:00,2026-02-04T05:00:00,0.0,ALL_PURPOSE,123456789,"{""run_as"": {""email"": ""user13@example.com""}, ""actor_type"": ""user""}"
2026-02-04T05:00:00,2026-02-04T06:00:00,0.2839,ALL_PURPOSE,123456789,"{""run_as"": {""email"": ""user13@example.com""}, ""actor_type"": ""user""}"
2026-02-04T06:00:00,2026-02-04T07:00:00,0.1169,ALL_PURPOSE,123456789,"{""run_as"": {""email"": ""user13@example.com""}, ""actor_type"": ""user""}"
2026-02-04T07:00:00,2026-02-04T08:00:00,0.32,ALL_PURPOSE,123456789,"{""run_as"": {""email"": ""user13@example.com""}, ""actor_type"": ""user""}"
2026-02-04T08:00:00,2026-02-04T09:00:00,0.3235,ALL_PURPOSE,123456789,"{""run_as"": {""email"": ""user13@example.com""}, ""actor_type"": ""user""}"
2026-02-04T09:00:00,2026-02-04T10:00:00,0.0263,ALL_PURPOSE,123456789,"{""run_as"": {""email"": ""user13@example.com""}, ""actor_type"": ""user""}"
2026-02-04T10:00:00,2026-02-04T11:00:00,0.0,ALL_PURPOSE,123456789,"{""run_as"": {""email"": ""user13@example.com""}, ""actor_type"": ""user""}"
2026-02-04T11:00:00,2026-02-04T12:00:00,0.3592,ALL_PURPOSE,123456789,"{""run_as"": {""email"": ""user13@example.com""}, ""actor_type"": ""user""}"
2026-02-04T12:00:00,2026-02-04T13:00:00,0.0,ALL_PURPOSE,123456789,"{""run_as"": {""email"": ""user13@example.com""}, ""actor_type"": ""user""}"
2026-02-04T13:00:00,2026-02-04T14:00:00,0.1104,ALL_PURPOSE,123456789,"{""run_as"": {""email"": ""user13@example.com""}, ""actor_type"": ""user""}"
2026-02-04T14:00:00,2026-02-04T15:00:00,0.1985,ALL_PURPOSE,123456789,"{""run_as"": {""email"": ""user13@example.com""}, ""actor_type"": ""user""}"
2026-02-04T15:00:00,2026-02-04T16:00:00,0.2083,ALL_PURPOSE,123456789,"{""run_as"": {""email"": ""user13@example.com""}, ""actor_type"": ""user""}"
2026-02-04T16:00:00,2026-02-04T17:00:00,0.1173,ALL_PURPOSE,123456789,"{""run_as"": {""email"": ""user13@example.com""}, ""actor_type"": ""user""}"
2026-02-04T17:00:00,2026-02-04T18:00:00,0.0,ALL_PURPOSE,123456789,"{""run_as"": {""email"": ""user13@example.com""}, ""actor_type"": ""user""}"
2026-02-04T18:00:00,2026-02-04T19:00:00,0.1387,ALL_PURPOSE,123456789,"{""run_as"": {""email"": ""user13@example.com""}, ""actor_type"": ""user""}"
2026-02-04T19:00:00,2026-02-04T20:00:00,0.2579,ALL_PURPOSE,123456789,"{""run_as"": {""email"": ""user13@example.com""}, ""actor_type"": ""user""}"
2026-02-04T20:00:00,2026-02-04T21:00:00,0.0252,ALL_PURPOSE,123456789,"{""run_as"": {""email"": ""user13@example.com""}, ""actor_type"": ""user""}"
2026-02-04T21:00:00,2026-02-04T22:00:00,0.0929,ALL_PURPOSE,123456789,"{""run_as"": {""email"": ""user13@example.com""}, ""actor_type"": ""user""}"
2026-02-04T22:00:00,2026-02-04T23:00:00,0.2579,ALL_PURPOSE,123456789,"{""run_as"": {""email"": ""user13@example.com""}, ""actor_type"": ""user""}"
2026-02-04T23:00:00,2026-02-05T00:00:00,0.7738,ALL_PURPOSE,123456789,"{""run_as"": {""email"": ""user13@example.com""}, ""actor_type"": ""user""}"
2026-02-05T00:00:00,2026-02-05T01:00:00,0.3368,ALL_PURPOSE,123456789,"{""run_as"": {""email"": ""user13@example.com""}, ""actor_type"": ""user""}"
2026-02-05T01:00:00,2026-02-05T02:00:00,0.0528,ALL_PURPOSE,123456789,"{""run_as"": {""email"": ""user13@example.com""}, ""actor_type"": ""user""}"
2026-02-05T02:00:00,2026-02-05T03:00:00,0.104,ALL_PURPOSE,123456789,"{""run_as"": {""email"": ""user13@example.com""}, ""actor_type"": ""user""}"
2026-02-05T03:00:00,2026-02-05T04:00:00,0.6551,ALL_PURPOSE,123456789,"{""run_as"": {""email"": ""user13@example.com""}, ""actor_type"": ""user""}"
2026-02-05T04:00:00,2026-02-05T05:00:00,0.0665,ALL_PURPOSE,123456789,"{""run_as"": {""email"": ""user13@example.com""}, ""actor_type"": ""user""}"
2026-02-05T05:00:00,2026-02-05T06:00:00,0.1141,ALL_PURPOSE,123456789,"{""run_as"": {""email"": ""user13@example.com""}, ""actor_type"": ""user""}"
2026-02-05T06:00:00,2026-02-05T07:00:00,0.2771,ALL_PURPOSE,123456789,"{""run_as"": {""email"": ""user13@example.com""}, ""actor_type"": ""user""}"
2026-02-05T07:00:00,2026-02-05T08:00:00,0.0614,ALL_PURPOSE,123456789,"{""run_as"": {""email"": ""user13@example.com""}, ""actor_type"": ""user""}"
2026-02-05T08:00:00,2026-02-05T09:00:00,0.0165,ALL_PURPOSE,123456789,"{""run_as"": {""email"": ""user13@example.com""}, ""actor_type"": ""user""}"
2026-02-05T09:00:00,2026-02-05T10:00:00,0.0506,ALL_PURPOSE,123456789,"{""run_as"": {""email"": ""user13@example.com""}, ""actor_type"": ""user""}"
2026-02-05T10:00:00,2026-02-05T11:00:00,0.0738,ALL_PURPOSE,123456789,"{""run_as"": {""email"": ""user13@example.com""}, ""actor_type"": ""user""}"
2026-02-05T11:00:00,2026-02-05T12:00:00,0.0139,ALL_PURPOSE,123456789,"{""run_as"": {""email"": ""user13@example.com""}, ""actor_type"": ""user""}"
2026-02-05T12:00:00,2026-02-05T13:00:00,0.1375,ALL_PURPOSE,123456789,"{""run_as"": {""email"": ""user13@example.com""}, ""actor_type"": ""user""}"
2026-02-05T13:00:00,2026-02-05T14:00:00,0.2159,ALL_PURPOSE,123456789,"{""run_as"": {""email"": ""user13@example.com""}, ""actor_type"": ""user""}"
2026-02-05T14:00:00,2026-02-05T15:00:00,0.1206,ALL_PURPOSE,123456789,"{""run_as"": {""email"": ""user13@example.com""}, ""actor_type"": ""user""}"
2026-02-05T15:00:00,2026-02-05T16:00:00,0.1618,ALL_PURPOSE,123456789,"{""run_as"": {""email"": ""user13@example.com""}, ""actor_type"": ""user""}"
2026-02-05T16:00:00,2026-02-05T17:00:00,0.0582,ALL_PURPOSE,123456789,"{""run_as"": {""email"": ""user13@example.com""}, ""actor_type"": ""user""}"
2026-02-05T17:00:00,2026-02-05T18:00:00,0.0,ALL_PURPOSE,123456789,"{""run_as"": {""email"": ""user13@example.com""}, ""actor_type"": ""user""}"
2026-02-05T18:00:00,2026-02-05T19:00:00,0.2954,ALL_PURPOSE,123456789,"{""run_as"": {""email"": ""user13@example.com""}, ""actor_type"": ""user""}"
2026-02-05T19:00:00,2026-02-05T20:00:00,0.1325,ALL_PURPOSE,123456789,"{""run_as"": {""email"": ""user13@example.com""}, ""actor_type"": ""user""}"
2026-02-05T20:00:00,2026-02-05T21:00:00,0.1896,ALL_PURPOSE,123456789,"{""run_as"": {""email"": ""user13@example.com""}, ""actor_type"": ""user""}"
2026-02-05T21:00:00,2026-02-05T22:00:00,0.3776,ALL_PURPOSE,123456789,"{""run_as"": {""email"": ""user13@example.com""}, ""actor_type"": ""user""}"
2026-02-05T22:00:00,2026-02-05T23:00:00,0.7252,ALL_PURPOSE,123456789,"{""run_as"": {""email"": ""user13@example.com""}, ""actor_type"": ""user""}"
2026-02-05T23:00:00,2026-02-06T00:00:00,0.1768,ALL_PURPOSE,123456789,"{""run_as"": {""email"": ""user13@example.com""}, ""actor_type"": ""user""}"
2026-02-06T00:00:00,2026-02-06T01:00:00,0.8457,ALL_PURPOSE,123456789,"{""run_as"": {""email"": ""user13@example.com""}, ""actor_type"": ""user""}"
2026-02-06T01:00:00,2026-02-06T02:00:00,0.1607,ALL_PURPOSE,123456789,"{""run_as"": {""email"": ""user13@example.com""}, ""actor_type"": ""user""}"
2026-02-06T02:00:00,2026-02-06T03:00:00,0.5859,ALL_PURPOSE,123456789,"{""run_as"": {""email"": ""user13@example.com""}, ""actor_type"": ""user""}"
2026-02-06T03:00:00,2026-02-06T04:00:00,0.0889,ALL_PURPOSE,123456789,"{""run_as"": {""email"": ""user13@example.com""}, ""actor_type"": ""user""}"
2026-02-06T04:00:00,2026-02-06T05:00:00,0.009,ALL_PURPOSE,123456789,"{""run_as"": {""email"": ""user13@example.com""}, ""actor_type"": ""user""}"
2026-02-06T05:00:00,2026-02-06T06:00:00,0.7269,ALL_PURPOSE,123456789,"{""run_as"": {""email"": ""user13@example.com""}, ""actor_type"": ""user""}"
2026-02-06T06:00:00,2026-02-06T07:00:00,0.1271,ALL_PURPOSE,123456789,"{""run_as"": {""email"": ""user13@example.com""}, ""actor_type"": ""user""}"
2026-02-06T07:00:00,2026-02-06T08:00:00,0.3774,ALL_PURPOSE,123456789,"{""run_as"": {""email"": ""user13@example.com""}, ""actor_type"": ""user""}"
2026-02-06T08:00:00,2026-02-06T09:00:00,0.0,ALL_PURPOSE,123456789,"{""run_as"": {""email"": ""user13@example.com""}, ""actor_type"": ""user""}"
2026-02-06T09:00:00,2026-02-06T10:00:00,0.3415,ALL_PURPOSE,123456789,"{""run_as"": {""email"": ""user13@example.com""}, ""actor_type"": ""user""}"
2026-02-06T10:00:00,2026-02-06T11:00:00,0.1491,ALL_PURPOSE,123456789,"{""run_as"": {""email"": ""user13@example.com""}, ""actor_type"": ""user""}"
2026-02-06T11:00:00,2026-02-06T12:00:00,0.1405,ALL_PURPOSE,123456789,"{""run_as"": {""email"": ""user13@example.com""}, ""actor_type"": ""user""}"
2026-02-06T12:00:00,2026-02-06T13:00:00,0.0,ALL_PURPOSE,123456789,"{""run_as"": {""email"": ""user13@example.com""}, ""actor_type"": ""user""}"
2026-02-06T13:00:00,2026-02-06T14:00:00,0.2911,ALL_PURPOSE,123456789,"{""run_as"": {""email"": ""user13@example.com""}, ""actor_type"": ""user""}"
2026-02-06T14:00:00,2026-02-06T15:00:00,0.397,ALL_PURPOSE,123456789,"{""run_as"": {""email"": ""user13@example.com""}, ""actor_type"": ""user""}"
2026-02-06T15:00:00,2026-02-06T16:00:00,0.1155,ALL_PURPOSE,123456789,"{""run_as"": {""email"": ""user13@example.com""}, ""actor_type"": ""user""}"
2026-02-06T16:00:00,2026-02-06T17:00:00,0.3881,ALL_PURPOSE,123456789,"{""run_as"": {""email"": ""user13@example.com""}, ""actor_type"": ""user""}"
2026-02-06T17:00:00,2026-02-06T18:00:00,0.0,ALL_PURPOSE,123456789,"{""run_as"": {""email"": ""user13@example.com""}, ""actor_type"": ""user""}"
2026-02-06T18:00:00,2026-02-06T19:00:00,0.0,ALL_PURPOSE,123456789,"{""run_as"": {""email"": ""user13@example.com""}, ""actor_type"": ""user""}"
2026-02-06T19:00:00,2026-02-06T20:00:00,0.0831,ALL_PURPOSE,123456789,"{""run_as"": {""email"": ""user13@example.com""}, ""actor_type"": ""user""}"
2026-02-06T20:00:00,2026-02-06T21:00:00,0.347,ALL_PURPOSE,123456789,"{""run_as"": {""email"": ""user13@example.com""}, ""actor_type"": ""user""}"
2026-02-06T21:00:00,2026-02-06T22:00:00,0.0264,ALL_PURPOSE,123456789,"{""run_as"": {""email"": ""user13@example.com""}, ""actor_type"": ""user""}"
2026-02-06T22:00:00,2026-02-06T23:00:00,0.6891,ALL_PURPOSE,123456789,"{""run_as"": {""email"": ""user13@example.com""}, ""actor_type"": ""user""}"
2026-02-06T23:00:00,2026-02-07T00:00:00,0.1658,ALL_PURPOSE,123456789,"{""run_as"": {""email"": ""user13@example.com""}, ""actor_type"": ""user""}"
2026-02-07T00:00:00,2026-02-07T01:00:00,0.5323,ALL_PURPOSE,123456789,"{""run_as"": {""email"": ""user13@example.com""}, ""actor_type"": ""user""}"
2026-02-07T01:00:00,2026-02-07T02:00:00,0.8999,ALL_PURPOSE,123456789,"{""run_as"": {""email"": ""user13@example.com""}, ""actor_type"": ""user""}"
2026-02-07T02:00:00,2026-02-07T03:00:00,0.1216,ALL_PURPOSE,123456789,"{""run_as"": {""email"": ""user13@example.com""}, ""actor_type"": ""user""}"
2026-02-07T03:00:00,2026-02-07T04:00:00,0.2946,ALL_PURPOSE,123456789,"{""run_as"": {""email"": ""user13@example.com""}, ""actor_type"": ""user""}"
2026-02-07T04:00:00,2026-02-07T05:00:00,0.3337,ALL_PURPOSE,123456789,"{""run_as"": {""email"": ""user13@example.com""}, ""actor_type"": ""user""}"
2026-02-07T05:00:00,2026-02-07T06:00:00,0.3571,ALL_PURPOSE,123456789,"{""run_as"": {""email"": ""user13@example.com""}, ""actor_type"": ""user""}"
2026-02-07T06:00:00,2026-02-07T07:00:00,0.2751,ALL_PURPOSE,123456789,"{""run_as"": {""email"": ""user13@example.com""}, ""actor_type"": ""user""}"
2026-02-07T07:00:00,2026-02-07T08:00:00,0.0477,ALL_PURPOSE,123456789,"{""run_as"": {""email"": ""user13@example.com""}, ""actor_type"": ""user""}"
2026-02-07T08:00:00,2026-02-07T09:00:00,0.0,ALL_PURPOSE,123456789,"{""run_as"": {""email"": ""user13@example.com""}, ""actor_type"": ""user""}"
2026-02-07T09:00:00,2026-02-07T10:00:00,0.2982,ALL_PURPOSE,123456789,"{""run_as"": {""email"": ""user13@example.com""}, ""actor_type"": ""user""}"
2026-02-07T10:00:00,2026-02-07T11:00:00,0.2262,ALL_PURPOSE,123456789,"{""run_as"": {""email"": ""user13@example.com""}, ""actor_type"": ""user""}"
2026-02-07T11:00:00,2026-02-07T12:00:00,0.2512,ALL_PURPOSE,123456789,"{""run_as"": {""email"": ""user13@example.com""}, ""actor_type"": ""user""}"
2026-02-07T12:00:00,2026-02-07T13:00:00,0.0,ALL_PURPOSE,123456789,"{""run_as"": {""email"": ""user13@example.com""}, ""actor_type"": ""user""}"
2026-02-07T13:00:00,2026-02-07T14:00:00,0.205,ALL_PURPOSE,123456789,"{""run_as"": {""email"": ""user13@example.com""}, ""actor_type"": ""user""}"
2026-02-07T14:00:00,2026-02-07T15:00:00,0.3381,ALL_PURPOSE,123456789,"{""run_as"": {""email"": ""user13@example.com""}, ""actor_type"": ""user""}"
2026-02-07T15:00:00,2026-02-07T16:00:00,0.0234,ALL_PURPOSE,123456789,"{""run_as"": {""email"": ""user13@example.com""}, ""actor_type"": ""user""}"
2026-02-07T16:00:00,2026-02-07T17:00:00,0.0,ALL_PURPOSE,123456789,"{""run_as"": {""email"": ""user13@example.com""}, ""actor_type"": ""user""}"
2026-02-07T17:00:00,2026-02-07T18:00:00,0.0653,ALL_PURPOSE,123456789,"{""run_as"": {""email"": ""user13@example.com""}, ""actor_type"": ""user""}"
2026-02-07T18:00:00,2026-02-07T19:00:00,0.1678,ALL_PURPOSE,123456789,"{""run_as"": {""email"": ""user13@example.com""}, ""actor_type"": ""user""}"
2026-02-07T19:00:00,2026-02-07T20:00:00,0.1424,ALL_PURPOSE,123456789,"{""run_as"": {""email"": ""user13@example.com""}, ""actor_type"": ""user""}"
2026-02-07T20:00:00,2026-02-07T21:00:00,0.2118,ALL_PURPOSE,123456789,"{""run_as"": {""email"": ""user13@example.com""}, ""actor_type"": ""user""}"
2026-02-07T21:00:00,2026-02-07T22:00:00,0.2055,ALL_PURPOSE,123456789,"{""run_as"": {""email"": ""user13@example.com""}, ""actor_type"": ""user""}"
2026-02-07T22:00:00,2026-02-07T23:00:00,0.7001,ALL_PURPOSE,123456789,"{""run_as"": {""email"": ""user13@example.com""}, ""actor_type"": ""user""}"
2026-02-07T23:00:00,2026-02-08T00:00:00,0.349,ALL_PURPOSE,123456789,"{""run_as"": {""email"": ""user13@example.com""}, ""actor_type"": ""user""}"
2026-02-08T00:00:00,2026-02-08T01:00:00,0.1204,ALL_PURPOSE,123456789,"{""run_as"": {""email"": ""user13@example.com""}, ""actor_type"": ""user""}"
2026-02-08T01:00:00,2026-02-08T02:00:00,0.0383,ALL_PURPOSE,123456789,"{""run_as"": {""email"": ""user13@example.com""}, ""actor_type"": ""user""}"
2026-02-08T02:00:00,2026-02-08T03:00:00,0.0052,ALL_PURPOSE,123456789,"{""run_as"": {""email"": ""user13@example.com""}, ""actor_type"": ""user""}"
2026-02-08T03:00:00,2026-02-08T04:00:00,0.0,ALL_PURPOSE,123456789,"{""run_as"": {""email"": ""user13@example.com""}, ""actor_type"": ""user""}"
2026-02-08T04:00:00,2026-02-08T05:00:00,0.2937,ALL_PURPOSE,123456789,"{""run_as"": {""email"": ""user13@example.com""}, ""actor_type"": ""user""}"
2026-02-08T05:00:00,2026-02-08T06:00:00,0.2454,ALL_PURPOSE,123456789,"{""run_as"": {""email"": ""user13@example.com""}, ""actor_type"": ""user""}"
2026-02-08T06:00:00,2026-02-08T07:00:00,0.2128,ALL_PURPOSE,123456789,"{""run_as"": {""email"": ""user13@example.com""}, ""actor_type"": ""user""}"
2026-02-08T07:00:00,2026-02-08T08:00:00,0.0,ALL_PURPOSE,123456789,"{""run_as"": {""email"": ""user13@example.com""}, ""actor_type"": ""user""}"
2026-02-08T08:00:00,2026-02-08T09:00:00,0.0,ALL_PURPOSE,123456789,"{""run_as"": {""email"": ""user13@example.com""}, ""actor_type"": ""user""}"
2026-02-08T09:00:00,2026-02-08T10:00:00,0.3275,ALL_PURPOSE,123456789,"{""run_as"": {""email"": ""user13@example.com""}, ""actor_type"": ""user""}"
2026-02-08T10:00:00,2026-02-08T11:00:00,0.1918,ALL_PURPOSE,123456789,"{""run_as"": {""email"": ""user13@example.com""}, ""actor_type"": ""user""}"
2026-02-08T11:00:00,2026-02-08T12:00:00,0.145,ALL_PURPOSE,123456789,"{""run_as"": {""email"": ""user13@example.com""}, ""actor_type"": ""user""}"
2026-02-08T12:00:00,2026-02-08T13:00:00,0.3559,ALL_PURPOSE,123456789,"{""run_as"": {""email"": ""user13@example.com""}, ""actor_type"": ""user""}"
2026-02-08T13:00:00,2026-02-08T14:00:00,0.3054,ALL_PURPOSE,123456789,"{""run_as"": {""email"": ""user13@example.com""}, ""actor_type"": ""user""}"
2026-02-08T14:00:00,2026-02-08T15:00:00,0.0,ALL_PURPOSE,123456789,"{""run_as"": {""email"": ""user13@example.com""}, ""actor_type"": ""user""}"
2026-02-08T15:00:00,2026-02-08T16:00:00,0.3258,ALL_PURPOSE,123456789,"{""run_as"": {""email"": ""user13@example.com""}, ""actor_type"": ""user""}"
2026-02-08T16:00:00,2026-02-08T17:00:00,0.0,ALL_PURPOSE,123456789,"{""run_as"": {""email"": ""user13@example.com""}, ""actor_type"": ""user""}"
2026-02-08T17:00:00,2026-02-08T18:00:00,0.0,ALL_PURPOSE,123456789,"{""run_as"": {""email"": ""user13@example.com""}, ""actor_type"": ""user""}"
2026-02-08T18:00:00,2026-02-08T19:00:00,0.0,ALL_PURPOSE,123456789,"{""run_as"": {""email"": ""user13@example.com""}, ""actor_type"": ""user""}"
2026-02-08T19:00:00,2026-02-08T20:00:00,0.2763,ALL_PURPOSE,123456789,"{""run_as"": {""email"": ""user13@example.com""}, ""actor_type"": ""user""}"
2026-02-08T20:00:00,2026-02-08T21:00:00,0.0311,ALL_PURPOSE,123456789,"{""run_as"": {""email"": ""user13@example.com""}, ""actor_type"": ""user""}"
2026-02-08T21:00:00,2026-02-08T22:00:00,0.0,ALL_PURPOSE,123456789,"{""run_as"": {""email"": ""user13@example.com""}, ""actor_type"": ""user""}"
2026-02-08T22:00:00,2026-02-08T23:00:00,0.0431,ALL_PURPOSE,123456789,"{""run_as"": {""email"": ""user13@example.com""}, ""actor_type"": ""user""}"
2026-02-08T23:00:00,2026-02-09T00:00:00,0.0,ALL_PURPOSE,123456789,"{""run_as"": {""email"": ""user13@example.com""}, ""actor_type"": ""user""}"
2026-02-09T00:00:00,2026-02-09T01:00:00,0.267,ALL_PURPOSE,123456789,"{""run_as"": {""email"": ""user13@example.com""}, ""actor_type"": ""user""}"
2026-02-09T01:00:00,2026-02-09T02:00:00,1.0989,ALL_PURPOSE,123456789,"{""run_as"": {""email"": ""user13@example.com""}, ""actor_type"": ""user""}"
2026-02-09T02:00:00,2026-02-09T03:00:00,0.8327,ALL_PURPOSE,123456789,"{""run_as"": {""email"": ""user13@example.com""}, ""actor_type"": ""user""}"
2026-02-09T03:00:00,2026-02-09T04:00:00,0.5919,ALL_PURPOSE,123456789,"{""run_as"": {""email"": ""user13@example.com""}, ""actor_type"": ""user""}"
2026-02-09T04:00:00,2026-02-09T05:00:00,0.0,ALL_PURPOSE,123456789,"{""run_as"": {""email"": ""user13@example.com""}, ""actor_type"": ""user""}"
2026-02-09T05:00:00,2026-02-09T06:00:00,0.4832,ALL_PURPOSE,123456789,"{""run_as"": {""email"": ""user13@example.com""}, ""actor_type"": ""user""}"
2026-02-09T06:00:00,2026-02-09T07:00:00,0.1127,ALL_PURPOSE,123456789,"{""run_as"": {""email"": ""user13@example.com""}, ""actor_type"": ""user""}"
2026-02-09T07:00:00,2026-02-09T08:00:00,0.2149,ALL_PURPOSE,123456789,"{""run_as"": {""email"": ""user13@example.com""}, ""actor_type"": ""user""}"
2026-02-09T08:00:00,2026-02-09T09:00:00,0.0395,ALL_PURPOSE,123456789,"{""run_as"": {""email"": ""user13@example.com""}, ""actor_type"": ""user""}"
2026-02-09T09:00:00,2026-02-09T10:00:00,0.2017,ALL_PURPOSE,123456789,"{""run_as"": {""email"": ""user13@example.com""}, ""actor_type"": ""user""}"
2026-02-09T10:00:00,2026-02-09T11:00:00,0.1466,ALL_PURPOSE,123456789,"{""run_as"": {""email"": ""user13@example.com""}, ""actor_type"": ""user""}"
2026-02-09T11:00:00,2026-02-09T12:00:00,0.1759,ALL_PURPOSE,123456789,"{""run_as"": {""email"": ""user13@example.com""}, ""actor_type"": ""user""}"
2026-02-09T12:00:00,2026-02-09T13:00:00,0.0723,ALL_PURPOSE,123456789,"{""run_as"": {""email"": ""user13@example.com""}, ""actor_type"": ""user""}"
2026-02-09T13:00:00,2026-02-09T14:00:00,0.1518,ALL_PURPOSE,123456789,"{""run_as"": {""email"": ""user13@example.com""}, ""actor_type"": ""user""}"
2026-02-09T14:00:00,2026-02-09T15:00:00,0.0,ALL_PURPOSE,123456789,"{""run_as"": {""email"": ""user13@example.com""}, ""actor_type"": ""user""}"
2026-02-09T15:00:00,2026-02-09T16:00:00,0.0,ALL_PURPOSE,123456789,"{""run_as"": {""email"": ""user13@example.com""}, ""actor_type"": ""user""}"
2026-02-09T16:00:00,2026-02-09T17:00:00,0.0,ALL_PURPOSE,123456789,"{""run_as"": {""email"": ""user13@example.com""}, ""actor_type"": ""user""}"
2026-02-09T17:00:00,2026-02-09T18:00:00,0.3049,ALL_PURPOSE,123456789,"{""run_as"": {""email"": ""user13@example.com""}, ""actor_type"": ""user""}"
2026-02-09T18:00:00,2026-02-09T19:00:00,0.0,ALL_PURPOSE,123456789,"{""run_as"": {""email"": ""user13@example.com""}, ""actor_type"": ""user""}"
2026-02-09T19:00:00,2026-02-09T20:00:00,0.0,ALL_PURPOSE,123456789,"{""run_as"": {""email"": ""user13@example.com""}, ""actor_type"": ""user""}"
2026-02-09T20:00:00,2026-02-09T21:00:00,0.1134,ALL_PURPOSE,123456789,"{""run_as"": {""email"": ""user13@example.com""}, ""actor_type"": ""user""}"
2026-02-02T21:00:00,2026-02-02T22:00:00,0.1248,ALL_PURPOSE,123456789,"{""run_as"": {""email"": ""user14@example.com""}, ""actor_type"": ""user""}"
2026-02-02T22:00:00,2026-02-02T23:00:00,0.1776,ALL_PURPOSE,123456789,"{""run_as"": {""email"": ""user14@example.com""}, ""actor_type"": ""user""}"
2026-02-02T23:00:00,2026-02-03T00:00:00,0.4909,ALL_PURPOSE,123456789,"{""run_as"": {""email"": ""user14@example.com""}, ""actor_type"": ""user""}"
2026-02-03T00:00:00,2026-02-03T01:00:00,0.1903,ALL_PURPOSE,123456789,"{""run_as"": {""email"": ""user14@example.com""}, ""actor_type"": ""user""}"
2026-02-03T01:00:00,2026-02-03T02:00:00,0.0,ALL_PURPOSE,123456789,"{""run_as"": {""email"": ""user14@example.com""}, ""actor_type"": ""user""}"
2026-02-03T02:00:00,2026-02-03T03:00:00,0.0,ALL_PURPOSE,123456789,"{""run_as"": {""email"": ""user14@example.com""}, ""actor_type"": ""user""}"
2026-02-03T03:00:00,2026-02-03T04:00:00,0.0573,ALL_PURPOSE,123456789,"{""run_as"": {""email"": ""user14@example.com""}, ""actor_type"": ""user""}"
2026-02-03T04:00:00,2026-02-03T05:00:00,0.0407,ALL_PURPOSE,123456789,"{""run_as"": {""email"": ""user14@example.com""}, ""actor_type"": ""user""}"
2026-02-03T05:00:00,2026-02-03T06:00:00,0.0259,ALL_PURPOSE,123456789,"{""run_as"": {""email"": ""user14@example.com""}, ""actor_type"": ""user""}"
2026-02-03T06:00:00,2026-02-03T07:00:00,0.238,ALL_PURPOSE,123456789,"{""run_as"": {""email"": ""user14@example.com""}, ""actor_type"": ""user""}"
2026-02-03T07:00:00,2026-02-03T08:00:00,0.0491,ALL_PURPOSE,123456789,"{""run_as"": {""email"": ""user14@example.com""}, ""actor_type"": ""user""}"
2026-02-03T08:00:00,2026-02-03T09:00:00,0.2901,ALL_PURPOSE,123456789,"{""run_as"": {""email"": ""user14@example.com""}, ""actor_type"": ""user""}"
2026-02-03T09:00:00,2026-02-03T10:00:00,0.2854,ALL_PURPOSE,123456789,"{""run_as"": {""email"": ""user14@example.com""}, ""actor_type"": ""user""}"
2026-02-03T10:00:00,2026-02-03T11:00:00,0.1092,ALL_PURPOSE,123456789,"{""run_as"": {""email"": ""user14@example.com""}, ""actor_type"": ""user""}"
2026-02-03T11:00:00,2026-02-03T12:00:00,0.2575,ALL_PURPOSE,123456789,"{""run_as"": {""email"": ""user14@example.com""}, ""actor_type"": ""user""}"
2026-02-03T12:00:00,2026-02-03T13:00:00,0.1903,ALL_PURPOSE,123456789,"{""run_as"": {""email"": ""user14@example.com""}, ""actor_type"": ""user""}"
2026-02-03T13:00:00,2026-02-03T14:00:00,0.1618,ALL_PURPOSE,123456789,"{""run_as"": {""email"": ""user14@example.com""}, ""actor_type"": ""user""}"
2026-02-03T14:00:00,2026-02-03T15:00:00,0.1116,ALL_PURPOSE,123456789,"{""run_as"": {""email"": ""user14@example.com""}, ""actor_type"": ""user""}"
2026-02-03T15:00:00,2026-02-03T16:00:00,0.0432,ALL_PURPOSE,123456789,"{""run_as"": {""email"": ""user14@example.com""}, ""actor_type"": ""user""}"
2026-02-03T16:00:00,2026-02-03T17:00:00,0.1989,ALL_PURPOSE,123456789,"{""run_as"": {""email"": ""user14@example.com""}, ""actor_type"": ""user""}"
2026-02-03T17:00:00,2026-02-03T18:00:00,0.0,ALL_PURPOSE,123456789,"{""run_as"": {""email"": ""user14@example.com""}, ""actor_type"": ""user""}"
2026-02-03T18:00:00,2026-02-03T19:00:00,0.0,ALL_PURPOSE,123456789,"{""run_as"": {""email"": ""user14@example.com""}, ""actor_type"": ""user""}"
2026-02-03T19:00:00,2026-02-03T20:00:00,0.2712,ALL_PURPOSE,123456789,"{""run_as"": {""email"": ""user14@example.com""}, ""actor_type"": ""user""}"
2026-02-03T20:00:00,2026-02-03T21:00:00,0.1531,ALL_PURPOSE,123456789,"{""run_as"": {""email"": ""user14@example.com""}, ""actor_type"": ""user""}"
2026-02-03T21:00:00,2026-02-03T22:00:00,0.0611,ALL_PURPOSE,123456789,"{""run_as"": {""email"": ""user14@example.com""}, ""actor_type"": ""user""}"
2026-02-03T22:00:00,2026-02-03T23:00:00,0.6647,ALL_PURPOSE,123456789,"{""run_as"": {""email"": ""user14@example.com""}, ""actor_type"": ""user""}"
2026-02-03T23:00:00,2026-02-04T00:00:00,0.8806,ALL_PURPOSE,123456789,"{""run_as"": {""email"": ""user14@example.com""}, ""actor_type"": ""user""}"
2026-02-04T00:00:00,2026-02-04T01:00:00,0.8064,ALL_PURPOSE,123456789,"{""run_as"": {""email"": ""user14@example.com""}, ""actor_type"": ""user""}"
2026-02-04T01:00:00,2026-02-04T02:00:00,0.7823,ALL_PURPOSE,123456789,"{""run_as"": {""email"": ""user14@example.com""}, ""actor_type"": ""user""}"
2026-02-04T02:00:00,2026-02-04T03:00:00,0.5169,ALL_PURPOSE,123456789,"{""run_as"": {""email"": ""user14@example.com""}, ""actor_type"": ""user""}"
2026-02-04T03:00:00,2026-02-04T04:00:00,0.0131,ALL_PURPOSE,123456789,"{""run_as"": {""email"": ""user14@example.com""}, ""actor_type"": ""user""}"
2026-02-04T04:00:00,2026-02-04T05:00:00,0.1212,ALL_PURPOSE,123456789,"{""run_as"": {""email"": ""user14@example.com""}, ""actor_type"": ""user""}"
2026-02-04T05:00:00,2026-02-04T06:00:00,0.0538,ALL_PURPOSE,123456789,"{""run_as"": {""email"": ""user14@example.com""}, ""actor_type"": ""user""}"
2026-02-04T06:00:00,2026-02-04T07:00:00,0.0438,ALL_PURPOSE,123456789,"{""run_as"": {""email"": ""user14@example.com""}, ""actor_type"": ""user""}"
2026-02-04T07:00:00,2026-02-04T08:00:00,0.264,ALL_PURPOSE,123456789,"{""run_as"": {""email"": ""user14@example.com""}, ""actor_type"": ""user""}"
2026-02-04T08:00:00,2026-02-04T09:00:00,0.2289,ALL_PURPOSE,123456789,"{""run_as"": {""email"": ""user14@example.com""}, ""actor_type"": ""user""}"
2026-02-04T09:00:00,2026-02-04T10:00:00,0.3417,ALL_PURPOSE,123456789,"{""run_as"": {""email"": ""user14@example.com""}, ""actor_type"": ""user""}"
2026-02-04T10:00:00,2026-02-04T11:00:00,0.1566,ALL_PURPOSE,123456789,"{""run_as"": {""email"": ""user14@example.com""}, ""actor_type"": ""user""}"
2026-02-04T11:00:00,2026-02-04T12:00:00,0.3883,ALL_PURPOSE,123456789,"{""run_as"": {""email"": ""user14@example.com""}, ""actor_type"": ""user""}"
2026-02-04T12:00:00,2026-02-04T13:00:00,0.1411,ALL_PURPOSE,123456789,"{""run_as"": {""email"": ""user14@example.com""}, ""actor_type"": ""user""}"
2026-02-04T13:00:00,2026-02-04T14:00:00,0.0,ALL_PURPOSE,123456789,"{""run_as"": {""email"": ""user14@example.com""}, ""actor_type"": ""user""}"
2026-02-04T14:00:00,2026-02-04T15:00:00,0.018,ALL_PURPOSE,123456789,"{""run_as"": {""email"": ""user14@example.com""}, ""actor_type"": ""user""}"
2026-02-04T15:00:00,2026-02-04T16:00:00,0.1396,ALL_PURPOSE,123456789,"{""run_as"": {""email"": ""user14@example.com""}, ""actor_type"": ""user""}"
2026-02-04T16:00:00,2026-02-04T17:00:00,0.0108,ALL_PURPOSE,123456789,"{""run_as"": {""email"": ""user14@example.com""}, ""actor_type"": ""user""}"
2026-02-04T17:00:00,2026-02-04T18:00:00,0.0,ALL_PURPOSE,123456789,"{""run_as"": {""email"": ""user14@example.com""}, ""actor_type"": ""user""}"
2026-02-04T18:00:00,2026-02-04T19:00:00,0.1381,ALL_PURPOSE,123456789,"{""run_as"": {""email"": ""user14@example.com""}, ""actor_type"": ""user""}"
2026-02-04T19:00:00,2026-02-04T20:00:00,0.1405,ALL_PURPOSE,123456789,"{""run_as"": {""email"": ""user14@example.com""}, ""actor_type"": ""user""}"
2026-02-04T20:00:00,2026-02-04T21:00:00,0.099,ALL_PURPOSE,123456789,"{""run_as"": {""email"": ""user14@example.com""}, ""actor_type"": ""user""}"
2026-02-04T21:00:00,2026-02-04T22:00:00,0.237,ALL_PURPOSE,123456789,"{""run_as"": {""email"": ""user14@example.com""}, ""actor_type"": ""user""}"
2026-02-04T22:00:00,2026-02-04T23:00:00,0.0,ALL_PURPOSE,123456789,"{""run_as"": {""email"": ""user14@example.com""}, ""actor_type"": ""user""}"
2026-02-04T23:00:00,2026-02-05T00:00:00,0.1304,ALL_PURPOSE,123456789,"{""run_as"": {""email"": ""user14@example.com""}, ""actor_type"": ""user""}"
2026-02-05T00:00:00,2026-02-05T01:00:00,0.2272,ALL_PURPOSE,123456789,"{""run_as"": {""email"": ""user14@example.com""}, ""actor_type"": ""user""}"
2026-02-05T01:00:00,2026-02-05T02:00:00,0.2784,ALL_PURPOSE,123456789,"{""run_as"": {""email"": ""user14@example.com""}, ""actor_type"": ""user""}"
2026-02-05T02:00:00,2026-02-05T03:00:00,0.1511,ALL_PURPOSE,123456789,"{""run_as"": {""email"": ""user14@example.com""}, ""actor_type"": ""user""}"
2026-02-05T03:00:00,2026-02-05T04:00:00,0.8959,ALL_PURPOSE,123456789,"{""run_as"": {""email"": ""user14@example.com""}, ""actor_type"": ""user""}"
2026-02-05T04:00:00,2026-02-05T05:00:00,0.2011,ALL_PURPOSE,123456789,"{""run_as"": {""email"": ""user14@example.com""}, ""actor_type"": ""user""}"
2026-02-05T05:00:00,2026-02-05T06:00:00,0.2459,ALL_PURPOSE,123456789,"{""run_as"": {""email"": ""user14@example.com""}, ""actor_type"": ""user""}"
2026-02-05T06:00:00,2026-02-05T07:00:00,0.1988,ALL_PURPOSE,123456789,"{""run_as"": {""email"": ""user14@example.com""}, ""actor_type"": ""user""}"
2026-02-05T07:00:00,2026-02-05T08:00:00,0.3149,ALL_PURPOSE,123456789,"{""run_as"": {""email"": ""user14@example.com""}, ""actor_type"": ""user""}"
2026-02-05T08:00:00,2026-02-05T09:00:00,0.2143,ALL_PURPOSE,123456789,"{""run_as"": {""email"": ""user14@example.com""}, ""actor_type"": ""user""}"
2026-02-05T09:00:00,2026-02-05T10:00:00,0.019,ALL_PURPOSE,123456789,"{""run_as"": {""email"": ""user14@example.com""}, ""actor_type"": ""user""}"
2026-02-05T10:00:00,2026-02-05T11:00:00,0.1608,ALL_PURPOSE,123456789,"{""run_as"": {""email"": ""user14@example.com""}, ""actor_type"": ""user""}"
2026-02-05T11:00:00,2026-02-05T12:00:00,0.0,ALL_PURPOSE,123456789,"{""run_as"": {""email"": ""user14@example.com""}, ""actor_type"": ""user""}"
2026-02-05T12:00:00,2026-02-05T13:00:00,0.0,ALL_PURPOSE,123456789,"{""run_as"": {""email"": ""user14@example.com""}, ""actor_type"": ""user""}"
2026-02-05T13:00:00,2026-02-05T14:00:00,0.0,ALL_PURPOSE,123456789,"{""run_as"": {""email"": ""user14@example.com""}, ""actor_type"": ""user""}"
2026-02-05T14:00:00,2026-02-05T15:00:00,0.3205,ALL_PURPOSE,123456789,"{""run_as"": {""email"": ""user14@example.com""}, ""actor_type"": ""user""}"
2026-02-05T15:00:00,2026-02-05T16:00:00,0.0839,ALL_PURPOSE,123456789,"{""run_as"": {""email"": ""user14@example.com""}, ""actor_type"": ""user""}"
2026-02-05T16:00:00,2026-02-05T17:00:00,0.2606,ALL_PURPOSE,123456789,"{""run_as"": {""email"": ""user14@example.com""}, ""actor_type"": ""user""}"
2026-02-05T17:00:00,2026-02-05T18:00:00,0.3217,ALL_PURPOSE,123456789,"{""run_as"": {""email"": ""user14@example.com""}, ""actor_type"": ""user""}"
2026-02-05T18:00:00,2026-02-05T19:00:00,0.216,ALL_PURPOSE,123456789,"{""run_as"": {""email"": ""user14@example.com""}, ""actor_type"": ""user""}"
2026-02-05T19:00:00,2026-02-05T20:00:00,0.1609,ALL_PURPOSE,123456789,"{""run_as"": {""email"": ""user14@example.com""}, ""actor_type"": ""user""}"
2026-02-05T20:00:00,2026-02-05T21:00:00,0.1813,ALL_PURPOSE,123456789,"{""run_as"": {""email"": ""user14@example.com""}, ""actor_type"": ""user""}"
2026-02-05T21:00:00,2026-02-05T22:00:00,0.0,ALL_PURPOSE,123456789,"{""run_as"": {""email"": ""user14@example.com""}, ""actor_type"": ""user""}"
2026-02-05T22:00:00,2026-02-05T23:00:00,0.2813,ALL_PURPOSE,123456789,"{""run_as"": {""email"": ""user14@example.com""}, ""actor_type"": ""user""}"
2026-02-05T23:00:00,2026-02-06T00:00:00,0.0852,ALL_PURPOSE,123456789,"{""run_as"": {""email"": ""user14@example.com""}, ""actor_type"": ""user""}"
2026-02-06T00:00:00,2026-02-06T01:00:00,0.1869,ALL_PURPOSE,123456789,"{""run_as"": {""email"": ""user14@example.com""}, ""actor_type"": ""user""}"
2026-02-06T01:00:00,2026-02-06T02:00:00,0.2458,ALL_PURPOSE,123456789,"{""run_as"": {""email"": ""user14@example.com""}, ""actor_type"": ""user""}"
2026-02-06T02:00:00,2026-02-06T03:00:00,0.2264,ALL_PURPOSE,123456789,"{""run_as"": {""email"": ""user14@example.com""}, ""actor_type"": ""user""}"
2026-02-06T03:00:00,2026-02-06T04:00:00,0.351,ALL_PURPOSE,123456789,"{""run_as"": {""email"": ""user14@example.com""}, ""actor_type"": ""user""}"
2026-02-06T04:00:00,2026-02-06T05:00:00,0.1201,ALL_PURPOSE,123456789,"{""run_as"": {""email"": ""user14@example.com""}, ""actor_type"": ""user""}"
2026-02-06T05:00:00,2026-02-06T06:00:00,0.5746,ALL_PURPOSE,123456789,"{""run_as"": {""email"": ""user14@example.com""}, ""actor_type"": ""user""}"
2026-02-06T06:00:00,2026-02-06T07:00:00,0.3295,ALL_PURPOSE,123456789,"{""run_as"": {""email"": ""user14@example.com""}, ""actor_type"": ""user""}"
2026-02-06T07:00:00,2026-02-06T08:00:00,0.1026,ALL_PURPOSE,123456789,"{""run_as"": {""email"": ""user14@example.com""}, ""actor_type"": ""user""}"
2026-02-06T08:00:00,2026-02-06T09:00:00,0.0,ALL_PURPOSE,123456789,"{""run_as"": {""email"": ""user14@example.com""}, ""actor_type"": ""user""}"
2026-02-06T09:00:00,2026-02-06T10:00:00,0.0768,ALL_PURPOSE,123456789,"{""run_as"": {""email"": ""user14@example.com""}, ""actor_type"": ""user""}"
2026-02-06T10:00:00,2026-02-06T11:00:00,0.3309,ALL_PURPOSE,123456789,"{""run_as"": {""email"": ""user14@example.com""}, ""actor_type"": ""user""}"
2026-02-06T11:00:00,2026-02-06T12:00:00,0.2239,ALL_PURPOSE,123456789,"{""run_as"": {""email"": ""user14@example.com""}, ""actor_type"": ""user""}"
2026-02-06T12:00:00,2026-02-06T13:00:00,0.0,ALL_PURPOSE,123456789,"{""run_as"": {""email"": ""user14@example.com""}, ""actor_type"": ""user""}"
2026-02-06T13:00:00,2026-02-06T14:00:00,0.0,ALL_PURPOSE,123456789,"{""run_as"": {""email"": ""user14@example.com""}, ""actor_type"": ""user""}"
2026-02-06T14:00:00,2026-02-06T15:00:00,0.1034,ALL_PURPOSE,123456789,"{""run_as"": {""email"": ""user14@example.com""}, ""actor_type"": ""user""}"
2026-02-06T15:00:00,2026-02-06T16:00:00,0.2635,ALL_PURPOSE,123456789,"{""run_as"": {""email"": ""user14@example.com""}, ""actor_type"": ""user""}"
2026-02-06T16:00:00,2026-02-06T17:00:00,0.341,ALL_PURPOSE,123456789,"{""run_as"": {""email"": ""user14@example.com""}, ""actor_type"": ""user""}"
2026-02-06T17:00:00,2026-02-06T18:00:00,0.0,ALL_PURPOSE,123456789,"{""run_as"": {""email"": ""user14@example.com""}, ""actor_type"": ""user""}"
2026-02-06T18:00:00,2026-02-06T19:00:00,0.0,ALL_PURPOSE,123456789,"{""run_as"": {""email"": ""user14@example.com""}, ""actor_type"": ""user""}"
2026-02-06T19:00:00,2026-02-06T20:00:00,0.2406,ALL_PURPOSE,123456789,"{""run_as"": {""email"": ""user14@example.com""}, ""actor_type"": ""user""}"
2026-02-06T20:00:00,2026-02-06T21:00:00,0.3602,ALL_PURPOSE,123456789,"{""run_as"": {""email"": ""user14@example.com""}, ""actor_type"": ""user""}"
2026-02-06T21:00:00,2026-02-06T22:00:00,0.1454,ALL_PURPOSE,123456789,"{""run_as"": {""email"": ""user14@example.com""}, ""actor_type"": ""user""}"
2026-02-06T22:00:00,2026-02-06T23:00:00,0.0361,ALL_PURPOSE,123456789,"{""run_as"": {""email"": ""user14@example.com""}, ""actor_type"": ""user""}"
2026-02-06T23:00:00,2026-02-07T00:00:00,0.6704,ALL_PURPOSE,123456789,"{""run_as"": {""email"": ""user14@example.com""}, ""actor_type"": ""user""}"
2026-02-07T00:00:00,2026-02-07T01:00:00,0.2088,ALL_PURPOSE,123456789,"{""run_as"": {""email"": ""user14@example.com""}, ""actor_type"": ""user""}"
2026-02-07T01:00:00,2026-02-07T02:00:00,1.0918,ALL_PURPOSE,123456789,"{""run_as"": {""email"": ""user14@example.com""}, ""actor_type"": ""user""}"
2026-02-07T02:00:00,2026-02-07T03:00:00,0.0489,ALL_PURPOSE,123456789,"{""run_as"": {""email"": ""user14@example.com""}, ""actor_type"": ""user""}"
2026-02-07T03:00:00,2026-02-07T04:00:00,0.2337,ALL_PURPOSE,123456789,"{""run_as"": {""email"": ""user14@example.com""}, ""actor_type"": ""user""}"
2026-02-07T04:00:00,2026-02-07T05:00:00,0.0,ALL_PURPOSE,123456789,"{""run_as"": {""email"": ""user14@example.com""}, ""actor_type"": ""user""}"
2026-02-07T05:00:00,2026-02-07T06:00:00,0.0701,ALL_PURPOSE,123456789,"{""run_as"": {""email"": ""user14@example.com""}, ""actor_type"": ""user""}"
2026-02-07T06:00:00,2026-02-07T07:00:00,0.1017,ALL_PURPOSE,123456789,"{""run_as"": {""email"": ""user14@example.com""}, ""actor_type"": ""user""}"
2026-02-07T07:00:00,2026-02-07T08:00:00,0.1961,ALL_PURPOSE,123456789,"{""run_as"": {""email"": ""user14@example.com""}, ""actor_type"": ""user""}"
2026-02-07T08:00:00,2026-02-07T09:00:00,0.3795,ALL_PURPOSE,123456789,"{""run_as"": {""email"": ""user14@example.com""}, ""actor_type"": ""user""}"
2026-02-07T09:00:00,2026-02-07T10:00:00,0.1695,ALL_PURPOSE,123456789,"{""run_as"": {""email"": ""user14@example.com""}, ""actor_type"": ""user""}"
2026-02-07T10:00:00,2026-02-07T11:00:00,0.3853,ALL_PURPOSE,123456789,"{""run_as"": {""email"": ""user14@example.com""}, ""actor_type"": ""user""}"
2026-02-07T11:00:00,2026-02-07T12:00:00,0.3748,ALL_PURPOSE,123456789,"{""run_as"": {""email"": ""user14@example.com""}, ""actor_type"": ""user""}"
2026-02-07T12:00:00,2026-02-07T13:00:00,0.2863,ALL_PURPOSE,123456789,"{""run_as"": {""email"": ""user14@example.com""}, ""actor_type"": ""user""}"
2026-02-07T13:00:00,2026-02-07T14:00:00,0.0084,ALL_PURPOSE,123456789,"{""run_as"": {""email"": ""user14@example.com""}, ""actor_type"": ""user""}"
2026-02-07T14:00:00,2026-02-07T15:00:00,0.2423,ALL_PURPOSE,123456789,"{""run_as"": {""email"": ""user14@example.com""}, ""actor_type"": ""user""}"
2026-02-07T15:00:00,2026-02-07T16:00:00,0.2649,ALL_PURPOSE,123456789,"{""run_as"": {""email"": ""user14@example.com""}, ""actor_type"": ""user""}"
2026-02-07T16:00:00,2026-02-07T17:00:00,0.2763,ALL_PURPOSE,123456789,"{""run_as"": {""email"": ""user14@example.com""}, ""actor_type"": ""user""}"
2026-02-07T17:00:00,2026-02-07T18:00:00,0.0959,ALL_PURPOSE,123456789,"{""run_as"": {""email"": ""user14@example.com""}, ""actor_type"": ""user""}"
2026-02-07T18:00:00,2026-02-07T19:00:00,0.1237,ALL_PURPOSE,123456789,"{""run_as"": {""email"": ""user14@example.com""}, ""actor_type"": ""user""}"
2026-02-07T19:00:00,2026-02-07T20:00:00,0.1451,ALL_PURPOSE,123456789,"{""run_as"": {""email"": ""user14@example.com""}, ""actor_type"": ""user""}"
2026-02-07T20:00:00,2026-02-07T21:00:00,0.0488,ALL_PURPOSE,123456789,"{""run_as"": {""email"": ""user14@example.com""}, ""actor_type"": ""user""}"
2026-02-07T21:00:00,2026-02-07T22:00:00,0.3431,ALL_PURPOSE,123456789,"{""run_as"": {""email"": ""user14@example.com""}, ""actor_type"": ""user""}"
2026-02-07T22:00:00,2026-02-07T23:00:00,0.3639,ALL_PURPOSE,123456789,"{""run_as"": {""email"": ""user14@example.com""}, ""actor_type"": ""user""}"
2026-02-07T23:00:00,2026-02-08T00:00:00,0.7781,ALL_PURPOSE,123456789,"{""run_as"": {""email"": ""user14@example.com""}, ""actor_type"": ""user""}"
2026-02-08T00:00:00,2026-02-08T01:00:00,0.0842,ALL_PURPOSE,123456789,"{""run_as"": {""email"": ""user14@example.com""}, ""actor_type"": ""user""}"
2026-02-08T01:00:00,2026-02-08T02:00:00,0.2525,ALL_PURPOSE,123456789,"{""run_as"": {""email"": ""user14@example.com""}, ""actor_type"": ""user""}"
2026-02-08T02:00:00,2026-02-08T03:00:00,0.869,ALL_PURPOSE,123456789,"{""run_as"": {""email"": ""user14@example.com""}, ""actor_type"": ""user""}"
2026-02-08T03:00:00,2026-02-08T04:00:00,0.3762,ALL_PURPOSE,123456789,"{""run_as"": {""email"": ""user14@example.com""}, ""actor_type"": ""user""}"
2026-02-08T04:00:00,2026-02-08T05:00:00,0.3365,ALL_PURPOSE,123456789,"{""run_as"": {""email"": ""user14@example.com""}, ""actor_type"": ""user""}"
2026-02-08T05:00:00,2026-02-08T06:00:00,0.3281,ALL_PURPOSE,123456789,"{""run_as"": {""email"": ""user14@example.com""}, ""actor_type"": ""user""}"
2026-02-08T06:00:00,2026-02-08T07:00:00,0.2025,ALL_PURPOSE,123456789,"{""run_as"": {""email"": ""user14@example.com""}, ""actor_type"": ""user""}"
2026-02-08T07:00:00,2026-02-08T08:00:00,0.2408,ALL_PURPOSE,123456789,"{""run_as"": {""email"": ""user14@example.com""}, ""actor_type"": ""user""}"
2026-02-08T08:00:00,2026-02-08T09:00:00,0.2951,ALL_PURPOSE,123456789,"{""run_as"": {""email"": ""user14@example.com""}, ""actor_type"": ""user""}"
2026-02-08T09:00:00,2026-02-08T10:00:00,0.0,ALL_PURPOSE,123456789,"{""run_as"": {""email"": ""user14@example.com""}, ""actor_type"": ""user""}"
2026-02-08T10:00:00,2026-02-08T11:00:00,0.2566,ALL_PURPOSE,123456789,"{""run_as"": {""email"": ""user14@example.com""}, ""actor_type"": ""user""}"
2026-02-08T11:00:00,2026-02-08T12:00:00,0.0,ALL_PURPOSE,123456789,"{""run_as"": {""email"": ""user14@example.com""}, ""actor_type"": ""user""}"
2026-02-08T12:00:00,2026-02-08T13:00:00,0.1603,ALL_PURPOSE,123456789,"{""run_as"": {""email"": ""user14@example.com""}, ""actor_type"": ""user""}"
2026-02-08T13:00:00,2026-02-08T14:00:00,0.0,ALL_PURPOSE,123456789,"{""run_as"": {""email"": ""user14@example.com""}, ""actor_type"": ""user""}"
2026-02-08T14:00:00,2026-02-08T15:00:00,0.0631,ALL_PURPOSE,123456789,"{""run_as"": {""email"": ""user14@example.com""}, ""actor_type"": ""user""}"
2026-02-08T15:00:00,2026-02-08T16:00:00,0.3879,ALL_PURPOSE,123456789,"{""run_as"": {""email"": ""user14@example.com""}, ""actor_type"": ""user""}"
2026-02-08T16:00:00,2026-02-08T17:00:00,0.3053,ALL_PURPOSE,123456789,"{""run_as"": {""email"": ""user14@example.com""}, ""actor_type"": ""user""}"
2026-02-08T17:00:00,2026-02-08T18:00:00,0.2743,ALL_PURPOSE,123456789,"{""run_as"": {""email"": ""user14@example.com""}, ""actor_type"": ""user""}"
2026-02-08T18:00:00,2026-02-08T19:00:00,0.1278,ALL_PURPOSE,123456789,"{""run_as"": {""email"": ""user14@example.com""}, ""actor_type"": ""user""}"
2026-02-08T19:00:00,2026-02-08T20:00:00,0.2941,ALL_PURPOSE,123456789,"{""run_as"": {""email"": ""user14@example.com""}, ""actor_type"": ""user""}"
2026-02-08T20:00:00,2026-02-08T21:00:00,0.275,ALL_PURPOSE,123456789,"{""run_as"": {""email"": ""user14@example.com""}, ""actor_type"": ""user""}"
2026-02-08T21:00:00,2026-02-08T22:00:00,0.3198,ALL_PURPOSE,123456789,"{""run_as"": {""email"": ""user14@example.com""}, ""actor_type"": ""user""}"
2026-02-08T22:00:00,2026-02-08T23:00:00,0.8793,ALL_PURPOSE,123456789,"{""run_as"": {""email"": ""user14@example.com""}, ""actor_type"": ""user""}"
2026-02-08T23:00:00,2026-02-09T00:00:00,1.1174,ALL_PURPOSE,123456789,"{""run_as"": {""email"": ""user14@example.com""}, ""actor_type"": ""user""}"
2026-02-09T00:00:00,2026-02-09T01:00:00,0.2588,ALL_PURPOSE,123456789,"{""run_as"": {""email"": ""user14@example.com""}, ""actor_type"": ""user""}"
2026-02-09T01:00:00,2026-02-09T02:00:00,0.9805,ALL_PURPOSE,123456789,"{""run_as"": {""email"": ""user14@example.com""}, ""actor_type"": ""user""}"
2026-02-09T02:00:00,2026-02-09T03:00:00,0.1604,ALL_PURPOSE,123456789,"{""run_as"": {""email"": ""user14@example.com""}, ""actor_type"": ""user""}"
2026-02-09T03:00:00,2026-02-09T04:00:00,0.0356,ALL_PURPOSE,123456789,"{""run_as"": {""email"": ""user14@example.com""}, ""actor_type"": ""user""}"
2026-02-09T04:00:00,2026-02-09T05:00:00,0.0469,ALL_PURPOSE,123456789,"{""run_as"": {""email"": ""user14@example.com""}, ""actor_type"": ""user""}"
2026-02-09T05:00:00,2026-02-09T06:00:00,0.368,ALL_PURPOSE,123456789,"{""run_as"": {""email"": ""user14@example.com""}, ""actor_type"": ""user""}"
2026-02-09T06:00:00,2026-02-09T07:00:00,0.0474,ALL_PURPOSE,123456789,"{""run_as"": {""email"": ""user14@example.com""}, ""actor_type"": ""user""}"
2026-02-09T07:00:00,2026-02-09T08:00:00,0.0762,ALL_PURPOSE,123456789,"{""run_as"": {""email"": ""user14@example.com""}, ""actor_type"": ""user""}"
2026-02-09T08:00:00,2026-02-09T09:00:00,0.3128,ALL_PURPOSE,123456789,"{""run_as"": {""email"": ""user14@example.com""}, ""actor_type"": ""user""}"
2026-02-09T09:00:00,2026-02-09T10:00:00,0.0,ALL_PURPOSE,123456789,"{""run_as"": {""email"": ""user14@example.com""}, ""actor_type"": ""user""}"
2026-02-09T10:00:00,2026-02-09T11:00:00,0.3425,ALL_PURPOSE,123456789,"{""run_as"": {""email"": ""user14@example.com""}, ""actor_type"": ""user""}"
2026-02-09T11:00:00,2026-02-09T12:00:00,0.3981,ALL_PURPOSE,123456789,"{""run_as"": {""email"": ""user14@example.com""}, ""actor_type"": ""user""}"
2026-02-09T12:00:00,2026-02-09T13:00:00,0.2709,ALL_PURPOSE,123456789,"{""run_as"": {""email"": ""user14@example.com""}, ""actor_type"": ""user""}"
2026-02-09T13:00:00,2026-02-09T14:00:00,0.0,ALL_PURPOSE,123456789,"{""run_as"": {""email"": ""user14@example.com""}, ""actor_type"": ""user""}"
2026-02-09T14:00:00,2026-02-09T15:00:00,0.1161,ALL_PURPOSE,123456789,"{""run_as"": {""email"": ""user14@example.com""}, ""actor_type"": ""user""}"
2026-02-09T15:00:00,2026-02-09T16:00:00,0.2471,ALL_PURPOSE,123456789,"{""run_as"": {""email"": ""user14@example.com""}, ""actor_type"": ""user""}"
2026-02-09T16:00:00,2026-02-09T17:00:00,0.1479,ALL_PURPOSE,123456789,"{""run_as"": {""email"": ""user14@example.com""}, ""actor_type"": ""user""}"
2026-02-09T17:00:00,2026-02-09T18:00:00,0.0,ALL_PURPOSE,123456789,"{""run_as"": {""email"": ""user14@example.com""}, ""actor_type"": ""user""}"
2026-02-09T18:00:00,2026-02-09T19:00:00,0.0533,ALL_PURPOSE,123456789,"{""run_as"": {""email"": ""user14@example.com""}, ""actor_type"": ""user""}"
2026-02-09T19:00:00,2026-02-09T20:00:00,0.2772,ALL_PURPOSE,123456789,"{""run_as"": {""email"": ""user14@example.com""}, ""actor_type"": ""user""}"
2026-02-09T20:00:00,2026-02-09T21:00:00,0.2853,ALL_PURPOSE,123456789,"{""run_as"": {""email"": ""user14@example.com""}, ""actor_type"": ""user""}"
2026-02-02T21:00:00,2026-02-02T22:00:00,0.2944,ALL_PURPOSE,123456789,"{""run_as"": {""email"": ""user15@example.com""}, ""actor_type"": ""user""}"
2026-02-02T22:00:00,2026-02-02T23:00:00,0.3711,ALL_PURPOSE,123456789,"{""run_as"": {""email"": ""user15@example.com""}, ""actor_type"": ""user""}"
2026-02-02T23:00:00,2026-02-03T00:00:00,0.3633,ALL_PURPOSE,123456789,"{""run_as"": {""email"": ""user15@example.com""}, ""actor_type"": ""user""}"
2026-02-03T00:00:00,2026-02-03T01:00:00,0.3869,ALL_PURPOSE,123456789,"{""run_as"": {""email"": ""user15@example.com""}, ""actor_type"": ""user""}"
2026-02-03T01:00:00,2026-02-03T02:00:00,0.552,ALL_PURPOSE,123456789,"{""run_as"": {""email"": ""user15@example.com""}, ""actor_type"": ""user""}"
2026-02-03T02:00:00,2026-02-03T03:00:00,0.1579,ALL_PURPOSE,123456789,"{""run_as"": {""email"": ""user15@example.com""}, ""actor_type"": ""user""}"
2026-02-03T03:00:00,2026-02-03T04:00:00,0.2238,ALL_PURPOSE,123456789,"{""run_as"": {""email"": ""user15@example.com""}, ""actor_type"": ""user""}"
2026-02-03T04:00:00,2026-02-03T05:00:00,0.2015,ALL_PURPOSE,123456789,"{""run_as"": {""email"": ""user15@example.com""}, ""actor_type"": ""user""}"
2026-02-03T05:00:00,2026-02-03T06:00:00,0.0,ALL_PURPOSE,123456789,"{""run_as"": {""email"": ""user15@example.com""}, ""actor_type"": ""user""}"
2026-02-03T06:00:00,2026-02-03T07:00:00,0.0,ALL_PURPOSE,123456789,"{""run_as"": {""email"": ""user15@example.com""}, ""actor_type"": ""user""}"
2026-02-03T07:00:00,2026-02-03T08:00:00,0.0511,ALL_PURPOSE,123456789,"{""run_as"": {""email"": ""user15@example.com""}, ""actor_type"": ""user""}"
2026-02-03T08:00:00,2026-02-03T09:00:00,0.3339,ALL_PURPOSE,123456789,"{""run_as"": {""email"": ""user15@example.com""}, ""actor_type"": ""user""}"
2026-02-03T09:00:00,2026-02-03T10:00:00,0.3705,ALL_PURPOSE,123456789,"{""run_as"": {""email"": ""user15@example.com""}, ""actor_type"": ""user""}"
2026-02-03T10:00:00,2026-02-03T11:00:00,0.3508,ALL_PURPOSE,123456789,"{""run_as"": {""email"": ""user15@example.com""}, ""actor_type"": ""user""}"
2026-02-03T11:00:00,2026-02-03T12:00:00,0.3046,ALL_PURPOSE,123456789,"{""run_as"": {""email"": ""user15@example.com""}, ""actor_type"": ""user""}"
2026-02-03T12:00:00,2026-02-03T13:00:00,0.1252,ALL_PURPOSE,123456789,"{""run_as"": {""email"": ""user15@example.com""}, ""actor_type"": ""user""}"
2026-02-03T13:00:00,2026-02-03T14:00:00,0.1262,ALL_PURPOSE,123456789,"{""run_as"": {""email"": ""user15@example.com""}, ""actor_type"": ""user""}"
2026-02-03T14:00:00,2026-02-03T15:00:00,0.3055,ALL_PURPOSE,123456789,"{""run_as"": {""email"": ""user15@example.com""}, ""actor_type"": ""user""}"
2026-02-03T15:00:00,2026-02-03T16:00:00,0.3412,ALL_PURPOSE,123456789,"{""run_as"": {""email"": ""user15@example.com""}, ""actor_type"": ""user""}"
2026-02-03T16:00:00,2026-02-03T17:00:00,0.0,ALL_PURPOSE,123456789,"{""run_as"": {""email"": ""user15@example.com""}, ""actor_type"": ""user""}"
2026-02-03T17:00:00,2026-02-03T18:00:00,0.0594,ALL_PURPOSE,123456789,"{""run_as"": {""email"": ""user15@example.com""}, ""actor_type"": ""user""}"
2026-02-03T18:00:00,2026-02-03T19:00:00,0.0143,ALL_PURPOSE,123456789,"{""run_as"": {""email"": ""user15@example.com""}, ""actor_type"": ""user""}"
2026-02-03T19:00:00,2026-02-03T20:00:00,0.2824,ALL_PURPOSE,123456789,"{""run_as"": {""email"": ""user15@example.com""}, ""actor_type"": ""user""}"
2026-02-03T20:00:00,2026-02-03T21:00:00,0.3981,ALL_PURPOSE,123456789,"{""run_as"": {""email"": ""user15@example.com""}, ""actor_type"": ""user""}"
2026-02-03T21:00:00,2026-02-03T22:00:00,0.0163,ALL_PURPOSE,123456789,"{""run_as"": {""email"": ""user15@example.com""}, ""actor_type"": ""user""}"
2026-02-03T22:00:00,2026-02-03T23:00:00,0.2836,ALL_PURPOSE,123456789,"{""run_as"": {""email"": ""user15@example.com""}, ""actor_type"": ""user""}"
2026-02-03T23:00:00,2026-02-04T00:00:00,0.0,ALL_PURPOSE,123456789,"{""run_as"": {""email"": ""user15@example.com""}, ""actor_type"": ""user""}"
2026-02-04T00:00:00,2026-02-04T01:00:00,0.0374,ALL_PURPOSE,123456789,"{""run_as"": {""email"": ""user15@example.com""}, ""actor_type"": ""user""}"
2026-02-04T01:00:00,2026-02-04T02:00:00,0.0673,ALL_PURPOSE,123456789,"{""run_as"": {""email"": ""user15@example.com""}, ""actor_type"": ""user""}"
2026-02-04T02:00:00,2026-02-04T03:00:00,0.3564,ALL_PURPOSE,123456789,"{""run_as"": {""email"": ""user15@example.com""}, ""actor_type"": ""user""}"
2026-02-04T03:00:00,2026-02-04T04:00:00,0.3887,ALL_PURPOSE,123456789,"{""run_as"": {""email"": ""user15@example.com""}, ""actor_type"": ""user""}"
2026-02-04T04:00:00,2026-02-04T05:00:00,0.8043,ALL_PURPOSE,123456789,"{""run_as"": {""email"": ""user15@example.com""}, ""actor_type"": ""user""}"
2026-02-04T05:00:00,2026-02-04T06:00:00,0.9319,ALL_PURPOSE,123456789,"{""run_as"": {""email"": ""user15@example.com""}, ""actor_type"": ""user""}"
2026-02-04T06:00:00,2026-02-04T07:00:00,0.1577,ALL_PURPOSE,123456789,"{""run_as"": {""email"": ""user15@example.com""}, ""actor_type"": ""user""}"
2026-02-04T07:00:00,2026-02-04T08:00:00,0.3805,ALL_PURPOSE,123456789,"{""run_as"": {""email"": ""user15@example.com""}, ""actor_type"": ""user""}"
2026-02-04T08:00:00,2026-02-04T09:00:00,0.0,ALL_PURPOSE,123456789,"{""run_as"": {""email"": ""user15@example.com""}, ""actor_type"": ""user""}"
2026-02-04T09:00:00,2026-02-04T10:00:00,0.3323,ALL_PURPOSE,123456789,"{""run_as"": {""email"": ""user15@example.com""}, ""actor_type"": ""user""}"
2026-02-04T10:00:00,2026-02-04T11:00:00,0.1816,ALL_PURPOSE,123456789,"{""run_as"": {""email"": ""user15@example.com""}, ""actor_type"": ""user""}"
2026-02-04T11:00:00,2026-02-04T12:00:00,0.0,ALL_PURPOSE,123456789,"{""run_as"": {""email"": ""user15@example.com""}, ""actor_type"": ""user""}"
2026-02-04T12:00:00,2026-02-04T13:00:00,0.3879,ALL_PURPOSE,123456789,"{""run_as"": {""email"": ""user15@example.com""}, ""actor_type"": ""user""}"
2026-02-04T13:00:00,2026-02-04T14:00:00,0.3804,ALL_PURPOSE,123456789,"{""run_as"": {""email"": ""user15@example.com""}, ""actor_type"": ""user""}"
2026-02-04T14:00:00,2026-02-04T15:00:00,0.2926,ALL_PURPOSE,123456789,"{""run_as"": {""email"": ""user15@example.com""}, ""actor_type"": ""user""}"
2026-02-04T15:00:00,2026-02-04T16:00:00,0.383,ALL_PURPOSE,123456789,"{""run_as"": {""email"": ""user15@example.com""}, ""actor_type"": ""user""}"
2026-02-04T16:00:00,2026-02-04T17:00:00,0.0,ALL_PURPOSE,123456789,"{""run_as"": {""email"": ""user15@example.com""}, ""actor_type"": ""user""}"
2026-02-04T17:00:00,2026-02-04T18:00:00,0.2575,ALL_PURPOSE,123456789,"{""run_as"": {""email"": ""user15@example.com""}, ""actor_type"": ""user""}"
2026-02-04T18:00:00,2026-02-04T19:00:00,0.0,ALL_PURPOSE,123456789,"{""run_as"": {""email"": ""user15@example.com""}, ""actor_type"": ""user""}"
2026-02-04T19:00:00,2026-02-04T20:00:00,0.3808,ALL_PURPOSE,123456789,"{""run_as"": {""email"": ""user15@example.com""}, ""actor_type"": ""user""}"
2026-02-04T20:00:00,2026-02-04T21:00:00,0.1595,ALL_PURPOSE,123456789,"{""run_as"": {""email"": ""user15@example.com""}, ""actor_type"": ""user""}"
2026-02-04T21:00:00,2026-02-04T22:00:00,0.386,ALL_PURPOSE,123456789,"{""run_as"": {""email"": ""user15@example.com""}, ""actor_type"": ""user""}"
2026-02-04T22:00:00,2026-02-04T23:00:00,0.0357,ALL_PURPOSE,123456789,"{""run_as"": {""email"": ""user15@example.com""}, ""actor_type"": ""user""}"
2026-02-04T23:00:00,2026-02-05T00:00:00,0.9386,ALL_PURPOSE,123456789,"{""run_as"": {""email"": ""user15@example.com""}, ""actor_type"": ""user""}"
2026-02-05T00:00:00,2026-02-05T01:00:00,0.0482,ALL_PURPOSE,123456789,"{""run_as"": {""email"": ""user15@example.com""}, ""actor_type"": ""user""}"
2026-02-05T01:00:00,2026-02-05T02:00:00,0.0,ALL_PURPOSE,123456789,"{""run_as"": {""email"": ""user15@example.com""}, ""actor_type"": ""user""}"
2026-02-05T02:00:00,2026-02-05T03:00:00,0.2662,ALL_PURPOSE,123456789,"{""run_as"": {""email"": ""user15@example.com""}, ""actor_type"": ""user""}"
2026-02-05T03:00:00,2026-02-05T04:00:00,0.1958,ALL_PURPOSE,123456789,"{""run_as"": {""email"": ""user15@example.com""}, ""actor_type"": ""user""}"
2026-02-05T04:00:00,2026-02-05T05:00:00,0.2252,ALL_PURPOSE,123456789,"{""run_as"": {""email"": ""user15@example.com""}, ""actor_type"": ""user""}"
2026-02-05T05:00:00,2026-02-05T06:00:00,0.3244,ALL_PURPOSE,123456789,"{""run_as"": {""email"": ""user15@example.com""}, ""actor_type"": ""user""}"
2026-02-05T06:00:00,2026-02-05T07:00:00,0.0,ALL_PURPOSE,123456789,"{""run_as"": {""email"": ""user15@example.com""}, ""actor_type"": ""user""}"
2026-02-05T07:00:00,2026-02-05T08:00:00,0.1367,ALL_PURPOSE,123456789,"{""run_as"": {""email"": ""user15@example.com""}, ""actor_type"": ""user""}"
2026-02-05T08:00:00,2026-02-05T09:00:00,0.0897,ALL_PURPOSE,123456789,"{""run_as"": {""email"": ""user15@example.com""}, ""actor_type"": ""user""}"
2026-02-05T09:00:00,2026-02-05T10:00:00,0.062,ALL_PURPOSE,123456789,"{""run_as"": {""email"": ""user15@example.com""}, ""actor_type"": ""user""}"
2026-02-05T10:00:00,2026-02-05T11:00:00,0.2518,ALL_PURPOSE,123456789,"{""run_as"": {""email"": ""user15@example.com""}, ""actor_type"": ""user""}"
2026-02-05T11:00:00,2026-02-05T12:00:00,0.1163,ALL_PURPOSE,123456789,"{""run_as"": {""email"": ""user15@example.com""}, ""actor_type"": ""user""}"
2026-02-05T12:00:00,2026-02-05T13:00:00,0.3629,ALL_PURPOSE,123456789,"{""run_as"": {""email"": ""user15@example.com""}, ""actor_type"": ""user""}"
2026-02-05T13:00:00,2026-02-05T14:00:00,0.0,ALL_PURPOSE,123456789,"{""run_as"": {""email"": ""user15@example.com""}, ""actor_type"": ""user""}"
2026-02-05T14:00:00,2026-02-05T15:00:00,0.3612,ALL_PURPOSE,123456789,"{""run_as"": {""email"": ""user15@example.com""}, ""actor_type"": ""user""}"
2026-02-05T15:00:00,2026-02-05T16:00:00,0.2092,ALL_PURPOSE,123456789,"{""run_as"": {""email"": ""user15@example.com""}, ""actor_type"": ""user""}"
2026-02-05T16:00:00,2026-02-05T17:00:00,0.0,ALL_PURPOSE,123456789,"{""run_as"": {""email"": ""user15@example.com""}, ""actor_type"": ""user""}"
2026-02-05T17:00:00,2026-02-05T18:00:00,0.0,ALL_PURPOSE,123456789,"{""run_as"": {""email"": ""user15@example.com""}, ""actor_type"": ""user""}"
2026-02-05T18:00:00,2026-02-05T19:00:00,0.0,ALL_PURPOSE,123456789,"{""run_as"": {""email"": ""user15@example.com""}, ""actor_type"": ""user""}"
2026-02-05T19:00:00,2026-02-05T20:00:00,0.2643,ALL_PURPOSE,123456789,"{""run_as"": {""email"": ""user15@example.com""}, ""actor_type"": ""user""}"
2026-02-05T20:00:00,2026-02-05T21:00:00,0.1014,ALL_PURPOSE,123456789,"{""run_as"": {""email"": ""user15@example.com""}, ""actor_type"": ""user""}"
2026-02-05T21:00:00,2026-02-05T22:00:00,0.0327,ALL_PURPOSE,123456789,"{""run_as"": {""email"": ""user15@example.com""}, ""actor_type"": ""user""}"
2026-02-05T22:00:00,2026-02-05T23:00:00,0.0456,ALL_PURPOSE,123456789,"{""run_as"": {""email"": ""user15@example.com""}, ""actor_type"": ""user""}"
2026-02-05T23:00:00,2026-02-06T00:00:00,0.0,ALL_PURPOSE,123456789,"{""run_as"": {""email"": ""user15@example.com""}, ""actor_type"": ""user""}"
2026-02-06T00:00:00,2026-02-06T01:00:00,0.8617,ALL_PURPOSE,123456789,"{""run_as"": {""email"": ""user15@example.com""}, ""actor_type"": ""user""}"
2026-02-06T01:00:00,2026-02-06T02:00:00,0.2681,ALL_PURPOSE,123456789,"{""run_as"": {""email"": ""user15@example.com""}, ""actor_type"": ""user""}"
2026-02-06T02:00:00,2026-02-06T03:00:00,0.3867,ALL_PURPOSE,123456789,"{""run_as"": {""email"": ""user15@example.com""}, ""actor_type"": ""user""}"
2026-02-06T03:00:00,2026-02-06T04:00:00,0.074,ALL_PURPOSE,123456789,"{""run_as"": {""email"": ""user15@example.com""}, ""actor_type"": ""user""}"
2026-02-06T04:00:00,2026-02-06T05:00:00,0.0,ALL_PURPOSE,123456789,"{""run_as"": {""email"": ""user15@example.com""}, ""actor_type"": ""user""}"
2026-02-06T05:00:00,2026-02-06T06:00:00,0.4807,ALL_PURPOSE,123456789,"{""run_as"": {""email"": ""user15@example.com""}, ""actor_type"": ""user""}"
2026-02-06T06:00:00,2026-02-06T07:00:00,0.3475,ALL_PURPOSE,123456789,"{""run_as"": {""email"": ""user15@example.com""}, ""actor_type"": ""user""}"
2026-02-06T07:00:00,2026-02-06T08:00:00,0.2408,ALL_PURPOSE,123456789,"{""run_as"": {""email"": ""user15@example.com""}, ""actor_type"": ""user""}"
2026-02-06T08:00:00,2026-02-06T09:00:00,0.2474,ALL_PURPOSE,123456789,"{""run_as"": {""email"": ""user15@example.com""}, ""actor_type"": ""user""}"
2026-02-06T09:00:00,2026-02-06T10:00:00,0.1443,ALL_PURPOSE,123456789,"{""run_as"": {""email"": ""user15@example.com""}, ""actor_type"": ""user""}"
2026-02-06T10:00:00,2026-02-06T11:00:00,0.2761,ALL_PURPOSE,123456789,"{""run_as"": {""email"": ""user15@example.com""}, ""actor_type"": ""user""}"
2026-02-06T11:00:00,2026-02-06T12:00:00,0.0,ALL_PURPOSE,123456789,"{""run_as"": {""email"": ""user15@example.com""}, ""actor_type"": ""user""}"
2026-02-06T12:00:00,2026-02-06T13:00:00,0.0,ALL_PURPOSE,123456789,"{""run_as"": {""email"": ""user15@example.com""}, ""actor_type"": ""user""}"
2026-02-06T13:00:00,2026-02-06T14:00:00,0.0064,ALL_PURPOSE,123456789,"{""run_as"": {""email"": ""user15@example.com""}, ""actor_type"": ""user""}"
2026-02-06T14:00:00,2026-02-06T15:00:00,0.3436,ALL_PURPOSE,123456789,"{""run_as"": {""email"": ""user15@example.com""}, ""actor_type"": ""user""}"
2026-02-06T15:00:00,2026-02-06T16:00:00,0.2594,ALL_PURPOSE,123456789,"{""run_as"": {""email"": ""user15@example.com""}, ""actor_type"": ""user""}"
2026-02-06T16:00:00,2026-02-06T17:00:00,0.1743,ALL_PURPOSE,123456789,"{""run_as"": {""email"": ""user15@example.com""}, ""actor_type"": ""user""}"
2026-02-06T17:00:00,2026-02-06T18:00:00,0.316,ALL_PURPOSE,123456789,"{""run_as"": {""email"": ""user15@example.com""}, ""actor_type"": ""user""}"
2026-02-06T18:00:00,2026-02-06T19:00:00,0.1204,ALL_PURPOSE,123456789,"{""run_as"": {""email"": ""user15@example.com""}, ""actor_type"": ""user""}"
2026-02-06T19:00:00,2026-02-06T20:00:00,0.0,ALL_PURPOSE,123456789,"{""run_as"": {""email"": ""user15@example.com""}, ""actor_type"": ""user""}"
2026-02-06T20:00:00,2026-02-06T21:00:00,0.0664,ALL_PURPOSE,123456789,"{""run_as"": {""email"": ""user15@example.com""}, ""actor_type"": ""user""}"
2026-02-06T21:00:00,2026-02-06T22:00:00,0.281,ALL_PURPOSE,123456789,"{""run_as"": {""email"": ""user15@example.com""}, ""actor_type"": ""user""}"
2026-02-06T22:00:00,2026-02-06T23:00:00,0.1886,ALL_PURPOSE,123456789,"{""run_as"": {""email"": ""user15@example.com""}, ""actor_type"": ""user""}"
2026-02-06T23:00:00,2026-02-07T00:00:00,0.0805,ALL_PURPOSE,123456789,"{""run_as"": {""email"": ""user15@example.com""}, ""actor_type"": ""user""}"
2026-02-07T00:00:00,2026-02-07T01:00:00,0.5617,ALL_PURPOSE,123456789,"{""run_as"": {""email"": ""user15@example.com""}, ""actor_type"": ""user""}"
2026-02-07T01:00:00,2026-02-07T02:00:00,0.3918,ALL_PURPOSE,123456789,"{""run_as"": {""email"": ""user15@example.com""}, ""actor_type"": ""user""}"
2026-02-07T02:00:00,2026-02-07T03:00:00,0.2383,ALL_PURPOSE,123456789,"{""run_as"": {""email"": ""user15@example.com""}, ""actor_type"": ""user""}"
2026-02-07T03:00:00,2026-02-07T04:00:00,0.195,ALL_PURPOSE,123456789,"{""run_as"": {""email"": ""user15@example.com""}, ""actor_type"": ""user""}"
2026-02-07T04:00:00,2026-02-07T05:00:00,0.2446,ALL_PURPOSE,123456789,"{""run_as"": {""email"": ""user15@example.com""}, ""actor_type"": ""user""}"
2026-02-07T05:00:00,2026-02-07T06:00:00,0.1952,ALL_PURPOSE,123456789,"{""run_as"": {""email"": ""user15@example.com""}, ""actor_type"": ""user""}"
2026-02-07T06:00:00,2026-02-07T07:00:00,0.1688,ALL_PURPOSE,123456789,"{""run_as"": {""email"": ""user15@example.com""}, ""actor_type"": ""user""}"
2026-02-07T07:00:00,2026-02-07T08:00:00,0.0254,ALL_PURPOSE,123456789,"{""run_as"": {""email"": ""user15@example.com""}, ""actor_type"": ""user""}"
2026-02-07T08:00:00,2026-02-07T09:00:00,0.1669,ALL_PURPOSE,123456789,"{""run_as"": {""email"": ""user15@example.com""}, ""actor_type"": ""user""}"
2026-02-07T09:00:00,2026-02-07T10:00:00,0.1979,ALL_PURPOSE,123456789,"{""run_as"": {""email"": ""user15@example.com""}, ""actor_type"": ""user""}"
2026-02-07T10:00:00,2026-02-07T11:00:00,0.1387,ALL_PURPOSE,123456789,"{""run_as"": {""email"": ""user15@example.com""}, ""actor_type"": ""user""}"
2026-02-07T11:00:00,2026-02-07T12:00:00,0.0083,ALL_PURPOSE,123456789,"{""run_as"": {""email"": ""user15@example.com""}, ""actor_type"": ""user""}"
2026-02-07T12:00:00,2026-02-07T13:00:00,0.0769,ALL_PURPOSE,123456789,"{""run_as"": {""email"": ""user15@example.com""}, ""actor_type"": ""user""}"
2026-02-07T13:00:00,2026-02-07T14:00:00,0.0928,ALL_PURPOSE,123456789,"{""run_as"": {""email"": ""user15@example.com""}, ""actor_type"": ""user""}"
2026-02-07T14:00:00,2026-02-07T15:00:00,0.3636,ALL_PURPOSE,123456789,"{""run_as"": {""email"": ""user15@example.com""}, ""actor_type"": ""user""}"
2026-02-07T15:00:00,2026-02-07T16:00:00,0.2408,ALL_PURPOSE,123456789,"{""run_as"": {""email"": ""user15@example.com""}, ""actor_type"": ""user""}"
2026-02-07T16:00:00,2026-02-07T17:00:00,0.0,ALL_PURPOSE,123456789,"{""run_as"": {""email"": ""user15@example.com""}, ""actor_type"": ""user""}"
2026-02-07T17:00:00,2026-02-07T18:00:00,0.1174,ALL_PURPOSE,123456789,"{""run_as"": {""email"": ""user15@example.com""}, ""actor_type"": ""user""}"
2026-02-07T18:00:00,2026-02-07T19:00:00,0.3839,ALL_PURPOSE,123456789,"{""run_as"": {""email"": ""user15@example.com""}, ""actor_type"": ""user""}"
2026-02-07T19:00:00,2026-02-07T20:00:00,0.2692,ALL_PURPOSE,123456789,"{""run_as"": {""email"": ""user15@example.com""}, ""actor_type"": ""user""}"
2026-02-07T20:00:00,2026-02-07T21:00:00,0.3184,ALL_PURPOSE,123456789,"{""run_as"": {""email"": ""user15@example.com""}, ""actor_type"": ""user""}"
2026-02-07T21:00:00,2026-02-07T22:00:00,0.3378,ALL_PURPOSE,123456789,"{""run_as"": {""email"": ""user15@example.com""}, ""actor_type"": ""user""}"
2026-02-07T22:00:00,2026-02-07T23:00:00,0.113,ALL_PURPOSE,123456789,"{""run_as"": {""email"": ""user15@example.com""}, ""actor_type"": ""user""}"
2026-02-07T23:00:00,2026-02-08T00:00:00,0.0,ALL_PURPOSE,123456789,"{""run_as"": {""email"": ""user15@example.com""}, ""actor_type"": ""user""}"
2026-02-08T00:00:00,2026-02-08T01:00:00,0.1664,ALL_PURPOSE,123456789,"{""run_as"": {""email"": ""user15@example.com""}, ""actor_type"": ""user""}"
2026-02-08T01:00:00,2026-02-08T02:00:00,0.1965,ALL_PURPOSE,123456789,"{""run_as"": {""email"": ""user15@example.com""}, ""actor_type"": ""user""}"
2026-02-08T02:00:00,2026-02-08T03:00:00,0.8224,ALL_PURPOSE,123456789,"{""run_as"": {""email"": ""user15@example.com""}, ""actor_type"": ""user""}"
2026-02-08T03:00:00,2026-02-08T04:00:00,0.4142,ALL_PURPOSE,123456789,"{""run_as"": {""email"": ""user15@example.com""}, ""actor_type"": ""user""}"
2026-02-08T04:00:00,2026-02-08T05:00:00,0.3288,ALL_PURPOSE,123456789,"{""run_as"": {""email"": ""user15@example.com""}, ""actor_type"": ""user""}"
2026-02-08T05:00:00,2026-02-08T06:00:00,0.8565,ALL_PURPOSE,123456789,"{""run_as"": {""email"": ""user15@example.com""}, ""actor_type"": ""user""}"
2026-02-08T06:00:00,2026-02-08T07:00:00,0.0605,ALL_PURPOSE,123456789,"{""run_as"": {""email"": ""user15@example.com""}, ""actor_type"": ""user""}"
2026-02-08T07:00:00,2026-02-08T08:00:00,0.2062,ALL_PURPOSE,123456789,"{""run_as"": {""email"": ""user15@example.com""}, ""actor_type"": ""user""}"
2026-02-08T08:00:00,2026-02-08T09:00:00,0.2826,ALL_PURPOSE,123456789,"{""run_as"": {""email"": ""user15@example.com""}, ""actor_type"": ""user""}"
2026-02-08T09:00:00,2026-02-08T10:00:00,0.1751,ALL_PURPOSE,123456789,"{""run_as"": {""email"": ""user15@example.com""}, ""actor_type"": ""user""}"
2026-02-08T10:00:00,2026-02-08T11:00:00,0.0,ALL_PURPOSE,123456789,"{""run_as"": {""email"": ""user15@example.com""}, ""actor_type"": ""user""}"
2026-02-08T11:00:00,2026-02-08T12:00:00,0.0424,ALL_PURPOSE,123456789,"{""run_as"": {""email"": ""user15@example.com""}, ""actor_type"": ""user""}"
2026-02-08T12:00:00,2026-02-08T13:00:00,0.3129,ALL_PURPOSE,123456789,"{""run_as"": {""email"": ""user15@example.com""}, ""actor_type"": ""user""}"
2026-02-08T13:00:00,2026-02-08T14:00:00,0.0,ALL_PURPOSE,123456789,"{""run_as"": {""email"": ""user15@example.com""}, ""actor_type"": ""user""}"
2026-02-08T14:00:00,2026-02-08T15:00:00,0.0422,ALL_PURPOSE,123456789,"{""run_as"": {""email"": ""user15@example.com""}, ""actor_type"": ""user""}"
2026-02-08T15:00:00,2026-02-08T16:00:00,0.3483,ALL_PURPOSE,123456789,"{""run_as"": {""email"": ""user15@example.com""}, ""actor_type"": ""user""}"
2026-02-08T16:00:00,2026-02-08T17:00:00,0.0628,ALL_PURPOSE,123456789,"{""run_as"": {""email"": ""user15@example.com""}, ""actor_type"": ""user""}"
2026-02-08T17:00:00,2026-02-08T18:00:00,0.1766,ALL_PURPOSE,123456789,"{""run_as"": {""email"": ""user15@example.com""}, ""actor_type"": ""user""}"
2026-02-08T18:00:00,2026-02-08T19:00:00,0.0,ALL_PURPOSE,123456789,"{""run_as"": {""email"": ""user15@example.com""}, ""actor_type"": ""user""}"
2026-02-08T19:00:00,2026-02-08T20:00:00,0.2588,ALL_PURPOSE,123456789,"{""run_as"": {""email"": ""user15@example.com""}, ""actor_type"": ""user""}"
2026-02-08T20:00:00,2026-02-08T21:00:00,0.0551,ALL_PURPOSE,123456789,"{""run_as"": {""email"": ""user15@example.com""}, ""actor_type"": ""user""}"
2026-02-08T21:00:00,2026-02-08T22:00:00,0.1756,ALL_PURPOSE,123456789,"{""run_as"": {""email"": ""user15@example.com""}, ""actor_type"": ""user""}"
2026-02-08T22:00:00,2026-02-08T23:00:00,0.974,ALL_PURPOSE,123456789,"{""run_as"": {""email"": ""user15@example.com""}, ""actor_type"": ""user""}"
2026-02-08T23:00:00,2026-02-09T00:00:00,0.5627,ALL_PURPOSE,123456789,"{""run_as"": {""email"": ""user15@example.com""}, ""actor_type"": ""user""}"
2026-02-09T00:00:00,2026-02-09T01:00:00,0.1443,ALL_PURPOSE,123456789,"{""run_as"": {""email"": ""user15@example.com""}, ""actor_type"": ""user""}"
2026-02-09T01:00:00,2026-02-09T02:00:00,0.3014,ALL_PURPOSE,123456789,"{""run_as"": {""email"": ""user15@example.com""}, ""actor_type"": ""user""}"
2026-02-09T02:00:00,2026-02-09T03:00:00,0.3207,ALL_PURPOSE,123456789,"{""run_as"": {""email"": ""user15@example.com""}, ""actor_type"": ""user""}"
2026-02-09T03:00:00,2026-02-09T04:00:00,0.1835,ALL_PURPOSE,123456789,"{""run_as"": {""email"": ""user15@example.com""}, ""actor_type"": ""user""}"
2026-02-09T04:00:00,2026-02-09T05:00:00,0.0,ALL_PURPOSE,123456789,"{""run_as"": {""email"": ""user15@example.com""}, ""actor_type"": ""user""}"
2026-02-09T05:00:00,2026-02-09T06:00:00,0.0,ALL_PURPOSE,123456789,"{""run_as"": {""email"": ""user15@example.com""}, ""actor_type"": ""user""}"
2026-02-09T06:00:00,2026-02-09T07:00:00,0.1259,ALL_PURPOSE,123456789,"{""run_as"": {""email"": ""user15@example.com""}, ""actor_type"": ""user""}"
2026-02-09T07:00:00,2026-02-09T08:00:00,0.0,ALL_PURPOSE,123456789,"{""run_as"": {""email"": ""user15@example.com""}, ""actor_type"": ""user""}"
2026-02-09T08:00:00,2026-02-09T09:00:00,0.3037,ALL_PURPOSE,123456789,"{""run_as"": {""email"": ""user15@example.com""}, ""actor_type"": ""user""}"
2026-02-09T09:00:00,2026-02-09T10:00:00,0.2566,ALL_PURPOSE,123456789,"{""run_as"": {""email"": ""user15@example.com""}, ""actor_type"": ""user""}"
2026-02-09T10:00:00,2026-02-09T11:00:00,0.0231,ALL_PURPOSE,123456789,"{""run_as"": {""email"": ""user15@example.com""}, ""actor_type"": ""user""}"
2026-02-09T11:00:00,2026-02-09T12:00:00,0.2853,ALL_PURPOSE,123456789,"{""run_as"": {""email"": ""user15@example.com""}, ""actor_type"": ""user""}"
2026-02-09T12:00:00,2026-02-09T13:00:00,0.2079,ALL_PURPOSE,123456789,"{""run_as"": {""email"": ""user15@example.com""}, ""actor_type"": ""user""}"
2026-02-09T13:00:00,2026-02-09T14:00:00,0.1608,ALL_PURPOSE,123456789,"{""run_as"": {""email"": ""user15@example.com""}, ""actor_type"": ""user""}"
2026-02-09T14:00:00,2026-02-09T15:00:00,0.2214,ALL_PURPOSE,123456789,"{""run_as"": {""email"": ""user15@example.com""}, ""actor_type"": ""user""}"
2026-02-09T15:00:00,2026-02-09T16:00:00,0.2971,ALL_PURPOSE,123456789,"{""run_as"": {""email"": ""user15@example.com""}, ""actor_type"": ""user""}"
2026-02-09T16:00:00,2026-02-09T17:00:00,0.0032,ALL_PURPOSE,123456789,"{""run_as"": {""email"": ""user15@example.com""}, ""actor_type"": ""user""}"
2026-02-09T17:00:00,2026-02-09T18:00:00,0.2111,ALL_PURPOSE,123456789,"{""run_as"": {""email"": ""user15@example.com""}, ""actor_type"": ""user""}"
2026-02-09T18:00:00,2026-02-09T19:00:00,0.2801,ALL_PURPOSE,123456789,"{""run_as"": {""email"": ""user15@example.com""}, ""actor_type"": ""user""}"
2026-02-09T19:00:00,2026-02-09T20:00:00,0.0821,ALL_PURPOSE,123456789,"{""run_as"": {""email"": ""user15@example.com""}, ""actor_type"": ""user""}"
2026-02-09T20:00:00,2026-02-09T21:00:00,0.3153,ALL_PURPOSE,123456789,"{""run_as"": {""email"": ""user15@example.com""}, ""actor_type"": ""user""}"
2026-02-02T21:00:00,2026-02-02T22:00:00,0.279,ALL_PURPOSE,123456789,"{""run_as"": {""email"": ""user16@example.com""}, ""actor_type"": ""user""}"
2026-02-02T22:00:00,2026-02-02T23:00:00,0.3126,ALL_PURPOSE,123456789,"{""run_as"": {""email"": ""user16@example.com""}, ""actor_type"": ""user""}"
2026-02-02T23:00:00,2026-02-03T00:00:00,0.4548,ALL_PURPOSE,123456789,"{""run_as"": {""email"": ""user16@example.com""}, ""actor_type"": ""user""}"
2026-02-03T00:00:00,2026-02-03T01:00:00,1.0904,ALL_PURPOSE,123456789,"{""run_as"": {""email"": ""user16@example.com""}, ""actor_type"": ""user""}"
2026-02-03T01:00:00,2026-02-03T02:00:00,0.0371,ALL_PURPOSE,123456789,"{""run_as"": {""email"": ""user16@example.com""}, ""actor_type"": ""user""}"
2026-02-03T02:00:00,2026-02-03T03:00:00,0.4223,ALL_PURPOSE,123456789,"{""run_as"": {""email"": ""user16@example.com""}, ""actor_type"": ""user""}"
2026-02-03T03:00:00,2026-02-03T04:00:00,0.8789,ALL_PURPOSE,123456789,"{""run_as"": {""email"": ""user16@example.com""}, ""actor_type"": ""user""}"
2026-02-03T04:00:00,2026-02-03T05:00:00,0.5367,ALL_PURPOSE,123456789,"{""run_as"": {""email"": ""user16@example.com""}, ""actor_type"": ""user""}"
2026-02-03T05:00:00,2026-02-03T06:00:00,0.0,ALL_PURPOSE,123456789,"{""run_as"": {""email"": ""user16@example.com""}, ""actor_type"": ""user""}"
2026-02-03T06:00:00,2026-02-03T07:00:00,0.0,ALL_PURPOSE,123456789,"{""run_as"": {""email"": ""user16@example.com""}, ""actor_type"": ""user""}"
2026-02-03T07:00:00,2026-02-03T08:00:00,0.1192,ALL_PURPOSE,123456789,"{""run_as"": {""email"": ""user16@example.com""}, ""actor_type"": ""user""}"
2026-02-03T08:00:00,2026-02-03T09:00:00,0.1813,ALL_PURPOSE,123456789,"{""run_as"": {""email"": ""user16@example.com""}, ""actor_type"": ""user""}"
2026-02-03T09:00:00,2026-02-03T10:00:00,0.3222,ALL_PURPOSE,123456789,"{""run_as"": {""email"": ""user16@example.com""}, ""actor_type"": ""user""}"
2026-02-03T10:00:00,2026-02-03T11:00:00,0.2262,ALL_PURPOSE,123456789,"{""run_as"": {""email"": ""user16@example.com""}, ""actor_type"": ""user""}"
2026-02-03T11:00:00,2026-02-03T12:00:00,0.2511,ALL_PURPOSE,123456789,"{""run_as"": {""email"": ""user16@example.com""}, ""actor_type"": ""user""}"
2026-02-03T12:00:00,2026-02-03T13:00:00,0.2382,ALL_PURPOSE,123456789,"{""run_as"": {""email"": ""user16@example.com""}, ""actor_type"": ""user""}"
2026-02-03T13:00:00,2026-02-03T14:00:00,0.1138,ALL_PURPOSE,123456789,"{""run_as"": {""email"": ""user16@example.com""}, ""actor_type"": ""user""}"
2026-02-03T14:00:00,2026-02-03T15:00:00,0.2859,ALL_PURPOSE,123456789,"{""run_as"": {""email"": ""user16@example.com""}, ""actor_type"": ""user""}"
2026-02-03T15:00:00,2026-02-03T16:00:00,0.2857,ALL_PURPOSE,123456789,"{""run_as"": {""email"": ""user16@example.com""}, ""actor_type"": ""user""}"
2026-02-03T16:00:00,2026-02-03T17:00:00,0.0991,ALL_PURPOSE,123456789,"{""run_as"": {""email"": ""user16@example.com""}, ""actor_type"": ""user""}"
2026-02-03T17:00:00,2026-02-03T18:00:00,0.2329,ALL_PURPOSE,123456789,"{""run_as"": {""email"": ""user16@example.com""}, ""actor_type"": ""user""}"
2026-02-03T18:00:00,2026-02-03T19:00:00,0.0,ALL_PURPOSE,123456789,"{""run_as"": {""email"": ""user16@example.com""}, ""actor_type"": ""user""}"
2026-02-03T19:00:00,2026-02-03T20:00:00,0.2847,ALL_PURPOSE,123456789,"{""run_as"": {""email"": ""user16@example.com""}, ""actor_type"": ""user""}"
2026-02-03T20:00:00,2026-02-03T21:00:00,0.0,ALL_PURPOSE,123456789,"{""run_as"": {""email"": ""user16@example.com""}, ""actor_type"": ""user""}"
2026-02-03T21:00:00,2026-02-03T22:00:00,0.3554,ALL_PURPOSE,123456789,"{""run_as"": {""email"": ""user16@example.com""}, ""actor_type"": ""user""}"
2026-02-03T22:00:00,2026-02-03T23:00:00,0.1785,ALL_PURPOSE,123456789,"{""run_as"": {""email"": ""user16@example.com""}, ""actor_type"": ""user""}"
2026-02-03T23:00:00,2026-02-04T00:00:00,0.2353,ALL_PURPOSE,123456789,"{""run_as"": {""email"": ""user16@example.com""}, ""actor_type"": ""user""}"
2026-02-04T00:00:00,2026-02-04T01:00:00,0.1055,ALL_PURPOSE,123456789,"{""run_as"": {""email"": ""user16@example.com""}, ""actor_type"": ""user""}"
2026-02-04T01:00:00,2026-02-04T02:00:00,0.176,ALL_PURPOSE,123456789,"{""run_as"": {""email"": ""user16@example.com""}, ""actor_type"": ""user""}"
2026-02-04T02:00:00,2026-02-04T03:00:00,0.0,ALL_PURPOSE,123456789,"{""run_as"": {""email"": ""user16@example.com""}, ""actor_type"": ""user""}"
2026-02-04T03:00:00,2026-02-04T04:00:00,0.0,ALL_PURPOSE,123456789,"{""run_as"": {""email"": ""user16@example.com""}, ""actor_type"": ""user""}"
2026-02-04T04:00:00,2026-02-04T05:00:00,0.0,ALL_PURPOSE,123456789,"{""run_as"": {""email"": ""user16@example.com""}, ""actor_type"": ""user""}"
2026-02-04T05:00:00,2026-02-04T06:00:00,0.0851,ALL_PURPOSE,123456789,"{""run_as"": {""email"": ""user16@example.com""}, ""actor_type"": ""user""}"
2026-02-04T06:00:00,2026-02-04T07:00:00,0.3776,ALL_PURPOSE,123456789,"{""run_as"": {""email"": ""user16@example.com""}, ""actor_type"": ""user""}"
2026-02-04T07:00:00,2026-02-04T08:00:00,0.3807,ALL_PURPOSE,123456789,"{""run_as"": {""email"": ""user16@example.com""}, ""actor_type"": ""user""}"
2026-02-04T08:00:00,2026-02-04T09:00:00,0.0,ALL_PURPOSE,123456789,"{""run_as"": {""email"": ""user16@example.com""}, ""actor_type"": ""user""}"
2026-02-04T09:00:00,2026-02-04T10:00:00,0.0,ALL_PURPOSE,123456789,"{""run_as"": {""email"": ""user16@example.com""}, ""actor_type"": ""user""}"
2026-02-04T10:00:00,2026-02-04T11:00:00,0.0613,ALL_PURPOSE,123456789,"{""run_as"": {""email"": ""user16@example.com""}, ""actor_type"": ""user""}"
2026-02-04T11:00:00,2026-02-04T12:00:00,0.3964,ALL_PURPOSE,123456789,"{""run_as"": {""email"": ""user16@example.com""}, ""actor_type"": ""user""}"
2026-02-04T12:00:00,2026-02-04T13:00:00,0.1944,ALL_PURPOSE,123456789,"{""run_as"": {""email"": ""user16@example.com""}, ""actor_type"": ""user""}"
2026-02-04T13:00:00,2026-02-04T14:00:00,0.0569,ALL_PURPOSE,123456789,"{""run_as"": {""email"": ""user16@example.com""}, ""actor_type"": ""user""}"
2026-02-04T14:00:00,2026-02-04T15:00:00,0.0195,ALL_PURPOSE,123456789,"{""run_as"": {""email"": ""user16@example.com""}, ""actor_type"": ""user""}"
2026-02-04T15:00:00,2026-02-04T16:00:00,0.3556,ALL_PURPOSE,123456789,"{""run_as"": {""email"": ""user16@example.com""}, ""actor_type"": ""user""}"
2026-02-04T16:00:00,2026-02-04T17:00:00,0.3277,ALL_PURPOSE,123456789,"{""run_as"": {""email"": ""user16@example.com""}, ""actor_type"": ""user""}"
2026-02-04T17:00:00,2026-02-04T18:00:00,0.0489,ALL_PURPOSE,123456789,"{""run_as"": {""email"": ""user16@example.com""}, ""actor_type"": ""user""}"
2026-02-04T18:00:00,2026-02-04T19:00:00,0.3482,ALL_PURPOSE,123456789,"{""run_as"": {""email"": ""user16@example.com""}, ""actor_type"": ""user""}"
2026-02-04T19:00:00,2026-02-04T20:00:00,0.2292,ALL_PURPOSE,123456789,"{""run_as"": {""email"": ""user16@example.com""}, ""actor_type"": ""user""}"
2026-02-04T20:00:00,2026-02-04T21:00:00,0.3601,ALL_PURPOSE,123456789,"{""run_as"": {""email"": ""user16@example.com""}, ""actor_type"": ""user""}"
2026-02-04T21:00:00,2026-02-04T22:00:00,0.1901,ALL_PURPOSE,123456789,"{""run_as"": {""email"": ""user16@example.com""}, ""actor_type"": ""user""}"
2026-02-04T22:00:00,2026-02-04T23:00:00,0.2423,ALL_PURPOSE,123456789,"{""run_as"": {""email"": ""user16@example.com""}, ""actor_type"": ""user""}"
2026-02-04T23:00:00,2026-02-05T00:00:00,0.1844,ALL_PURPOSE,123456789,"{""run_as"": {""email"": ""user16@example.com""}, ""actor_type"": ""user""}"
2026-02-05T00:00:00,2026-02-05T01:00:00,1.0064,ALL_PURPOSE,123456789,"{""run_as"": {""email"": ""user16@example.com""}, ""actor_type"": ""user""}"
2026-02-05T01:00:00,2026-02-05T02:00:00,0.5406,ALL_PURPOSE,123456789,"{""run_as"": {""email"": ""user16@example.com""}, ""actor_type"": ""user""}"
2026-02-05T02:00:00,2026-02-05T03:00:00,0.3832,ALL_PURPOSE,123456789,"{""run_as"": {""email"": ""user16@example.com""}, ""actor_type"": ""user""}"
2026-02-05T03:00:00,2026-02-05T04:00:00,0.2584,ALL_PURPOSE,123456789,"{""run_as"": {""email"": ""user16@example.com""}, ""actor_type"": ""user""}"
2026-02-05T04:00:00,2026-02-05T05:00:00,0.2288,ALL_PURPOSE,123456789,"{""run_as"": {""email"": ""user16@example.com""}, ""actor_type"": ""user""}"
2026-02-05T05:00:00,2026-02-05T06:00:00,0.716,ALL_PURPOSE,123456789,"{""run_as"": {""email"": ""user16@example.com""}, ""actor_type"": ""user""}"
2026-02-05T06:00:00,2026-02-05T07:00:00,0.2475,ALL_PURPOSE,123456789,"{""run_as"": {""email"": ""user16@example.com""}, ""actor_type"": ""user""}"
2026-02-05T07:00:00,2026-02-05T08:00:00,0.0211,ALL_PURPOSE,123456789,"{""run_as"": {""email"": ""user16@example.com""}, ""actor_type"": ""user""}"
2026-02-05T08:00:00,2026-02-05T09:00:00,0.0758,ALL_PURPOSE,123456789,"{""run_as"": {""email"": ""user16@example.com""}, ""actor_type"": ""user""}"
2026-02-05T09:00:00,2026-02-05T10:00:00,0.0,ALL_PURPOSE,123456789,"{""run_as"": {""email"": ""user16@example.com""}, ""actor_type"": ""user""}"
2026-02-05T10:00:00,2026-02-05T11:00:00,0.3745,ALL_PURPOSE,123456789,"{""run_as"": {""email"": ""user16@example.com""}, ""actor_type"": ""user""}"
2026-02-05T11:00:00,2026-02-05T12:00:00,0.0076,ALL_PURPOSE,123456789,"{""run_as"": {""email"": ""user16@example.com""}, ""actor_type"": ""user""}"
2026-02-05T12:00:00,2026-02-05T13:00:00,0.0981,ALL_PURPOSE,123456789,"{""run_as"": {""email"": ""user16@example.com""}, ""actor_type"": ""user""}"
2026-02-05T13:00:00,2026-02-05T14:00:00,0.3551,ALL_PURPOSE,123456789,"{""run_as"": {""email"": ""user16@example.com""}, ""actor_type"": ""user""}"
2026-02-05T14:00:00,2026-02-05T15:00:00,0.3228,ALL_PURPOSE,123456789,"{""run_as"": {""email"": ""user16@example.com""}, ""actor_type"": ""user""}"
2026-02-05T15:00:00,2026-02-05T16:00:00,0.0,ALL_PURPOSE,123456789,"{""run_as"": {""email"": ""user16@example.com""}, ""actor_type"": ""user""}"
2026-02-05T16:00:00,2026-02-05T17:00:00,0.0,ALL_PURPOSE,123456789,"{""run_as"": {""email"": ""user16@example.com""}, ""actor_type"": ""user""}"
2026-02-05T17:00:00,2026-02-05T18:00:00,0.1748,ALL_PURPOSE,123456789,"{""run_as"": {""email"": ""user16@example.com""}, ""actor_type"": ""user""}"
2026-02-05T18:00:00,2026-02-05T19:00:00,0.3439,ALL_PURPOSE,123456789,"{""run_as"": {""email"": ""user16@example.com""}, ""actor_type"": ""user""}"
2026-02-05T19:00:00,2026-02-05T20:00:00,0.0,ALL_PURPOSE,123456789,"{""run_as"": {""email"": ""user16@example.com""}, ""actor_type"": ""user""}"
2026-02-05T20:00:00,2026-02-05T21:00:00,0.0397,ALL_PURPOSE,123456789,"{""run_as"": {""email"": ""user16@example.com""}, ""actor_type"": ""user""}"
2026-02-05T21:00:00,2026-02-05T22:00:00,0.0576,ALL_PURPOSE,123456789,"{""run_as"": {""email"": ""user16@example.com""}, ""actor_type"": ""user""}"
2026-02-05T22:00:00,2026-02-05T23:00:00,0.4209,ALL_PURPOSE,123456789,"{""run_as"": {""email"": ""user16@example.com""}, ""actor_type"": ""user""}"
2026-02-05T23:00:00,2026-02-06T00:00:00,0.0,ALL_PURPOSE,123456789,"{""run_as"": {""email"": ""user16@example.com""}, ""actor_type"": ""user""}"
2026-02-06T00:00:00,2026-02-06T01:00:00,0.545,ALL_PURPOSE,123456789,"{""run_as"": {""email"": ""user16@example.com""}, ""actor_type"": ""user""}"
2026-02-06T01:00:00,2026-02-06T02:00:00,0.0,ALL_PURPOSE,123456789,"{""run_as"": {""email"": ""user16@example.com""}, ""actor_type"": ""user""}"
2026-02-06T02:00:00,2026-02-06T03:00:00,0.081,ALL_PURPOSE,123456789,"{""run_as"": {""email"": ""user16@example.com""}, ""actor_type"": ""user""}"
2026-02-06T03:00:00,2026-02-06T04:00:00,0.1972,ALL_PURPOSE,123456789,"{""run_as"": {""email"": ""user16@example.com""}, ""actor_type"": ""user""}"
2026-02-06T04:00:00,2026-02-06T05:00:00,0.4714,ALL_PURPOSE,123456789,"{""run_as"": {""email"": ""user16@example.com""}, ""actor_type"": ""user""}"
2026-02-06T05:00:00,2026-02-06T06:00:00,0.1937,ALL_PURPOSE,123456789,"{""run_as"": {""email"": ""user16@example.com""}, ""actor_type"": ""user""}"
2026-02-06T06:00:00,2026-02-06T07:00:00,0.3545,ALL_PURPOSE,123456789,"{""run_as"": {""email"": ""user16@example.com""}, ""actor_type"": ""user""}"
2026-02-06T07:00:00,2026-02-06T08:00:00,0.3854,ALL_PURPOSE,123456789,"{""run_as"": {""email"": ""user16@example.com""}, ""actor_type"": ""user""}"
2026-02-06T08:00:00,2026-02-06T09:00:00,0.0985,ALL_PURPOSE,123456789,"{""run_as"": {""email"": ""user16@example.com""}, ""actor_type"": ""user""}"
2026-02-06T09:00:00,2026-02-06T10:00:00,0.3141,ALL_PURPOSE,123456789,"{""run_as"": {""email"": ""user16@example.com""}, ""actor_type"": ""user""}"
2026-02-06T10:00:00,2026-02-06T11:00:00,0.0,ALL_PURPOSE,123456789,"{""run_as"": {""email"": ""user16@example.com""}, ""actor_type"": ""user""}"
2026-02-06T11:00:00,2026-02-06T12:00:00,0.2543,ALL_PURPOSE,123456789,"{""run_as"": {""email"": ""user16@example.com""}, ""actor_type"": ""user""}"
2026-02-06T12:00:00,2026-02-06T13:00:00,0.3872,ALL_PURPOSE,123456789,"{""run_as"": {""email"": ""user16@example.com""}, ""actor_type"": ""user""}"
2026-02-06T13:00:00,2026-02-06T14:00:00,0.3941,ALL_PURPOSE,123456789,"{""run_as"": {""email"": ""user16@example.com""}, ""actor_type"": ""user""}"
2026-02-06T14:00:00,2026-02-06T15:00:00,0.215,ALL_PURPOSE,123456789,"{""run_as"": {""email"": ""user16@example.com""}, ""actor_type"": ""user""}"
2026-02-06T15:00:00,2026-02-06T16:00:00,0.3646,ALL_PURPOSE,123456789,"{""run_as"": {""email"": ""user16@example.com""}, ""actor_type"": ""user""}"
2026-02-06T16:00:00,2026-02-06T17:00:00,0.0004,ALL_PURPOSE,123456789,"{""run_as"": {""email"": ""user16@example.com""}, ""actor_type"": ""user""}"
2026-02-06T17:00:00,2026-02-06T18:00:00,0.3317,ALL_PURPOSE,123456789,"{""run_as"": {""email"": ""user16@example.com""}, ""actor_type"": ""user""}"
2026-02-06T18:00:00,2026-02-06T19:00:00,0.0,ALL_PURPOSE,123456789,"{""run_as"": {""email"": ""user16@example.com""}, ""actor_type"": ""user""}"
2026-02-06T19:00:00,2026-02-06T20:00:00,0.3734,ALL_PURPOSE,123456789,"{""run_as"": {""email"": ""user16@example.com""}, ""actor_type"": ""user""}"
2026-02-06T20:00:00,2026-02-06T21:00:00,0.2391,ALL_PURPOSE,123456789,"{""run_as"": {""email"": ""user16@example.com""}, ""actor_type"": ""user""}"
2026-02-06T21:00:00,2026-02-06T22:00:00,0.1521,ALL_PURPOSE,123456789,"{""run_as"": {""email"": ""user16@example.com""}, ""actor_type"": ""user""}"
2026-02-06T22:00:00,2026-02-06T23:00:00,0.2529,ALL_PURPOSE,123456789,"{""run_as"": {""email"": ""user16@example.com""}, ""actor_type"": ""user""}"
2026-02-06T23:00:00,2026-02-07T00:00:00,0.0182,ALL_PURPOSE,123456789,"{""run_as"": {""email"": ""user16@example.com""}, ""actor_type"": ""user""}"
2026-02-07T00:00:00,2026-02-07T01:00:00,0.0,ALL_PURPOSE,123456789,"{""run_as"": {""email"": ""user16@example.com""}, ""actor_type"": ""user""}"
2026-02-07T01:00:00,2026-02-07T02:00:00,0.0559,ALL_PURPOSE,123456789,"{""run_as"": {""email"": ""user16@example.com""}, ""actor_type"": ""user""}"
2026-02-07T02:00:00,2026-02-07T03:00:00,0.1728,ALL_PURPOSE,123456789,"{""run_as"": {""email"": ""user16@example.com""}, ""actor_type"": ""user""}"
2026-02-07T03:00:00,2026-02-07T04:00:00,0.1273,ALL_PURPOSE,123456789,"{""run_as"": {""email"": ""user16@example.com""}, ""actor_type"": ""user""}"
2026-02-07T04:00:00,2026-02-07T05:00:00,0.1045,ALL_PURPOSE,123456789,"{""run_as"": {""email"": ""user16@example.com""}, ""actor_type"": ""user""}"
2026-02-07T05:00:00,2026-02-07T06:00:00,0.0984,ALL_PURPOSE,123456789,"{""run_as"": {""email"": ""user16@example.com""}, ""actor_type"": ""user""}"
2026-02-07T06:00:00,2026-02-07T07:00:00,0.1839,ALL_PURPOSE,123456789,"{""run_as"": {""email"": ""user16@example.com""}, ""actor_type"": ""user""}"
2026-02-07T07:00:00,2026-02-07T08:00:00,0.0063,ALL_PURPOSE,123456789,"{""run_as"": {""email"": ""user16@example.com""}, ""actor_type"": ""user""}"
2026-02-07T08:00:00,2026-02-07T09:00:00,0.0,ALL_PURPOSE,123456789,"{""run_as"": {""email"": ""user16@example.com""}, ""actor_type"": ""user""}"
2026-02-07T09:00:00,2026-02-07T10:00:00,0.1906,ALL_PURPOSE,123456789,"{""run_as"": {""email"": ""user16@example.com""}, ""actor_type"": ""user""}"
2026-02-07T10:00:00,2026-02-07T11:00:00,0.2691,ALL_PURPOSE,123456789,"{""run_as"": {""email"": ""user16@example.com""}, ""actor_type"": ""user""}"
2026-02-07T11:00:00,2026-02-07T12:00:00,0.3581,ALL_PURPOSE,123456789,"{""run_as"": {""email"": ""user16@example.com""}, ""actor_type"": ""user""}"
2026-02-07T12:00:00,2026-02-07T13:00:00,0.305,ALL_PURPOSE,123456789,"{""run_as"": {""email"": ""user16@example.com""}, ""actor_type"": ""user""}"
2026-02-07T13:00:00,2026-02-07T14:00:00,0.3149,ALL_PURPOSE,123456789,"{""run_as"": {""email"": ""user16@example.com""}, ""actor_type"": ""user""}"
2026-02-07T14:00:00,2026-02-07T15:00:00,0.0,ALL_PURPOSE,123456789,"{""run_as"": {""email"": ""user16@example.com""}, ""actor_type"": ""user""}"
2026-02-07T15:00:00,2026-02-07T16:00:00,0.3328,ALL_PURPOSE,123456789,"{""run_as"": {""email"": ""user16@example.com""}, ""actor_type"": ""user""}"
2026-02-07T16:00:00,2026-02-07T17:00:00,0.2689,ALL_PURPOSE,123456789,"{""run_as"": {""email"": ""user16@example.com""}, ""actor_type"": ""user""}"
2026-02-07T17:00:00,2026-02-07T18:00:00,0.3251,ALL_PURPOSE,123456789,"{""run_as"": {""email"": ""user16@example.com""}, ""actor_type"": ""user""}"
2026-02-07T18:00:00,2026-02-07T19:00:00,0.1432,ALL_PURPOSE,123456789,"{""run_as"": {""email"": ""user16@example.com""}, ""actor_type"": ""user""}"
2026-02-07T19:00:00,2026-02-07T20:00:00,0.3072,ALL_PURPOSE,123456789,"{""run_as"": {""email"": ""user16@example.com""}, ""actor_type"": ""user""}"
2026-02-07T20:00:00,2026-02-07T21:00:00,0.0034,ALL_PURPOSE,123456789,"{""run_as"": {""email"": ""user16@example.com""}, ""actor_type"": ""user""}"
2026-02-07T21:00:00,2026-02-07T22:00:00,0.3745,ALL_PURPOSE,123456789,"{""run_as"": {""email"": ""user16@example.com""}, ""actor_type"": ""user""}"
2026-02-07T22:00:00,2026-02-07T23:00:00,0.3854,ALL_PURPOSE,123456789,"{""run_as"": {""email"": ""user16@example.com""}, ""actor_type"": ""user""}"
2026-02-07T23:00:00,2026-02-08T00:00:00,0.6725,ALL_PURPOSE,123456789,"{""run_as"": {""email"": ""user16@example.com""}, ""actor_type"": ""user""}"
2026-02-08T00:00:00,2026-02-08T01:00:00,0.7328,ALL_PURPOSE,123456789,"{""run_as"": {""email"": ""user16@example.com""}, ""actor_type"": ""user""}"
2026-02-08T01:00:00,2026-02-08T02:00:00,0.1123,ALL_PURPOSE,123456789,"{""run_as"": {""email"": ""user16@example.com""}, ""actor_type"": ""user""}"
2026-02-08T02:00:00,2026-02-08T03:00:00,0.7584,ALL_PURPOSE,123456789,"{""run_as"": {""email"": ""user16@example.com""}, ""actor_type"": ""user""}"
2026-02-08T03:00:00,2026-02-08T04:00:00,0.348,ALL_PURPOSE,123456789,"{""run_as"": {""email"": ""user16@example.com""}, ""actor_type"": ""user""}"
2026-02-08T04:00:00,2026-02-08T05:00:00,0.2207,ALL_PURPOSE,123456789,"{""run_as"": {""email"": ""user16@example.com""}, ""actor_type"": ""user""}"
2026-02-08T05:00:00,2026-02-08T06:00:00,0.0,ALL_PURPOSE,123456789,"{""run_as"": {""email"": ""user16@example.com""}, ""actor_type"": ""user""}"
2026-02-08T06:00:00,2026-02-08T07:00:00,0.0,ALL_PURPOSE,123456789,"{""run_as"": {""email"": ""user16@example.com""}, ""actor_type"": ""user""}"
2026-02-08T07:00:00,2026-02-08T08:00:00,0.1038,ALL_PURPOSE,123456789,"{""run_as"": {""email"": ""user16@example.com""}, ""actor_type"": ""user""}"
2026-02-08T08:00:00,2026-02-08T09:00:00,0.0912,ALL_PURPOSE,123456789,"{""run_as"": {""email"": ""user16@example.com""}, ""actor_type"": ""user""}"
2026-02-08T09:00:00,2026-02-08T10:00:00,0.3129,ALL_PURPOSE,123456789,"{""run_as"": {""email"": ""user16@example.com""}, ""actor_type"": ""user""}"
2026-02-08T10:00:00,2026-02-08T11:00:00,0.2712,ALL_PURPOSE,123456789,"{""run_as"": {""email"": ""user16@example.com""}, ""actor_type"": ""user""}"
2026-02-08T11:00:00,2026-02-08T12:00:00,0.2772,ALL_PURPOSE,123456789,"{""run_as"": {""email"": ""user16@example.com""}, ""actor_type"": ""user""}"
2026-02-08T12:00:00,2026-02-08T13:00:00,0.1012,ALL_PURPOSE,123456789,"{""run_as"": {""email"": ""user16@example.com""}, ""actor_type"": ""user""}"
2026-02-08T13:00:00,2026-02-08T14:00:00,0.1816,ALL_PURPOSE,123456789,"{""run_as"": {""email"": ""user16@example.com""}, ""actor_type"": ""user""}"
2026-02-08T14:00:00,2026-02-08T15:00:00,0.2564,ALL_PURPOSE,123456789,"{""run_as"": {""email"": ""user16@example.com""}, ""actor_type"": ""user""}"
2026-02-08T15:00:00,2026-02-08T16:00:00,0.0207,ALL_PURPOSE,123456789,"{""run_as"": {""email"": ""user16@example.com""}, ""actor_type"": ""user""}"
2026-02-08T16:00:00,2026-02-08T17:00:00,0.173,ALL_PURPOSE,123456789,"{""run_as"": {""email"": ""user16@example.com""}, ""actor_type"": ""user""}"
2026-02-08T17:00:00,2026-02-08T18:00:00,0.1096,ALL_PURPOSE,123456789,"{""run_as"": {""email"": ""user16@example.com""}, ""actor_type"": ""user""}"
2026-02-08T18:00:00,2026-02-08T19:00:00,0.1866,ALL_PURPOSE,123456789,"{""run_as"": {""email"": ""user16@example.com""}, ""actor_type"": ""user""}"
2026-02-08T19:00:00,2026-02-08T20:00:00,0.3036,ALL_PURPOSE,123456789,"{""run_as"": {""email"": ""user16@example.com""}, ""actor_type"": ""user""}"
2026-02-08T20:00:00,2026-02-08T21:00:00,0.0898,ALL_PURPOSE,123456789,"{""run_as"": {""email"": ""user16@example.com""}, ""actor_type"": ""user""}"
2026-02-08T21:00:00,2026-02-08T22:00:00,0.168,ALL_PURPOSE,123456789,"{""run_as"": {""email"": ""user16@example.com""}, ""actor_type"": ""user""}"
2026-02-08T22:00:00,2026-02-08T23:00:00,0.1593,ALL_PURPOSE,123456789,"{""run_as"": {""email"": ""user16@example.com""}, ""actor_type"": ""user""}"
2026-02-08T23:00:00,2026-02-09T00:00:00,0.0101,ALL_PURPOSE,123456789,"{""run_as"": {""email"": ""user16@example.com""}, ""actor_type"": ""user""}"
2026-02-09T00:00:00,2026-02-09T01:00:00,0.4445,ALL_PURPOSE,123456789,"{""run_as"": {""email"": ""user16@example.com""}, ""actor_type"": ""user""}"
2026-02-09T01:00:00,2026-02-09T02:00:00,0.0,ALL_PURPOSE,123456789,"{""run_as"": {""email"": ""user16@example.com""}, ""actor_type"": ""user""}"
2026-02-09T02:00:00,2026-02-09T03:00:00,0.192,ALL_PURPOSE,123456789,"{""run_as"": {""email"": ""user16@example.com""}, ""actor_type"": ""user""}"
2026-02-09T03:00:00,2026-02-09T04:00:00,0.0,ALL_PURPOSE,123456789,"{""run_as"": {""email"": ""user16@example.com""}, ""actor_type"": ""user""}"
2026-02-09T04:00:00,2026-02-09T05:00:00,0.2334,ALL_PURPOSE,123456789,"{""run_as"": {""email"": ""user16@example.com""}, ""actor_type"": ""user""}"
2026-02-09T05:00:00,2026-02-09T06:00:00,0.3176,ALL_PURPOSE,123456789,"{""run_as"": {""email"": ""user16@example.com""}, ""actor_type"": ""user""}"
2026-02-09T06:00:00,2026-02-09T07:00:00,0.2478,ALL_PURPOSE,123456789,"{""run_as"": {""email"": ""user16@example.com""}, ""actor_type"": ""user""}"
2026-02-09T07:00:00,2026-02-09T08:00:00,0.2501,ALL_PURPOSE,123456789,"{""run_as"": {""email"": ""user16@example.com""}, ""actor_type"": ""user""}"
2026-02-09T08:00:00,2026-02-09T09:00:00,0.0,ALL_PURPOSE,123456789,"{""run_as"": {""email"": ""user16@example.com""}, ""actor_type"": ""user""}"
2026-02-09T09:00:00,2026-02-09T10:00:00,0.0133,ALL_PURPOSE,123456789,"{""run_as"": {""email"": ""user16@example.com""}, ""actor_type"": ""user""}"
2026-02-09T10:00:00,2026-02-09T11:00:00,0.0,ALL_PURPOSE,123456789,"{""run_as"": {""email"": ""user16@example.com""}, ""actor_type"": ""user""}"
2026-02-09T11:00:00,2026-02-09T12:00:00,0.051,ALL_PURPOSE,123456789,"{""run_as"": {""email"": ""user16@example.com""}, ""actor_type"": ""user""}"
2026-02-09T12:00:00,2026-02-09T13:00:00,0.1768,ALL_PURPOSE,123456789,"{""run_as"": {""email"": ""user16@example.com""}, ""actor_type"": ""user""}"
2026-02-09T13:00:00,2026-02-09T14:00:00,0.0,ALL_PURPOSE,123456789,"{""run_as"": {""email"": ""user16@example.com""}, ""actor_type"": ""user""}"
2026-02-09T14:00:00,2026-02-09T15:00:00,0.271,ALL_PURPOSE,123456789,"{""run_as"": {""email"": ""user16@example.com""}, ""actor_type"": ""user""}"
2026-02-09T15:00:00,2026-02-09T16:00:00,0.118,ALL_PURPOSE,123456789,"{""run_as"": {""email"": ""user16@example.com""}, ""actor_type"": ""user""}"
2026-02-09T16:00:00,2026-02-09T17:00:00,0.0383,ALL_PURPOSE,123456789,"{""run_as"": {""email"": ""user16@example.com""}, ""actor_type"": ""user""}"
2026-02-09T17:00:00,2026-02-09T18:00:00,0.0932,ALL_PURPOSE,123456789,"{""run_as"": {""email"": ""user16@example.com""}, ""actor_type"": ""user""}"
2026-02-09T18:00:00,2026-02-09T19:00:00,0.0,ALL_PURPOSE,123456789,"{""run_as"": {""email"": ""user16@example.com""}, ""actor_type"": ""user""}"
2026-02-09T19:00:00,2026-02-09T20:00:00,0.1536,ALL_PURPOSE,123456789,"{""run_as"": {""email"": ""user16@example.com""}, ""actor_type"": ""user""}"
2026-02-09T20:00:00,2026-02-09T21:00:00,0.352,ALL_PURPOSE,123456789,"{""run_as"": {""email"": ""user16@example.com""}, ""actor_type"": ""user""}"
2026-02-02T21:00:00,2026-02-02T22:00:00,0.1358,ALL_PURPOSE,123456789,"{""run_as"": {""email"": ""user17@example.com""}, ""actor_type"": ""user""}"
2026-02-02T22:00:00,2026-02-02T23:00:00,0.3132,ALL_PURPOSE,123456789,"{""run_as"": {""email"": ""user17@example.com""}, ""actor_type"": ""user""}"
2026-02-02T23:00:00,2026-02-03T00:00:00,0.0,ALL_PURPOSE,123456789,"{""run_as"": {""email"": ""user17@example.com""}, ""actor_type"": ""user""}"
2026-02-03T00:00:00,2026-02-03T01:00:00,0.817,ALL_PURPOSE,123456789,"{""run_as"": {""email"": ""user17@example.com""}, ""actor_type"": ""user""}"
2026-02-03T01:00:00,2026-02-03T02:00:00,0.1025,ALL_PURPOSE,123456789,"{""run_as"": {""email"": ""user17@example.com""}, ""actor_type"": ""user""}"
2026-02-03T02:00:00,2026-02-03T03:00:00,0.0,ALL_PURPOSE,123456789,"{""run_as"": {""email"": ""user17@example.com""}, ""actor_type"": ""user""}"
2026-02-03T03:00:00,2026-02-03T04:00:00,0.1247,ALL_PURPOSE,123456789,"{""run_as"": {""email"": ""user17@example.com""}, ""actor_type"": ""user""}"
2026-02-03T04:00:00,2026-02-03T05:00:00,1.0214,ALL_PURPOSE,123456789,"{""run_as"": {""email"": ""user17@example.com""}, ""actor_type"": ""user""}"
2026-02-03T05:00:00,2026-02-03T06:00:00,0.399,ALL_PURPOSE,123456789,"{""run_as"": {""email"": ""user17@example.com""}, ""actor_type"": ""user""}"
2026-02-03T06:00:00,2026-02-03T07:00:00,0.0032,ALL_PURPOSE,123456789,"{""run_as"": {""email"": ""user17@example.com""}, ""actor_type"": ""user""}"
2026-02-03T07:00:00,2026-02-03T08:00:00,0.0,ALL_PURPOSE,123456789,"{""run_as"": {""email"": ""user17@example.com""}, ""actor_type"": ""user""}"
2026-02-03T08:00:00,2026-02-03T09:00:00,0.2028,ALL_PURPOSE,123456789,"{""run_as"": {""email"": ""user17@example.com""}, ""actor_type"": ""user""}"
2026-02-03T09:00:00,2026-02-03T10:00:00,0.3435,ALL_PURPOSE,123456789,"{""run_as"": {""email"": ""user17@example.com""}, ""actor_type"": ""user""}"
2026-02-03T10:00:00,2026-02-03T11:00:00,0.0782,ALL_PURPOSE,123456789,"{""run_as"": {""email"": ""user17@example.com""}, ""actor_type"": ""user""}"
2026-02-03T11:00:00,2026-02-03T12:00:00,0.3634,ALL_PURPOSE,123456789,"{""run_as"": {""email"": ""user17@example.com""}, ""actor_type"": ""user""}"
2026-02-03T12:00:00,2026-02-03T13:00:00,0.1366,ALL_PURPOSE,123456789,"{""run_as"": {""email"": ""user17@example.com""}, ""actor_type"": ""user""}"
2026-02-03T13:00:00,2026-02-03T14:00:00,0.2779,ALL_PURPOSE,123456789,"{""run_as"": {""email"": ""user17@example.com""}, ""actor_type"": ""user""}"
2026-02-03T14:00:00,2026-02-03T15:00:00,0.2399,ALL_PURPOSE,123456789,"{""run_as"": {""email"": ""user17@example.com""}, ""actor_type"": ""user""}"
2026-02-03T15:00:00,2026-02-03T16:00:00,0.2314,ALL_PURPOSE,123456789,"{""run_as"": {""email"": ""user17@example.com""}, ""actor_type"": ""user""}"
2026-02-03T16:00:00,2026-02-03T17:00:00,0.2464,ALL_PURPOSE,123456789,"{""run_as"": {""email"": ""user17@example.com""}, ""actor_type"": ""user""}"
2026-02-03T17:00:00,2026-02-03T18:00:00,0.0649,ALL_PURPOSE,123456789,"{""run_as"": {""email"": ""user17@example.com""}, ""actor_type"": ""user""}"
2026-02-03T18:00:00,2026-02-03T19:00:00,0.0,ALL_PURPOSE,123456789,"{""run_as"": {""email"": ""user17@example.com""}, ""actor_type"": ""user""}"
2026-02-03T19:00:00,2026-02-03T20:00:00,0.0,ALL_PURPOSE,123456789,"{""run_as"": {""email"": ""user17@example.com""}, ""actor_type"": ""user""}"
2026-02-03T20:00:00,2026-02-03T21:00:00,0.0892,ALL_PURPOSE,123456789,"{""run_as"": {""email"": ""user17@example.com""}, ""actor_type"": ""user""}"
2026-02-03T21:00:00,2026-02-03T22:00:00,0.2496,ALL_PURPOSE,123456789,"{""run_as"": {""email"": ""user17@example.com""}, ""actor_type"": ""user""}"
2026-02-03T22:00:00,2026-02-03T23:00:00,0.2938,ALL_PURPOSE,123456789,"{""run_as"": {""email"": ""user17@example.com""}, ""actor_type"": ""user""}"
2026-02-03T23:00:00,2026-02-04T00:00:00,0.525,ALL_PURPOSE,123456789,"{""run_as"": {""email"": ""user17@example.com""}, ""actor_type"": ""user""}"
2026-02-04T00:00:00,2026-02-04T01:00:00,0.0,ALL_PURPOSE,123456789,"{""run_as"": {""email"": ""user17@example.com""}, ""actor_type"": ""user""}"
2026-02-04T01:00:00,2026-02-04T02:00:00,0.6262,ALL_PURPOSE,123456789,"{""run_as"": {""email"": ""user17@example.com""}, ""actor_type"": ""user""}"
2026-02-04T02:00:00,2026-02-04T03:00:00,0.256,ALL_PURPOSE,123456789,"{""run_as"": {""email"": ""user17@example.com""}, ""actor_type"": ""user""}"
2026-02-04T03:00:00,2026-02-04T04:00:00,0.3542,ALL_PURPOSE,123456789,"{""run_as"": {""email"": ""user17@example.com""}, ""actor_type"": ""user""}"
2026-02-04T04:00:00,2026-02-04T05:00:00,0.3368,ALL_PURPOSE,123456789,"{""run_as"": {""email"": ""user17@example.com""}, ""actor_type"": ""user""}"
2026-02-04T05:00:00,2026-02-04T06:00:00,0.9385,ALL_PURPOSE,123456789,"{""run_as"": {""email"": ""user17@example.com""}, ""actor_type"": ""user""}"
2026-02-04T06:00:00,2026-02-04T07:00:00,0.0,ALL_PURPOSE,123456789,"{""run_as"": {""email"": ""user17@example.com""}, ""actor_type"": ""user""}"
2026-02-04T07:00:00,2026-02-04T08:00:00,0.3744,ALL_PURPOSE,123456789,"{""run_as"": {""email"": ""user17@example.com""}, ""actor_type"": ""user""}"
2026-02-04T08:00:00,2026-02-04T09:00:00,0.0961,ALL_PURPOSE,123456789,"{""run_as"": {""email"": ""user17@example.com""}, ""actor_type"": ""user""}"
2026-02-04T09:00:00,2026-02-04T10:00:00,0.2644,ALL_PURPOSE,123456789,"{""run_as"": {""email"": ""user17@example.com""}, ""actor_type"": ""user""}"
2026-02-04T10:00:00,2026-02-04T11:00:00,0.3908,ALL_PURPOSE,123456789,"{""run_as"": {""email"": ""user17@example.com""}, ""actor_type"": ""user""}"
2026-02-04T11:00:00,2026-02-04T12:00:00,0.3527,ALL_PURPOSE,123456789,"{""run_as"": {""email"": ""user17@example.com""}, ""actor_type"": ""user""}"
2026-02-04T12:00:00,2026-02-04T13:00:00,0.0,ALL_PURPOSE,123456789,"{""run_as"": {""email"": ""user17@example.com""}, ""actor_type"": ""user""}"
2026-02-04T13:00:00,2026-02-04T14:00:00,0.3697,ALL_PURPOSE,123456789,"{""run_as"": {""email"": ""user17@example.com""}, ""actor_type"": ""user""}"
2026-02-04T14:00:00,2026-02-04T15:00:00,0.0767,ALL_PURPOSE,123456789,"{""run_as"": {""email"": ""user17@example.com""}, ""actor_type"": ""user""}"
2026-02-04T15:00:00,2026-02-04T16:00:00,0.1497,ALL_PURPOSE,123456789,"{""run_as"": {""email"": ""user17@example.com""}, ""actor_type"": ""user""}"
2026-02-04T16:00:00,2026-02-04T17:00:00,0.3908,ALL_PURPOSE,123456789,"{""run_as"": {""email"": ""user17@example.com""}, ""actor_type"": ""user""}"
2026-02-04T17:00:00,2026-02-04T18:00:00,0.0185,ALL_PURPOSE,123456789,"{""run_as"": {""email"": ""user17@example.com""}, ""actor_type"": ""user""}"
2026-02-04T18:00:00,2026-02-04T19:00:00,0.0756,ALL_PURPOSE,123456789,"{""run_as"": {""email"": ""user17@example.com""}, ""actor_type"": ""user""}"
2026-02-04T19:00:00,2026-02-04T20:00:00,0.3158,ALL_PURPOSE,123456789,"{""run_as"": {""email"": ""user17@example.com""}, ""actor_type"": ""user""}"
2026-02-04T20:00:00,2026-02-04T21:00:00,0.0213,ALL_PURPOSE,123456789,"{""run_as"": {""email"": ""user17@example.com""}, ""actor_type"": ""user""}"
2026-02-04T21:00:00,2026-02-04T22:00:00,0.3491,ALL_PURPOSE,123456789,"{""run_as"": {""email"": ""user17@example.com""}, ""actor_type"": ""user""}"
2026-02-04T22:00:00,2026-02-04T23:00:00,0.3874,ALL_PURPOSE,123456789,"{""run_as"": {""email"": ""user17@example.com""}, ""actor_type"": ""user""}"
2026-02-04T23:00:00,2026-02-05T00:00:00,0.0326,ALL_PURPOSE,123456789,"{""run_as"": {""email"": ""user17@example.com""}, ""actor_type"": ""user""}"
2026-02-05T00:00:00,2026-02-05T01:00:00,0.0259,ALL_PURPOSE,123456789,"{""run_as"": {""email"": ""user17@example.com""}, ""actor_type"": ""user""}"
2026-02-05T01:00:00,2026-02-05T02:00:00,0.258,ALL_PURPOSE,123456789,"{""run_as"": {""email"": ""user17@example.com""}, ""actor_type"": ""user""}"
2026-02-05T02:00:00,2026-02-05T03:00:00,0.5474,ALL_PURPOSE,123456789,"{""run_as"": {""email"": ""user17@example.com""}, ""actor_type"": ""user""}"
2026-02-05T03:00:00,2026-02-05T04:00:00,0.2863,ALL_PURPOSE,123456789,"{""run_as"": {""email"": ""user17@example.com""}, ""actor_type"": ""user""}"
2026-02-05T04:00:00,2026-02-05T05:00:00,0.1604,ALL_PURPOSE,123456789,"{""run_as"": {""email"": ""user17@example.com""}, ""actor_type"": ""user""}"
2026-02-05T05:00:00,2026-02-05T06:00:00,0.2567,ALL_PURPOSE,123456789,"{""run_as"": {""email"": ""user17@example.com""}, ""actor_type"": ""user""}"
2026-02-05T06:00:00,2026-02-05T07:00:00,0.1584,ALL_PURPOSE,123456789,"{""run_as"": {""email"": ""user17@example.com""}, ""actor_type"": ""user""}"
2026-02-05T07:00:00,2026-02-05T08:00:00,0.3555,ALL_PURPOSE,123456789,"{""run_as"": {""email"": ""user17@example.com""}, ""actor_type"": ""user""}"
2026-02-05T08:00:00,2026-02-05T09:00:00,0.3742,ALL_PURPOSE,123456789,"{""run_as"": {""email"": ""user17@example.com""}, ""actor_type"": ""user""}"
2026-02-05T09:00:00,2026-02-05T10:00:00,0.0,ALL_PURPOSE,123456789,"{""run_as"": {""email"": ""user17@example.com""}, ""actor_type"": ""user""}"
2026-02-05T10:00:00,2026-02-05T11:00:00,0.0336,ALL_PURPOSE,123456789,"{""run_as"": {""email"": ""user17@example.com""}, ""actor_type"": ""user""}"
2026-02-05T11:00:00,2026-02-05T12:00:00,0.1406,ALL_PURPOSE,123456789,"{""run_as"": {""email"": ""user17@example.com""}, ""actor_type"": ""user""}"
2026-02-05T12:00:00,2026-02-05T13:00:00,0.1861,ALL_PURPOSE,123456789,"{""run_as"": {""email"": ""user17@example.com""}, ""actor_type"": ""user""}"
2026-02-05T13:00:00,2026-02-05T14:00:00,0.1704,ALL_PURPOSE,123456789,"{""run_as"": {""email"": ""user17@example.com""}, ""actor_type"": ""user""}"
2026-02-05T14:00:00,2026-02-05T15:00:00,0.1636,ALL_PURPOSE,123456789,"{""run_as"": {""email"": ""user17@example.com""}, ""actor_type"": ""user""}"
2026-02-05T15:00:00,2026-02-05T16:00:00,0.1268,ALL_PURPOSE,123456789,"{""run_as"": {""email"": ""user17@example.com""}, ""actor_type"": ""user""}"
2026-02-05T16:00:00,2026-02-05T17:00:00,0.0718,ALL_PURPOSE,123456789,"{""run_as"": {""email"": ""user17@example.com""}, ""actor_type"": ""user""}"
2026-02-05T17:00:00,2026-02-05T18:00:00,0.2581,ALL_PURPOSE,123456789,"{""run_as"": {""email"": ""user17@example.com""}, ""actor_type"": ""user""}"
2026-02-05T18:00:00,2026-02-05T19:00:00,0.033,ALL_PURPOSE,123456789,"{""run_as"": {""email"": ""user17@example.com""}, ""actor_type"": ""user""}"
2026-02-05T19:00:00,2026-02-05T20:00:00,0.2051,ALL_PURPOSE,123456789,"{""run_as"": {""email"": ""user17@example.com""}, ""actor_type"": ""user""}"
2026-02-05T20:00:00,2026-02-05T21:00:00,0.3143,ALL_PURPOSE,123456789,"{""run_as"": {""email"": ""user17@example.com""}, ""actor_type"": ""user""}"
2026-02-05T21:00:00,2026-02-05T22:00:00,0.0,ALL_PURPOSE,123456789,"{""run_as"": {""email"": ""user17@example.com""}, ""actor_type"": ""user""}"
2026-02-05T22:00:00,2026-02-05T23:00:00,0.253,ALL_PURPOSE,123456789,"{""run_as"": {""email"": ""user17@example.com""}, ""actor_type"": ""user""}"
2026-02-05T23:00:00,2026-02-06T00:00:00,0.1211,ALL_PURPOSE,123456789,"{""run_as"": {""email"": ""user17@example.com""}, ""actor_type"": ""user""}"
2026-02-06T00:00:00,2026-02-06T01:00:00,0.1098,ALL_PURPOSE,123456789,"{""run_as"": {""email"": ""user17@example.com""}, ""actor_type"": ""user""}"
2026-02-06T01:00:00,2026-02-06T02:00:00,0.3994,ALL_PURPOSE,123456789,"{""run_as"": {""email"": ""user17@example.com""}, ""actor_type"": ""user""}"
2026-02-06T02:00:00,2026-02-06T03:00:00,0.6746,ALL_PURPOSE,123456789,"{""run_as"": {""email"": ""user17@example.com""}, ""actor_type"": ""user""}"
2026-02-06T03:00:00,2026-02-06T04:00:00,0.3133,ALL_PURPOSE,123456789,"{""run_as"": {""email"": ""user17@example.com""}, ""actor_type"": ""user""}"
2026-02-06T04:00:00,2026-02-06T05:00:00,0.232,ALL_PURPOSE,123456789,"{""run_as"": {""email"": ""user17@example.com""}, ""actor_type"": ""user""}"
2026-02-06T05:00:00,2026-02-06T06:00:00,0.0,ALL_PURPOSE,123456789,"{""run_as"": {""email"": ""user17@example.com""}, ""actor_type"": ""user""}"
2026-02-06T06:00:00,2026-02-06T07:00:00,0.159,ALL_PURPOSE,123456789,"{""run_as"": {""email"": ""user17@example.com""}, ""actor_type"": ""user""}"
2026-02-06T07:00:00,2026-02-06T08:00:00,0.2997,ALL_PURPOSE,123456789,"{""run_as"": {""email"": ""user17@example.com""}, ""actor_type"": ""user""}"
2026-02-06T08:00:00,2026-02-06T09:00:00,0.2063,ALL_PURPOSE,123456789,"{""run_as"": {""email"": ""user17@example.com""}, ""actor_type"": ""user""}"
2026-02-06T09:00:00,2026-02-06T10:00:00,0.303,ALL_PURPOSE,123456789,"{""run_as"": {""email"": ""user17@example.com""}, ""actor_type"": ""user""}"
2026-02-06T10:00:00,2026-02-06T11:00:00,0.1846,ALL_PURPOSE,123456789,"{""run_as"": {""email"": ""user17@example.com""}, ""actor_type"": ""user""}"
2026-02-06T11:00:00,2026-02-06T12:00:00,0.1252,ALL_PURPOSE,123456789,"{""run_as"": {""email"": ""user17@example.com""}, ""actor_type"": ""user""}"
2026-02-06T12:00:00,2026-02-06T13:00:00,0.3081,ALL_PURPOSE,123456789,"{""run_as"": {""email"": ""user17@example.com""}, ""actor_type"": ""user""}"
2026-02-06T13:00:00,2026-02-06T14:00:00,0.0838,ALL_PURPOSE,123456789,"{""run_as"": {""email"": ""user17@example.com""}, ""actor_type"": ""user""}"
2026-02-06T14:00:00,2026-02-06T15:00:00,0.2234,ALL_PURPOSE,123456789,"{""run_as"": {""email"": ""user17@example.com""}, ""actor_type"": ""user""}"
2026-02-06T15:00:00,2026-02-06T16:00:00,0.0,ALL_PURPOSE,123456789,"{""run_as"": {""email"": ""user17@example.com""}, ""actor_type"": ""user""}"
2026-02-06T16:00:00,2026-02-06T17:00:00,0.0,ALL_PURPOSE,123456789,"{""run_as"": {""email"": ""user17@example.com""}, ""actor_type"": ""user""}"
2026-02-06T17:00:00,2026-02-06T18:00:00,0.3242,ALL_PURPOSE,123456789,"{""run_as"": {""email"": ""user17@example.com""}, ""actor_type"": ""user""}"
2026-02-06T18:00:00,2026-02-06T19:00:00,0.1359,ALL_PURPOSE,123456789,"{""run_as"": {""email"": ""user17@example.com""}, ""actor_type"": ""user""}"
2026-02-06T19:00:00,2026-02-06T20:00:00,0.2743,ALL_PURPOSE,123456789,"{""run_as"": {""email"": ""user17@example.com""}, ""actor_type"": ""user""}"
2026-02-06T20:00:00,2026-02-06T21:00:00,0.3115,ALL_PURPOSE,123456789,"{""run_as"": {""email"": ""user17@example.com""}, ""actor_type"": ""user""}"
2026-02-06T21:00:00,2026-02-06T22:00:00,0.0,ALL_PURPOSE,123456789,"{""run_as"": {""email"": ""user17@example.com""}, ""actor_type"": ""user""}"
2026-02-06T22:00:00,2026-02-06T23:00:00,0.3141,ALL_PURPOSE,123456789,"{""run_as"": {""email"": ""user17@example.com""}, ""actor_type"": ""user""}"
2026-02-06T23:00:00,2026-02-07T00:00:00,0.9219,ALL_PURPOSE,123456789,"{""run_as"": {""email"": ""user17@example.com""}, ""actor_type"": ""user""}"
2026-02-07T00:00:00,2026-02-07T01:00:00,0.2431,ALL_PURPOSE,123456789,"{""run_as"": {""email"": ""user17@example.com""}, ""actor_type"": ""user""}"
2026-02-07T01:00:00,2026-02-07T02:00:00,0.0817,ALL_PURPOSE,123456789,"{""run_as"": {""email"": ""user17@example.com""}, ""actor_type"": ""user""}"
2026-02-07T02:00:00,2026-02-07T03:00:00,0.574,ALL_PURPOSE,123456789,"{""run_as"": {""email"": ""user17@example.com""}, ""actor_type"": ""user""}"
2026-02-07T03:00:00,2026-02-07T04:00:00,0.5309,ALL_PURPOSE,123456789,"{""run_as"": {""email"": ""user17@example.com""}, ""actor_type"": ""user""}"
2026-02-07T04:00:00,2026-02-07T05:00:00,0.0128,ALL_PURPOSE,123456789,"{""run_as"": {""email"": ""user17@example.com""}, ""actor_type"": ""user""}"
2026-02-07T05:00:00,2026-02-07T06:00:00,0.8488,ALL_PURPOSE,123456789,"{""run_as"": {""email"": ""user17@example.com""}, ""actor_type"": ""user""}"
2026-02-07T06:00:00,2026-02-07T07:00:00,0.0932,ALL_PURPOSE,123456789,"{""run_as"": {""email"": ""user17@example.com""}, ""actor_type"": ""user""}"
2026-02-07T07:00:00,2026-02-07T08:00:00,0.0,ALL_PURPOSE,123456789,"{""run_as"": {""email"": ""user17@example.com""}, ""actor_type"": ""user""}"
2026-02-07T08:00:00,2026-02-07T09:00:00,0.2074,ALL_PURPOSE,123456789,"{""run_as"": {""email"": ""user17@example.com""}, ""actor_type"": ""user""}"
2026-02-07T09:00:00,2026-02-07T10:00:00,0.3439,ALL_PURPOSE,123456789,"{""run_as"": {""email"": ""user17@example.com""}, ""actor_type"": ""user""}"
2026-02-07T10:00:00,2026-02-07T11:00:00,0.0,ALL_PURPOSE,123456789,"{""run_as"": {""email"": ""user17@example.com""}, ""actor_type"": ""user""}"
2026-02-07T11:00:00,2026-02-07T12:00:00,0.2146,ALL_PURPOSE,123456789,"{""run_as"": {""email"": ""user17@example.com""}, ""actor_type"": ""user""}"
2026-02-07T12:00:00,2026-02-07T13:00:00,0.0275,ALL_PURPOSE,123456789,"{""run_as"": {""email"": ""user17@example.com""}, ""actor_type"": ""user""}"
2026-02-07T13:00:00,2026-02-07T14:00:00,0.0,ALL_PURPOSE,123456789,"{""run_as"": {""email"": ""user17@example.com""}, ""actor_type"": ""user""}"
2026-02-07T14:00:00,2026-02-07T15:00:00,0.0823,ALL_PURPOSE,123456789,"{""run_as"": {""email"": ""user17@example.com""}, ""actor_type"": ""user""}"
2026-02-07T15:00:00,2026-02-07T16:00:00,0.2839,ALL_PURPOSE,123456789,"{""run_as"": {""email"": ""user17@example.com""}, ""actor_type"": ""user""}"
2026-02-07T16:00:00,2026-02-07T17:00:00,0.2415,ALL_PURPOSE,123456789,"{""run_as"": {""email"": ""user17@example.com""}, ""actor_type"": ""user""}"
2026-02-07T17:00:00,2026-02-07T18:00:00,0.235,ALL_PURPOSE,123456789,"{""run_as"": {""email"": ""user17@example.com""}, ""actor_type"": ""user""}"
2026-02-07T18:00:00,2026-02-07T19:00:00,0.2739,ALL_PURPOSE,123456789,"{""run_as"": {""email"": ""user17@example.com""}, ""actor_type"": ""user""}"
2026-02-07T19:00:00,2026-02-07T20:00:00,0.0,ALL_PURPOSE,123456789,"{""run_as"": {""email"": ""user17@example.com""}, ""actor_type"": ""user""}"
2026-02-07T20:00:00,2026-02-07T21:00:00,0.0256,ALL_PURPOSE,123456789,"{""run_as"": {""email"": ""user17@example.com""}, ""actor_type"": ""user""}"
2026-02-07T21:00:00,2026-02-07T22:00:00,0.323,ALL_PURPOSE,123456789,"{""run_as"": {""email"": ""user17@example.com""}, ""actor_type"": ""user""}"
2026-02-07T22:00:00,2026-02-07T23:00:00,0.3641,ALL_PURPOSE,123456789,"{""run_as"": {""email"": ""user17@example.com""}, ""actor_type"": ""user""}"
2026-02-07T23:00:00,2026-02-08T00:00:00,0.2305,ALL_PURPOSE,123456789,"{""run_as"": {""email"": ""user17@example.com""}, ""actor_type"": ""user""}"
2026-02-08T00:00:00,2026-02-08T01:00:00,0.3524,ALL_PURPOSE,123456789,"{""run_as"": {""email"": ""user17@example.com""}, ""actor_type"": ""user""}"
2026-02-08T01:00:00,2026-02-08T02:00:00,0.8138,ALL_PURPOSE,123456789,"{""run_as"": {""email"": ""user17@example.com""}, ""actor_type"": ""user""}"
2026-02-08T02:00:00,2026-02-08T03:00:00,0.8,ALL_PURPOSE,123456789,"{""run_as"": {""email"": ""user17@example.com""}, ""actor_type"": ""user""}"
2026-02-08T03:00:00,2026-02-08T04:00:00,0.1831,ALL_PURPOSE,123456789,"{""run_as"": {""email"": ""user17@example.com""}, ""actor_type"": ""user""}"
2026-02-08T04:00:00,2026-02-08T05:00:00,0.2274,ALL_PURPOSE,123456789,"{""run_as"": {""email"": ""user17@example.com""}, ""actor_type"": ""user""}"
2026-02-08T05:00:00,2026-02-08T06:00:00,0.0959,ALL_PURPOSE,123456789,"{""run_as"": {""email"": ""user17@example.com""}, ""actor_type"": ""user""}"
2026-02-08T06:00:00,2026-02-08T07:00:00,0.2512,ALL_PURPOSE,123456789,"{""run_as"": {""email"": ""user17@example.com""}, ""actor_type"": ""user""}"
2026-02-08T07:00:00,2026-02-08T08:00:00,0.3665,ALL_PURPOSE,123456789,"{""run_as"": {""email"": ""user17@example.com""}, ""actor_type"": ""user""}"
2026-02-08T08:00:00,2026-02-08T09:00:00,0.289,ALL_PURPOSE,123456789,"{""run_as"": {""email"": ""user17@example.com""}, ""actor_type"": ""user""}"
2026-02-08T09:00:00,2026-02-08T10:00:00,0.1974,ALL_PURPOSE,123456789,"{""run_as"": {""email"": ""user17@example.com""}, ""actor_type"": ""user""}"
2026-02-08T10:00:00,2026-02-08T11:00:00,0.2211,ALL_PURPOSE,123456789,"{""run_as"": {""email"": ""user17@example.com""}, ""actor_type"": ""user""}"
2026-02-08T11:00:00,2026-02-08T12:00:00,0.0,ALL_PURPOSE,123456789,"{""run_as"": {""email"": ""user17@example.com""}, ""actor_type"": ""user""}"
2026-02-08T12:00:00,2026-02-08T13:00:00,0.3066,ALL_PURPOSE,123456789,"{""run_as"": {""email"": ""user17@example.com""}, ""actor_type"": ""user""}"
2026-02-08T13:00:00,2026-02-08T14:00:00,0.1804,ALL_PURPOSE,123456789,"{""run_as"": {""email"": ""user17@example.com""}, ""actor_type"": ""user""}"
2026-02-08T14:00:00,2026-02-08T15:00:00,0.2024,ALL_PURPOSE,123456789,"{""run_as"": {""email"": ""user17@example.com""}, ""actor_type"": ""user""}"
2026-02-08T15:00:00,2026-02-08T16:00:00,0.0293,ALL_PURPOSE,123456789,"{""run_as"": {""email"": ""user17@example.com""}, ""actor_type"": ""user""}"
2026-02-08T16:00:00,2026-02-08T17:00:00,0.2999,ALL_PURPOSE,123456789,"{""run_as"": {""email"": ""user17@example.com""}, ""actor_type"": ""user""}"
2026-02-08T17:00:00,2026-02-08T18:00:00,0.2984,ALL_PURPOSE,123456789,"{""run_as"": {""email"": ""user17@example.com""}, ""actor_type"": ""user""}"
2026-02-08T18:00:00,2026-02-08T19:00:00,0.0,ALL_PURPOSE,123456789,"{""run_as"": {""email"": ""user17@example.com""}, ""actor_type"": ""user""}"
2026-02-08T19:00:00,2026-02-08T20:00:00,0.0459,ALL_PURPOSE,123456789,"{""run_as"": {""email"": ""user17@example.com""}, ""actor_type"": ""user""}"
2026-02-08T20:00:00,2026-02-08T21:00:00,0.1308,ALL_PURPOSE,123456789,"{""run_as"": {""email"": ""user17@example.com""}, ""actor_type"": ""user""}"
2026-02-08T21:00:00,2026-02-08T22:00:00,0.0,ALL_PURPOSE,123456789,"{""run_as"": {""email"": ""user17@example.com""}, ""actor_type"": ""user""}"
2026-02-08T22:00:00,2026-02-08T23:00:00,0.0,ALL_PURPOSE,123456789,"{""run_as"": {""email"": ""user17@example.com""}, ""actor_type"": ""user""}"
2026-02-08T23:00:00,2026-02-09T00:00:00,0.3282,ALL_PURPOSE,123456789,"{""run_as"": {""email"": ""user17@example.com""}, ""actor_type"": ""user""}"
2026-02-09T00:00:00,2026-02-09T01:00:00,0.3131,ALL_PURPOSE,123456789,"{""run_as"": {""email"": ""user17@example.com""}, ""actor_type"": ""user""}"
2026-02-09T01:00:00,2026-02-09T02:00:00,0.7909,ALL_PURPOSE,123456789,"{""run_as"": {""email"": ""user17@example.com""}, ""actor_type"": ""user""}"
2026-02-09T02:00:00,2026-02-09T03:00:00,0.0614,ALL_PURPOSE,123456789,"{""run_as"": {""email"": ""user17@example.com""}, ""actor_type"": ""user""}"
2026-02-09T03:00:00,2026-02-09T04:00:00,0.0138,ALL_PURPOSE,123456789,"{""run_as"": {""email"": ""user17@example.com""}, ""actor_type"": ""user""}"
2026-02-09T04:00:00,2026-02-09T05:00:00,0.2787,ALL_PURPOSE,123456789,"{""run_as"": {""email"": ""user17@example.com""}, ""actor_type"": ""user""}"
2026-02-09T05:00:00,2026-02-09T06:00:00,0.2564,ALL_PURPOSE,123456789,"{""run_as"": {""email"": ""user17@example.com""}, ""actor_type"": ""user""}"
2026-02-09T06:00:00,2026-02-09T07:00:00,0.1562,ALL_PURPOSE,123456789,"{""run_as"": {""email"": ""user17@example.com""}, ""actor_type"": ""user""}"
2026-02-09T07:00:00,2026-02-09T08:00:00,0.0,ALL_PURPOSE,123456789,"{""run_as"": {""email"": ""user17@example.com""}, ""actor_type"": ""user""}"
2026-02-09T08:00:00,2026-02-09T09:00:00,0.309,ALL_PURPOSE,123456789,"{""run_as"": {""email"": ""user17@example.com""}, ""actor_type"": ""user""}"
2026-02-09T09:00:00,2026-02-09T10:00:00,0.3715,ALL_PURPOSE,123456789,"{""run_as"": {""email"": ""user17@example.com""}, ""actor_type"": ""user""}"
2026-02-09T10:00:00,2026-02-09T11:00:00,0.0,ALL_PURPOSE,123456789,"{""run_as"": {""email"": ""user17@example.com""}, ""actor_type"": ""user""}"
2026-02-09T11:00:00,2026-02-09T12:00:00,0.1687,ALL_PURPOSE,123456789,"{""run_as"": {""email"": ""user17@example.com""}, ""actor_type"": ""user""}"
2026-02-09T12:00:00,2026-02-09T13:00:00,0.1348,ALL_PURPOSE,123456789,"{""run_as"": {""email"": ""user17@example.com""}, ""actor_type"": ""user""}"
2026-02-09T13:00:00,2026-02-09T14:00:00,0.2676,ALL_PURPOSE,123456789,"{""run_as"": {""email"": ""user17@example.com""}, ""actor_type"": ""user""}"
2026-02-09T14:00:00,2026-02-09T15:00:00,0.3529,ALL_PURPOSE,123456789,"{""run_as"": {""email"": ""user17@example.com""}, ""actor_type"": ""user""}"
2026-02-09T15:00:00,2026-02-09T16:00:00,0.3322,ALL_PURPOSE,123456789,"{""run_as"": {""email"": ""user17@example.com""}, ""actor_type"": ""user""}"
2026-02-09T16:00:00,2026-02-09T17:00:00,0.0668,ALL_PURPOSE,123456789,"{""run_as"": {""email"": ""user17@example.com""}, ""actor_type"": ""user""}"
2026-02-09T17:00:00,2026-02-09T18:00:00,0.0431,ALL_PURPOSE,123456789,"{""run_as"": {""email"": ""user17@example.com""}, ""actor_type"": ""user""}"
2026-02-09T18:00:00,2026-02-09T19:00:00,0.2248,ALL_PURPOSE,123456789,"{""run_as"": {""email"": ""user17@example.com""}, ""actor_type"": ""user""}"
2026-02-09T19:00:00,2026-02-09T20:00:00,0.0828,ALL_PURPOSE,123456789,"{""run_as"": {""email"": ""user17@example.com""}, ""actor_type"": ""user""}"
2026-02-09T20:00:00,2026-02-09T21:00:00,0.0,ALL_PURPOSE,123456789,"{""run_as"": {""email"": ""user17@example.com""}, ""actor_type"": ""user""}"
2026-02-02T21:00:00,2026-02-02T22:00:00,0.0855,ALL_PURPOSE,123456789,"{""run_as"": {""email"": ""user18@example.com""}, ""actor_type"": ""user""}"
2026-02-02T22:00:00,2026-02-02T23:00:00,0.0694,ALL_PURPOSE,123456789,"{""run_as"": {""email"": ""user18@example.com""}, ""actor_type"": ""user""}"
2026-02-02T23:00:00,2026-02-03T00:00:00,0.0,ALL_PURPOSE,123456789,"{""run_as"": {""email"": ""user18@example.com""}, ""actor_type"": ""user""}"
2026-02-03T00:00:00,2026-02-03T01:00:00,0.326,ALL_PURPOSE,123456789,"{""run_as"": {""email"": ""user18@example.com""}, ""actor_type"": ""user""}"
2026-02-03T01:00:00,2026-02-03T02:00:00,0.338,ALL_PURPOSE,123456789,"{""run_as"": {""email"": ""user18@example.com""}, ""actor_type"": ""user""}"
2026-02-03T02:00:00,2026-02-03T03:00:00,0.8686,ALL_PURPOSE,123456789,"{""run_as"": {""email"": ""user18@example.com""}, ""actor_type"": ""user""}"
2026-02-03T03:00:00,2026-02-03T04:00:00,1.1115,ALL_PURPOSE,123456789,"{""run_as"": {""email"": ""user18@example.com""}, ""actor_type"": ""user""}"
2026-02-03T04:00:00,2026-02-03T05:00:00,0.3926,ALL_PURPOSE,123456789,"{""run_as"": {""email"": ""user18@example.com""}, ""actor_type"": ""user""}"
2026-02-03T05:00:00,2026-02-03T06:00:00,0.3889,ALL_PURPOSE,123456789,"{""run_as"": {""email"": ""user18@example.com""}, ""actor_type"": ""user""}"
2026-02-03T06:00:00,2026-02-03T07:00:00,0.2541,ALL_PURPOSE,123456789,"{""run_as"": {""email"": ""user18@example.com""}, ""actor_type"": ""user""}"
2026-02-03T07:00:00,2026-02-03T08:00:00,0.1272,ALL_PURPOSE,123456789,"{""run_as"": {""email"": ""user18@example.com""}, ""actor_type"": ""user""}"
2026-02-03T08:00:00,2026-02-03T09:00:00,0.1929,ALL_PURPOSE,123456789,"{""run_as"": {""email"": ""user18@example.com""}, ""actor_type"": ""user""}"
2026-02-03T09:00:00,2026-02-03T10:00:00,0.2434,ALL_PURPOSE,123456789,"{""run_as"": {""email"": ""user18@example.com""}, ""actor_type"": ""user""}"
2026-02-03T10:00:00,2026-02-03T11:00:00,0.1529,ALL_PURPOSE,123456789,"{""run_as"": {""email"": ""user18@example.com""}, ""actor_type"": ""user""}"
2026-02-03T11:00:00,2026-02-03T12:00:00,0.093,ALL_PURPOSE,123456789,"{""run_as"": {""email"": ""user18@example.com""}, ""actor_type"": ""user""}"
2026-02-03T12:00:00,2026-02-03T13:00:00,0.3954,ALL_PURPOSE,123456789,"{""run_as"": {""email"": ""user18@example.com""}, ""actor_type"": ""user""}"
2026-02-03T13:00:00,2026-02-03T14:00:00,0.2465,ALL_PURPOSE,123456789,"{""run_as"": {""email"": ""user18@example.com""}, ""actor_type"": ""user""}"
2026-02-03T14:00:00,2026-02-03T15:00:00,0.1235,ALL_PURPOSE,123456789,"{""run_as"": {""email"": ""user18@example.com""}, ""actor_type"": ""user""}"
2026-02-03T15:00:00,2026-02-03T16:00:00,0.3029,ALL_PURPOSE,123456789,"{""run_as"": {""email"": ""user18@example.com""}, ""actor_type"": ""user""}"
2026-02-03T16:00:00,2026-02-03T17:00:00,0.024,ALL_PURPOSE,123456789,"{""run_as"": {""email"": ""user18@example.com""}, ""actor_type"": ""user""}"
2026-02-03T17:00:00,2026-02-03T18:00:00,0.1186,ALL_PURPOSE,123456789,"{""run_as"": {""email"": ""user18@example.com""}, ""actor_type"": ""user""}"
2026-02-03T18:00:00,2026-02-03T19:00:00,0.0,ALL_PURPOSE,123456789,"{""run_as"": {""email"": ""user18@example.com""}, ""actor_type"": ""user""}"
2026-02-03T19:00:00,2026-02-03T20:00:00,0.3694,ALL_PURPOSE,123456789,"{""run_as"": {""email"": ""user18@example.com""}, ""actor_type"": ""user""}"
2026-02-03T20:00:00,2026-02-03T21:00:00,0.3784,ALL_PURPOSE,123456789,"{""run_as"": {""email"": ""user18@example.com""}, ""actor_type"": ""user""}"
2026-02-03T21:00:00,2026-02-03T22:00:00,0.1315,ALL_PURPOSE,123456789,"{""run_as"": {""email"": ""user18@example.com""}, ""actor_type"": ""user""}"
2026-02-03T22:00:00,2026-02-03T23:00:00,0.2574,ALL_PURPOSE,123456789,"{""run_as"": {""email"": ""user18@example.com""}, ""actor_type"": ""user""}"
2026-02-03T23:00:00,2026-02-04T00:00:00,0.391,ALL_PURPOSE,123456789,"{""run_as"": {""email"": ""user18@example.com""}, ""actor_type"": ""user""}"
2026-02-04T00:00:00,2026-02-04T01:00:00,0.0095,ALL_PURPOSE,123456789,"{""run_as"": {""email"": ""user18@example.com""}, ""actor_type"": ""user""}"
2026-02-04T01:00:00,2026-02-04T02:00:00,0.0969,ALL_PURPOSE,123456789,"{""run_as"": {""email"": ""user18@example.com""}, ""actor_type"": ""user""}"
2026-02-04T02:00:00,2026-02-04T03:00:00,0.8471,ALL_PURPOSE,123456789,"{""run_as"": {""email"": ""user18@example.com""}, ""actor_type"": ""user""}"
2026-02-04T03:00:00,2026-02-04T04:00:00,0.2432,ALL_PURPOSE,123456789,"{""run_as"": {""email"": ""user18@example.com""}, ""actor_type"": ""user""}"
2026-02-04T04:00:00,2026-02-04T05:00:00,0.0,ALL_PURPOSE,123456789,"{""run_as"": {""email"": ""user18@example.com""}, ""actor_type"": ""user""}"
2026-02-04T05:00:00,2026-02-04T06:00:00,0.0,ALL_PURPOSE,123456789,"{""run_as"": {""email"": ""user18@example.com""}, ""actor_type"": ""user""}"
2026-02-04T06:00:00,2026-02-04T07:00:00,0.0,ALL_PURPOSE,123456789,"{""run_as"": {""email"": ""user18@example.com""}, ""actor_type"": ""user""}"
2026-02-04T07:00:00,2026-02-04T08:00:00,0.2371,ALL_PURPOSE,123456789,"{""run_as"": {""email"": ""user18@example.com""}, ""actor_type"": ""user""}"
2026-02-04T08:00:00,2026-02-04T09:00:00,0.3727,ALL_PURPOSE,123456789,"{""run_as"": {""email"": ""user18@example.com""}, ""actor_type"": ""user""}"
2026-02-04T09:00:00,2026-02-04T10:00:00,0.0313,ALL_PURPOSE,123456789,"{""run_as"": {""email"": ""user18@example.com""}, ""actor_type"": ""user""}"
2026-02-04T10:00:00,2026-02-04T11:00:00,0.1246,ALL_PURPOSE,123456789,"{""run_as"": {""email"": ""user18@example.com""}, ""actor_type"": ""user""}"
2026-02-04T11:00:00,2026-02-04T12:00:00,0.098,ALL_PURPOSE,123456789,"{""run_as"": {""email"": ""user18@example.com""}, ""actor_type"": ""user""}"
2026-02-04T12:00:00,2026-02-04T13:00:00,0.0996,ALL_PURPOSE,123456789,"{""run_as"": {""email"": ""user18@example.com""}, ""actor_type"": ""user""}"
2026-02-04T13:00:00,2026-02-04T14:00:00,0.1793,ALL_PURPOSE,123456789,"{""run_as"": {""email"": ""user18@example.com""}, ""actor_type"": ""user""}"
2026-02-04T14:00:00,2026-02-04T15:00:00,0.1087,ALL_PURPOSE,123456789,"{""run_as"": {""email"": ""user18@example.com""}, ""actor_type"": ""user""}"
2026-02-04T15:00:00,2026-02-04T16:00:00,0.032,ALL_PURPOSE,123456789,"{""run_as"": {""email"": ""user18@example.com""}, ""actor_type"": ""user""}"
2026-02-04T16:00:00,2026-02-04T17:00:00,0.1593,ALL_PURPOSE,123456789,"{""run_as"": {""email"": ""user18@example.com""}, ""actor_type"": ""user""}"
2026-02-04T17:00:00,2026-02-04T18:00:00,0.1766,ALL_PURPOSE,123456789,"{""run_as"": {""email"": ""user18@example.com""}, ""actor_type"": ""user""}"
2026-02-04T18:00:00,2026-02-04T19:00:00,0.294,ALL_PURPOSE,123456789,"{""run_as"": {""email"": ""user18@example.com""}, ""actor_type"": ""user""}"
2026-02-04T19:00:00,2026-02-04T20:00:00,0.3278,ALL_PURPOSE,123456789,"{""run_as"": {""email"": ""user18@example.com""}, ""actor_type"": ""user""}"
2026-02-04T20:00:00,2026-02-04T21:00:00,0.0079,ALL_PURPOSE,123456789,"{""run_as"": {""email"": ""user18@example.com""}, ""actor_type"": ""user""}"
2026-02-04T21:00:00,2026-02-04T22:00:00,0.3416,ALL_PURPOSE,123456789,"{""run_as"": {""email"": ""user18@example.com""}, ""actor_type"": ""user""}"
2026-02-04T22:00:00,2026-02-04T23:00:00,0.3686,ALL_PURPOSE,123456789,"{""run_as"": {""email"": ""user18@example.com""}, ""actor_type"": ""user""}"
2026-02-04T23:00:00,2026-02-05T00:00:00,0.7152,ALL_PURPOSE,123456789,"{""run_as"": {""email"": ""user18@example.com""}, ""actor_type"": ""user""}"
2026-02-05T00:00:00,2026-02-05T01:00:00,0.0,ALL_PURPOSE,123456789,"{""run_as"": {""email"": ""user18@example.com""}, ""actor_type"": ""user""}"
2026-02-05T01:00:00,2026-02-05T02:00:00,0.0547,ALL_PURPOSE,123456789,"{""run_as"": {""email"": ""user18@example.com""}, ""actor_type"": ""user""}"
2026-02-05T02:00:00,2026-02-05T03:00:00,0.5263,ALL_PURPOSE,123456789,"{""run_as"": {""email"": ""user18@example.com""}, ""actor_type"": ""user""}"
2026-02-05T03:00:00,2026-02-05T04:00:00,0.1966,ALL_PURPOSE,123456789,"{""run_as"": {""email"": ""user18@example.com""}, ""actor_type"": ""user""}"
2026-02-05T04:00:00,2026-02-05T05:00:00,0.3882,ALL_PURPOSE,123456789,"{""run_as"": {""email"": ""user18@example.com""}, ""actor_type"": ""user""}"
2026-02-05T05:00:00,2026-02-05T06:00:00,0.2564,ALL_PURPOSE,123456789,"{""run_as"": {""email"": ""user18@example.com""}, ""actor_type"": ""user""}"
2026-02-05T06:00:00,2026-02-05T07:00:00,0.0155,ALL_PURPOSE,123456789,"{""run_as"": {""email"": ""user18@example.com""}, ""actor_type"": ""user""}"
2026-02-05T07:00:00,2026-02-05T08:00:00,0.1539,ALL_PURPOSE,123456789,"{""run_as"": {""email"": ""user18@example.com""}, ""actor_type"": ""user""}"
2026-02-05T08:00:00,2026-02-05T09:00:00,0.0777,ALL_PURPOSE,123456789,"{""run_as"": {""email"": ""user18@example.com""}, ""actor_type"": ""user""}"
2026-02-05T09:00:00,2026-02-05T10:00:00,0.1021,ALL_PURPOSE,123456789,"{""run_as"": {""email"": ""user18@example.com""}, ""actor_type"": ""user""}"
2026-02-05T10:00:00,2026-02-05T11:00:00,0.2889,ALL_PURPOSE,123456789,"{""run_as"": {""email"": ""user18@example.com""}, ""actor_type"": ""user""}"
2026-02-05T11:00:00,2026-02-05T12:00:00,0.1954,ALL_PURPOSE,123456789,"{""run_as"": {""email"": ""user18@example.com""}, ""actor_type"": ""user""}"
2026-02-05T12:00:00,2026-02-05T13:00:00,0.2786,ALL_PURPOSE,123456789,"{""run_as"": {""email"": ""user18@example.com""}, ""actor_type"": ""user""}"
2026-02-05T13:00:00,2026-02-05T14:00:00,0.3706,ALL_PURPOSE,123456789,"{""run_as"": {""email"": ""user18@example.com""}, ""actor_type"": ""user""}"
2026-02-05T14:00:00,2026-02-05T15:00:00,0.0,ALL_PURPOSE,123456789,"{""run_as"": {""email"": ""user18@example.com""}, ""actor_type"": ""user""}"
2026-02-05T15:00:00,2026-02-05T16:00:00,0.3253,ALL_PURPOSE,123456789,"{""run_as"": {""email"": ""user18@example.com""}, ""actor_type"": ""user""}"
2026-02-05T16:00:00,2026-02-05T17:00:00,0.2706,ALL_PURPOSE,123456789,"{""run_as"": {""email"": ""user18@example.com""}, ""actor_type"": ""user""}"
2026-02-05T17:00:00,2026-02-05T18:00:00,0.2581,ALL_PURPOSE,123456789,"{""run_as"": {""email"": ""user18@example.com""}, ""actor_type"": ""user""}"
2026-02-05T18:00:00,2026-02-05T19:00:00,0.1822,ALL_PURPOSE,123456789,"{""run_as"": {""email"": ""user18@example.com""}, ""actor_type"": ""user""}"
2026-02-05T19:00:00,2026-02-05T20:00:00,0.1017,ALL_PURPOSE,123456789,"{""run_as"": {""email"": ""user18@example.com""}, ""actor_type"": ""user""}"
2026-02-05T20:00:00,2026-02-05T21:00:00,0.3807,ALL_PURPOSE,123456789,"{""run_as"": {""email"": ""user18@example.com""}, ""actor_type"": ""user""}"
2026-02-05T21:00:00,2026-02-05T22:00:00,0.0049,ALL_PURPOSE,123456789,"{""run_as"": {""email"": ""user18@example.com""}, ""actor_type"": ""user""}"
2026-02-05T22:00:00,2026-02-05T23:00:00,0.2578,ALL_PURPOSE,123456789,"{""run_as"": {""email"": ""user18@example.com""}, ""actor_type"": ""user""}"
2026-02-05T23:00:00,2026-02-06T00:00:00,0.2345,ALL_PURPOSE,123456789,"{""run_as"": {""email"": ""user18@example.com""}, ""actor_type"": ""user""}"
2026-02-06T00:00:00,2026-02-06T01:00:00,0.0755,ALL_PURPOSE,123456789,"{""run_as"": {""email"": ""user18@example.com""}, ""actor_type"": ""user""}"
2026-02-06T01:00:00,2026-02-06T02:00:00,0.8785,ALL_PURPOSE,123456789,"{""run_as"": {""email"": ""user18@example.com""}, ""actor_type"": ""user""}"
2026-02-06T02:00:00,2026-02-06T03:00:00,0.5412,ALL_PURPOSE,123456789,"{""run_as"": {""email"": ""user18@example.com""}, ""actor_type"": ""user""}"
2026-02-06T03:00:00,2026-02-06T04:00:00,0.8364,ALL_PURPOSE,123456789,"{""run_as"": {""email"": ""user18@example.com""}, ""actor_type"": ""user""}"
2026-02-06T04:00:00,2026-02-06T05:00:00,0.7619,ALL_PURPOSE,123456789,"{""run_as"": {""email"": ""user18@example.com""}, ""actor_type"": ""user""}"
2026-02-06T05:00:00,2026-02-06T06:00:00,0.9501,ALL_PURPOSE,123456789,"{""run_as"": {""email"": ""user18@example.com""}, ""actor_type"": ""user""}"
2026-02-06T06:00:00,2026-02-06T07:00:00,0.0,ALL_PURPOSE,123456789,"{""run_as"": {""email"": ""user18@example.com""}, ""actor_type"": ""user""}"
2026-02-06T07:00:00,2026-02-06T08:00:00,0.2785,ALL_PURPOSE,123456789,"{""run_as"": {""email"": ""user18@example.com""}, ""actor_type"": ""user""}"
2026-02-06T08:00:00,2026-02-06T09:00:00,0.2618,ALL_PURPOSE,123456789,"{""run_as"": {""email"": ""user18@example.com""}, ""actor_type"": ""user""}"
2026-02-06T09:00:00,2026-02-06T10:00:00,0.0683,ALL_PURPOSE,123456789,"{""run_as"": {""email"": ""user18@example.com""}, ""actor_type"": ""user""}"
2026-02-06T10:00:00,2026-02-06T11:00:00,0.2816,ALL_PURPOSE,123456789,"{""run_as"": {""email"": ""user18@example.com""}, ""actor_type"": ""user""}"
2026-02-06T11:00:00,2026-02-06T12:00:00,0.0728,ALL_PURPOSE,123456789,"{""run_as"": {""email"": ""user18@example.com""}, ""actor_type"": ""user""}"
2026-02-06T12:00:00,2026-02-06T13:00:00,0.1803,ALL_PURPOSE,123456789,"{""run_as"": {""email"": ""user18@example.com""}, ""actor_type"": ""user""}"
2026-02-06T13:00:00,2026-02-06T14:00:00,0.0,ALL_PURPOSE,123456789,"{""run_as"": {""email"": ""user18@example.com""}, ""actor_type"": ""user""}"
2026-02-06T14:00:00,2026-02-06T15:00:00,0.0731,ALL_PURPOSE,123456789,"{""run_as"": {""email"": ""user18@example.com""}, ""actor_type"": ""user""}"
2026-02-06T15:00:00,2026-02-06T16:00:00,0.1037,ALL_PURPOSE,123456789,"{""run_as"": {""email"": ""user18@example.com""}, ""actor_type"": ""user""}"
2026-02-06T16:00:00,2026-02-06T17:00:00,0.1635,ALL_PURPOSE,123456789,"{""run_as"": {""email"": ""user18@example.com""}, ""actor_type"": ""user""}"
2026-02-06T17:00:00,2026-02-06T18:00:00,0.2498,ALL_PURPOSE,123456789,"{""run_as"": {""email"": ""user18@example.com""}, ""actor_type"": ""user""}"
2026-02-06T18:00:00,2026-02-06T19:00:00,0.0665,ALL_PURPOSE,123456789,"{""run_as"": {""email"": ""user18@example.com""}, ""actor_type"": ""user""}"
2026-02-06T19:00:00,2026-02-06T20:00:00,0.1511,ALL_PURPOSE,123456789,"{""run_as"": {""email"": ""user18@example.com""}, ""actor_type"": ""user""}"
2026-02-06T20:00:00,2026-02-06T21:00:00,0.1369,ALL_PURPOSE,123456789,"{""run_as"": {""email"": ""user18@example.com""}, ""actor_type"": ""user""}"
2026-02-06T21:00:00,2026-02-06T22:00:00,0.1912,ALL_PURPOSE,123456789,"{""run_as"": {""email"": ""user18@example.com""}, ""actor_type"": ""user""}"
2026-02-06T22:00:00,2026-02-06T23:00:00,0.0,ALL_PURPOSE,123456789,"{""run_as"": {""email"": ""user18@example.com""}, ""actor_type"": ""user""}"
2026-02-06T23:00:00,2026-02-07T00:00:00,0.0,ALL_PURPOSE,123456789,"{""run_as"": {""email"": ""user18@example.com""}, ""actor_type"": ""user""}"
2026-02-07T00:00:00,2026-02-07T01:00:00,0.731,ALL_PURPOSE,123456789,"{""run_as"": {""email"": ""user18@example.com""}, ""actor_type"": ""user""}"
2026-02-07T01:00:00,2026-02-07T02:00:00,0.3045,ALL_PURPOSE,123456789,"{""run_as"": {""email"": ""user18@example.com""}, ""actor_type"": ""user""}"
2026-02-07T02:00:00,2026-02-07T03:00:00,0.1348,ALL_PURPOSE,123456789,"{""run_as"": {""email"": ""user18@example.com""}, ""actor_type"": ""user""}"
2026-02-07T03:00:00,2026-02-07T04:00:00,0.3561,ALL_PURPOSE,123456789,"{""run_as"": {""email"": ""user18@example.com""}, ""actor_type"": ""user""}"
2026-02-07T04:00:00,2026-02-07T05:00:00,0.3764,ALL_PURPOSE,123456789,"{""run_as"": {""email"": ""user18@example.com""}, ""actor_type"": ""user""}"
2026-02-07T05:00:00,2026-02-07T06:00:00,0.0229,ALL_PURPOSE,123456789,"{""run_as"": {""email"": ""user18@example.com""}, ""actor_type"": ""user""}"
2026-02-07T06:00:00,2026-02-07T07:00:00,0.0401,ALL_PURPOSE,123456789,"{""run_as"": {""email"": ""user18@example.com""}, ""actor_type"": ""user""}"
2026-02-07T07:00:00,2026-02-07T08:00:00,0.2793,ALL_PURPOSE,123456789,"{""run_as"": {""email"": ""user18@example.com""}, ""actor_type"": ""user""}"
2026-02-07T08:00:00,2026-02-07T09:00:00,0.0,ALL_PURPOSE,123456789,"{""run_as"": {""email"": ""user18@example.com""}, ""actor_type"": ""user""}"
2026-02-07T09:00:00,2026-02-07T10:00:00,0.2408,ALL_PURPOSE,123456789,"{""run_as"": {""email"": ""user18@example.com""}, ""actor_type"": ""user""}"
2026-02-07T10:00:00,2026-02-07T11:00:00,0.1118,ALL_PURPOSE,123456789,"{""run_as"": {""email"": ""user18@example.com""}, ""actor_type"": ""user""}"
2026-02-07T11:00:00,2026-02-07T12:00:00,0.326,ALL_PURPOSE,123456789,"{""run_as"": {""email"": ""user18@example.com""}, ""actor_type"": ""user""}"
2026-02-07T12:00:00,2026-02-07T13:00:00,0.2473,ALL_PURPOSE,123456789,"{""run_as"": {""email"": ""user18@example.com""}, ""actor_type"": ""user""}"
2026-02-07T13:00:00,2026-02-07T14:00:00,0.1901,ALL_PURPOSE,123456789,"{""run_as"": {""email"": ""user18@example.com""}, ""actor_type"": ""user""}"
2026-02-07T14:00:00,2026-02-07T15:00:00,0.0752,ALL_PURPOSE,123456789,"{""run_as"": {""email"": ""user18@example.com""}, ""actor_type"": ""user""}"
2026-02-07T15:00:00,2026-02-07T16:00:00,0.383,ALL_PURPOSE,123456789,"{""run_as"": {""email"": ""user18@example.com""}, ""actor_type"": ""user""}"
2026-02-07T16:00:00,2026-02-07T17:00:00,0.0067,ALL_PURPOSE,123456789,"{""run_as"": {""email"": ""user18@example.com""}, ""actor_type"": ""user""}"
2026-02-07T17:00:00,2026-02-07T18:00:00,0.0183,ALL_PURPOSE,123456789,"{""run_as"": {""email"": ""user18@example.com""}, ""actor_type"": ""user""}"
2026-02-07T18:00:00,2026-02-07T19:00:00,0.1302,ALL_PURPOSE,123456789,"{""run_as"": {""email"": ""user18@example.com""}, ""actor_type"": ""user""}"
2026-02-07T19:00:00,2026-02-07T20:00:00,0.2427,ALL_PURPOSE,123456789,"{""run_as"": {""email"": ""user18@example.com""}, ""actor_type"": ""user""}"
2026-02-07T20:00:00,2026-02-07T21:00:00,0.0,ALL_PURPOSE,123456789,"{""run_as"": {""email"": ""user18@example.com""}, ""actor_type"": ""user""}"
2026-02-07T21:00:00,2026-02-07T22:00:00,0.1712,ALL_PURPOSE,123456789,"{""run_as"": {""email"": ""user18@example.com""}, ""actor_type"": ""user""}"
2026-02-07T22:00:00,2026-02-07T23:00:00,0.3723,ALL_PURPOSE,123456789,"{""run_as"": {""email"": ""user18@example.com""}, ""actor_type"": ""user""}"
2026-02-07T23:00:00,2026-02-08T00:00:00,0.3621,ALL_PURPOSE,123456789,"{""run_as"": {""email"": ""user18@example.com""}, ""actor_type"": ""user""}"
2026-02-08T00:00:00,2026-02-08T01:00:00,0.5421,ALL_PURPOSE,123456789,"{""run_as"": {""email"": ""user18@example.com""}, ""actor_type"": ""user""}"
2026-02-08T01:00:00,2026-02-08T02:00:00,0.0,ALL_PURPOSE,123456789,"{""run_as"": {""email"": ""user18@example.com""}, ""actor_type"": ""user""}"
2026-02-08T02:00:00,2026-02-08T03:00:00,0.8899,ALL_PURPOSE,123456789,"{""run_as"": {""email"": ""user18@example.com""}, ""actor_type"": ""user""}"
2026-02-08T03:00:00,2026-02-08T04:00:00,0.0,ALL_PURPOSE,123456789,"{""run_as"": {""email"": ""user18@example.com""}, ""actor_type"": ""user""}"
2026-02-08T04:00:00,2026-02-08T05:00:00,0.5132,ALL_PURPOSE,123456789,"{""run_as"": {""email"": ""user18@example.com""}, ""actor_type"": ""user""}"
2026-02-08T05:00:00,2026-02-08T06:00:00,0.6683,ALL_PURPOSE,123456789,"{""run_as"": {""email"": ""user18@example.com""}, ""actor_type"": ""user""}"
2026-02-08T06:00:00,2026-02-08T07:00:00,0.0641,ALL_PURPOSE,123456789,"{""run_as"": {""email"": ""user18@example.com""}, ""actor_type"": ""user""}"
2026-02-08T07:00:00,2026-02-08T08:00:00,0.3611,ALL_PURPOSE,123456789,"{""run_as"": {""email"": ""user18@example.com""}, ""actor_type"": ""user""}"
2026-02-08T08:00:00,2026-02-08T09:00:00,0.0882,ALL_PURPOSE,123456789,"{""run_as"": {""email"": ""user18@example.com""}, ""actor_type"": ""user""}"
2026-02-08T09:00:00,2026-02-08T10:00:00,0.1905,ALL_PURPOSE,123456789,"{""run_as"": {""email"": ""user18@example.com""}, ""actor_type"": ""user""}"
2026-02-08T10:00:00,2026-02-08T11:00:00,0.0,ALL_PURPOSE,123456789,"{""run_as"": {""email"": ""user18@example.com""}, ""actor_type"": ""user""}"
2026-02-08T11:00:00,2026-02-08T12:00:00,0.2138,ALL_PURPOSE,123456789,"{""run_as"": {""email"": ""user18@example.com""}, ""actor_type"": ""user""}"
2026-02-08T12:00:00,2026-02-08T13:00:00,0.0362,ALL_PURPOSE,123456789,"{""run_as"": {""email"": ""user18@example.com""}, ""actor_type"": ""user""}"
2026-02-08T13:00:00,2026-02-08T14:00:00,0.3488,ALL_PURPOSE,123456789,"{""run_as"": {""email"": ""user18@example.com""}, ""actor_type"": ""user""}"
2026-02-08T14:00:00,2026-02-08T15:00:00,0.3065,ALL_PURPOSE,123456789,"{""run_as"": {""email"": ""user18@example.com""}, ""actor_type"": ""user""}"
2026-02-08T15:00:00,2026-02-08T16:00:00,0.2576,ALL_PURPOSE,123456789,"{""run_as"": {""email"": ""user18@example.com""}, ""actor_type"": ""user""}"
2026-02-08T16:00:00,2026-02-08T17:00:00,0.287,ALL_PURPOSE,123456789,"{""run_as"": {""email"": ""user18@example.com""}, ""actor_type"": ""user""}"
2026-02-08T17:00:00,2026-02-08T18:00:00,0.1527,ALL_PURPOSE,123456789,"{""run_as"": {""email"": ""user18@example.com""}, ""actor_type"": ""user""}"
2026-02-08T18:00:00,2026-02-08T19:00:00,0.2248,ALL_PURPOSE,123456789,"{""run_as"": {""email"": ""user18@example.com""}, ""actor_type"": ""user""}"
2026-02-08T19:00:00,2026-02-08T20:00:00,0.3234,ALL_PURPOSE,123456789,"{""run_as"": {""email"": ""user18@example.com""}, ""actor_type"": ""user""}"
2026-02-08T20:00:00,2026-02-08T21:00:00,0.0,ALL_PURPOSE,123456789,"{""run_as"": {""email"": ""user18@example.com""}, ""actor_type"": ""user""}"
2026-02-08T21:00:00,2026-02-08T22:00:00,0.0357,ALL_PURPOSE,123456789,"{""run_as"": {""email"": ""user18@example.com""}, ""actor_type"": ""user""}"
2026-02-08T22:00:00,2026-02-08T23:00:00,0.0,ALL_PURPOSE,123456789,"{""run_as"": {""email"": ""user18@example.com""}, ""actor_type"": ""user""}"
2026-02-08T23:00:00,2026-02-09T00:00:00,0.1471,ALL_PURPOSE,123456789,"{""run_as"": {""email"": ""user18@example.com""}, ""actor_type"": ""user""}"
2026-02-09T00:00:00,2026-02-09T01:00:00,0.3741,ALL_PURPOSE,123456789,"{""run_as"": {""email"": ""user18@example.com""}, ""actor_type"": ""user""}"
2026-02-09T01:00:00,2026-02-09T02:00:00,0.3388,ALL_PURPOSE,123456789,"{""run_as"": {""email"": ""user18@example.com""}, ""actor_type"": ""user""}"
2026-02-09T02:00:00,2026-02-09T03:00:00,0.146,ALL_PURPOSE,123456789,"{""run_as"": {""email"": ""user18@example.com""}, ""actor_type"": ""user""}"
2026-02-09T03:00:00,2026-02-09T04:00:00,0.2079,ALL_PURPOSE,123456789,"{""run_as"": {""email"": ""user18@example.com""}, ""actor_type"": ""user""}"
2026-02-09T04:00:00,2026-02-09T05:00:00,0.1581,ALL_PURPOSE,123456789,"{""run_as"": {""email"": ""user18@example.com""}, ""actor_type"": ""user""}"
2026-02-09T05:00:00,2026-02-09T06:00:00,0.0579,ALL_PURPOSE,123456789,"{""run_as"": {""email"": ""user18@example.com""}, ""actor_type"": ""user""}"
2026-02-09T06:00:00,2026-02-09T07:00:00,0.1999,ALL_PURPOSE,123456789,"{""run_as"": {""email"": ""user18@example.com""}, ""actor_type"": ""user""}"
2026-02-09T07:00:00,2026-02-09T08:00:00,0.0,ALL_PURPOSE,123456789,"{""run_as"": {""email"": ""user18@example.com""}, ""actor_type"": ""user""}"
2026-02-09T08:00:00,2026-02-09T09:00:00,0.2661,ALL_PURPOSE,123456789,"{""run_as"": {""email"": ""user18@example.com""}, ""actor_type"": ""user""}"
2026-02-09T09:00:00,2026-02-09T10:00:00,0.2812,ALL_PURPOSE,123456789,"{""run_as"": {""email"": ""user18@example.com""}, ""actor_type"": ""user""}"
2026-02-09T10:00:00,2026-02-09T11:00:00,0.1236,ALL_PURPOSE,123456789,"{""run_as"": {""email"": ""user18@example.com""}, ""actor_type"": ""user""}"
2026-02-09T11:00:00,2026-02-09T12:00:00,0.0494,ALL_PURPOSE,123456789,"{""run_as"": {""email"": ""user18@example.com""}, ""actor_type"": ""user""}"
2026-02-09T12:00:00,2026-02-09T13:00:00,0.2826,ALL_PURPOSE,123456789,"{""run_as"": {""email"": ""user18@example.com""}, ""actor_type"": ""user""}"
2026-02-09T13:00:00,2026-02-09T14:00:00,0.3315,ALL_PURPOSE,123456789,"{""run_as"": {""email"": ""user18@example.com""}, ""actor_type"": ""user""}"
2026-02-09T14:00:00,2026-02-09T15:00:00,0.2817,ALL_PURPOSE,123456789,"{""run_as"": {""email"": ""user18@example.com""}, ""actor_type"": ""user""}"
2026-02-09T15:00:00,2026-02-09T16:00:00,0.3925,ALL_PURPOSE,123456789,"{""run_as"": {""email"": ""user18@example.com""}, ""actor_type"": ""user""}"
2026-02-09T16:00:00,2026-02-09T17:00:00,0.3312,ALL_PURPOSE,123456789,"{""run_as"": {""email"": ""user18@example.com""}, ""actor_type"": ""user""}"
2026-02-09T17:00:00,2026-02-09T18:00:00,0.2931,ALL_PURPOSE,123456789,"{""run_as"": {""email"": ""user18@example.com""}, ""actor_type"": ""user""}"
2026-02-09T18:00:00,2026-02-09T19:00:00,0.0,ALL_PURPOSE,123456789,"{""run_as"": {""email"": ""user18@example.com""}, ""actor_type"": ""user""}"
2026-02-09T19:00:00,2026-02-09T20:00:00,0.3462,ALL_PURPOSE,123456789,"{""run_as"": {""email"": ""user18@example.com""}, ""actor_type"": ""user""}"
2026-02-09T20:00:00,2026-02-09T21:00:00,0.195,ALL_PURPOSE,123456789,"{""run_as"": {""email"": ""user18@example.com""}, ""actor_type"": ""user""}"
2026-02-02T21:00:00,2026-02-02T22:00:00,0.3938,ALL_PURPOSE,123456789,"{""run_as"": {""email"": ""user19@example.com""}, ""actor_type"": ""user""}"
2026-02-02T22:00:00,2026-02-02T23:00:00,0.3394,ALL_PURPOSE,123456789,"{""run_as"": {""email"": ""user19@example.com""}, ""actor_type"": ""user""}"
2026-02-02T23:00:00,2026-02-03T00:00:00,0.135,ALL_PURPOSE,123456789,"{""run_as"": {""email"": ""user19@example.com""}, ""actor_type"": ""user""}"
2026-02-03T00:00:00,2026-02-03T01:00:00,0.3031,ALL_PURPOSE,123456789,"{""run_as"": {""email"": ""user19@example.com""}, ""actor_type"": ""user""}"
2026-02-03T01:00:00,2026-02-03T02:00:00,0.1132,ALL_PURPOSE,123456789,"{""run_as"": {""email"": ""user19@example.com""}, ""actor_type"": ""user""}"
2026-02-03T02:00:00,2026-02-03T03:00:00,0.0,ALL_PURPOSE,123456789,"{""run_as"": {""email"": ""user19@example.com""}, ""actor_type"": ""user""}"
2026-02-03T03:00:00,2026-02-03T04:00:00,0.3009,ALL_PURPOSE,123456789,"{""run_as"": {""email"": ""user19@example.com""}, ""actor_type"": ""user""}"
2026-02-03T04:00:00,2026-02-03T05:00:00,0.3399,ALL_PURPOSE,123456789,"{""run_as"": {""email"": ""user19@example.com""}, ""actor_type"": ""user""}"
2026-02-03T05:00:00,2026-02-03T06:00:00,0.6526,ALL_PURPOSE,123456789,"{""run_as"": {""email"": ""user19@example.com""}, ""actor_type"": ""user""}"
2026-02-03T06:00:00,2026-02-03T07:00:00,0.0579,ALL_PURPOSE,123456789,"{""run_as"": {""email"": ""user19@example.com""}, ""actor_type"": ""user""}"
2026-02-03T07:00:00,2026-02-03T08:00:00,0.2994,ALL_PURPOSE,123456789,"{""run_as"": {""email"": ""user19@example.com""}, ""actor_type"": ""user""}"
2026-02-03T08:00:00,2026-02-03T09:00:00,0.0037,ALL_PURPOSE,123456789,"{""run_as"": {""email"": ""user19@example.com""}, ""actor_type"": ""user""}"
2026-02-03T09:00:00,2026-02-03T10:00:00,0.2303,ALL_PURPOSE,123456789,"{""run_as"": {""email"": ""user19@example.com""}, ""actor_type"": ""user""}"
2026-02-03T10:00:00,2026-02-03T11:00:00,0.0,ALL_PURPOSE,123456789,"{""run_as"": {""email"": ""user19@example.com""}, ""actor_type"": ""user""}"
2026-02-03T11:00:00,2026-02-03T12:00:00,0.3802,ALL_PURPOSE,123456789,"{""run_as"": {""email"": ""user19@example.com""}, ""actor_type"": ""user""}"
2026-02-03T12:00:00,2026-02-03T13:00:00,0.3367,ALL_PURPOSE,123456789,"{""run_as"": {""email"": ""user19@example.com""}, ""actor_type"": ""user""}"
2026-02-03T13:00:00,2026-02-03T14:00:00,0.0384,ALL_PURPOSE,123456789,"{""run_as"": {""email"": ""user19@example.com""}, ""actor_type"": ""user""}"
2026-02-03T14:00:00,2026-02-03T15:00:00,0.0,ALL_PURPOSE,123456789,"{""run_as"": {""email"": ""user19@example.com""}, ""actor_type"": ""user""}"
2026-02-03T15:00:00,2026-02-03T16:00:00,0.3921,ALL_PURPOSE,123456789,"{""run_as"": {""email"": ""user19@example.com""}, ""actor_type"": ""user""}"
2026-02-03T16:00:00,2026-02-03T17:00:00,0.2374,ALL_PURPOSE,123456789,"{""run_as"": {""email"": ""user19@example.com""}, ""actor_type"": ""user""}"
2026-02-03T17:00:00,2026-02-03T18:00:00,0.2508,ALL_PURPOSE,123456789,"{""run_as"": {""email"": ""user19@example.com""}, ""actor_type"": ""user""}"
2026-02-03T18:00:00,2026-02-03T19:00:00,0.0136,ALL_PURPOSE,123456789,"{""run_as"": {""email"": ""user19@example.com""}, ""actor_type"": ""user""}"
2026-02-03T19:00:00,2026-02-03T20:00:00,0.1955,ALL_PURPOSE,123456789,"{""run_as"": {""email"": ""user19@example.com""}, ""actor_type"": ""user""}"
2026-02-03T20:00:00,2026-02-03T21:00:00,0.3818,ALL_PURPOSE,123456789,"{""run_as"": {""email"": ""user19@example.com""}, ""actor_type"": ""user""}"
2026-02-03T21:00:00,2026-02-03T22:00:00,0.1501,ALL_PURPOSE,123456789,"{""run_as"": {""email"": ""user19@example.com""}, ""actor_type"": ""user""}"
2026-02-03T22:00:00,2026-02-03T23:00:00,0.3181,ALL_PURPOSE,123456789,"{""run_as"": {""email"": ""user19@example.com""}, ""actor_type"": ""user""}"
2026-02-03T23:00:00,2026-02-04T00:00:00,0.346,ALL_PURPOSE,123456789,"{""run_as"": {""email"": ""user19@example.com""}, ""actor_type"": ""user""}"
2026-02-04T00:00:00,2026-02-04T01:00:00,0.0,ALL_PURPOSE,123456789,"{""run_as"": {""email"": ""user19@example.com""}, ""actor_type"": ""user""}"
2026-02-04T01:00:00,2026-02-04T02:00:00,0.0331,ALL_PURPOSE,123456789,"{""run_as"": {""email"": ""user19@example.com""}, ""actor_type"": ""user""}"
2026-02-04T02:00:00,2026-02-04T03:00:00,0.705,ALL_PURPOSE,123456789,"{""run_as"": {""email"": ""user19@example.com""}, ""actor_type"": ""user""}"
2026-02-04T03:00:00,2026-02-04T04:00:00,0.1095,ALL_PURPOSE,123456789,"{""run_as"": {""email"": ""user19@example.com""}, ""actor_type"": ""user""}"
2026-02-04T04:00:00,2026-02-04T05:00:00,0.0724,ALL_PURPOSE,123456789,"{""run_as"": {""email"": ""user19@example.com""}, ""actor_type"": ""user""}"
2026-02-04T05:00:00,2026-02-04T06:00:00,0.0,ALL_PURPOSE,123456789,"{""run_as"": {""email"": ""user19@example.com""}, ""actor_type"": ""user""}"
2026-02-04T06:00:00,2026-02-04T07:00:00,0.0254,ALL_PURPOSE,123456789,"{""run_as"": {""email"": ""user19@example.com""}, ""actor_type"": ""user""}"
2026-02-04T07:00:00,2026-02-04T08:00:00,0.3181,ALL_PURPOSE,123456789,"{""run_as"": {""email"": ""user19@example.com""}, ""actor_type"": ""user""}"
2026-02-04T08:00:00,2026-02-04T09:00:00,0.0,ALL_PURPOSE,123456789,"{""run_as"": {""email"": ""user19@example.com""}, ""actor_type"": ""user""}"
2026-02-04T09:00:00,2026-02-04T10:00:00,0.2224,ALL_PURPOSE,123456789,"{""run_as"": {""email"": ""user19@example.com""}, ""actor_type"": ""user""}"
2026-02-04T10:00:00,2026-02-04T11:00:00,0.3249,ALL_PURPOSE,123456789,"{""run_as"": {""email"": ""user19@example.com""}, ""actor_type"": ""user""}"
2026-02-04T11:00:00,2026-02-04T12:00:00,0.2076,ALL_PURPOSE,123456789,"{""run_as"": {""email"": ""user19@example.com""}, ""actor_type"": ""user""}"
2026-02-04T12:00:00,2026-02-04T13:00:00,0.2855,ALL_PURPOSE,123456789,"{""run_as"": {""email"": ""user19@example.com""}, ""actor_type"": ""user""}"
2026-02-04T13:00:00,2026-02-04T14:00:00,0.0496,ALL_PURPOSE,123456789,"{""run_as"": {""email"": ""user19@example.com""}, ""actor_type"": ""user""}"
2026-02-04T14:00:00,2026-02-04T15:00:00,0.3863,ALL_PURPOSE,123456789,"{""run_as"": {""email"": ""user19@example.com""}, ""actor_type"": ""user""}"
2026-02-04T15:00:00,2026-02-04T16:00:00,0.0723,ALL_PURPOSE,123456789,"{""run_as"": {""email"": ""user19@example.com""}, ""actor_type"": ""user""}"
2026-02-04T16:00:00,2026-02-04T17:00:00,0.072,ALL_PURPOSE,123456789,"{""run_as"": {""email"": ""user19@example.com""}, ""actor_type"": ""user""}"
2026-02-04T17:00:00,2026-02-04T18:00:00,0.0,ALL_PURPOSE,123456789,"{""run_as"": {""email"": ""user19@example.com""}, ""actor_type"": ""user""}"
2026-02-04T18:00:00,2026-02-04T19:00:00,0.0515,ALL_PURPOSE,123456789,"{""run_as"": {""email"": ""user19@example.com""}, ""actor_type"": ""user""}"
2026-02-04T19:00:00,2026-02-04T20:00:00,0.0645,ALL_PURPOSE,123456789,"{""run_as"": {""email"": ""user19@example.com""}, ""actor_type"": ""user""}"
2026-02-04T20:00:00,2026-02-04T21:00:00,0.0,ALL_PURPOSE,123456789,"{""run_as"": {""email"": ""user19@example.com""}, ""actor_type"": ""user""}"
2026-02-04T21:00:00,2026-02-04T22:00:00,0.392,ALL_PURPOSE,123456789,"{""run_as"": {""email"": ""user19@example.com""}, ""actor_type"": ""user""}"
2026-02-04T22:00:00,2026-02-04T23:00:00,0.1454,ALL_PURPOSE,123456789,"{""run_as"": {""email"": ""user19@example.com""}, ""actor_type"": ""user""}"
2026-02-04T23:00:00,2026-02-05T00:00:00,0.6885,ALL_PURPOSE,123456789,"{""run_as"": {""email"": ""user19@example.com""}, ""actor_type"": ""user""}"
2026-02-05T00:00:00,2026-02-05T01:00:00,0.2078,ALL_PURPOSE,123456789,"{""run_as"": {""email"": ""user19@example.com""}, ""actor_type"": ""user""}"
2026-02-05T01:00:00,2026-02-05T02:00:00,0.178,ALL_PURPOSE,123456789,"{""run_as"": {""email"": ""user19@example.com""}, ""actor_type"": ""user""}"
2026-02-05T02:00:00,2026-02-05T03:00:00,0.2091,ALL_PURPOSE,123456789,"{""run_as"": {""email"": ""user19@example.com""}, ""actor_type"": ""user""}"
2026-02-05T03:00:00,2026-02-05T04:00:00,0.3846,ALL_PURPOSE,123456789,"{""run_as"": {""email"": ""user19@example.com""}, ""actor_type"": ""user""}"
2026-02-05T04:00:00,2026-02-05T05:00:00,0.4046,ALL_PURPOSE,123456789,"{""run_as"": {""email"": ""user19@example.com""}, ""actor_type"": ""user""}"
2026-02-05T05:00:00,2026-02-05T06:00:00,0.383,ALL_PURPOSE,123456789,"{""run_as"": {""email"": ""user19@example.com""}, ""actor_type"": ""user""}"
2026-02-05T06:00:00,2026-02-05T07:00:00,0.0,ALL_PURPOSE,123456789,"{""run_as"": {""email"": ""user19@example.com""}, ""actor_type"": ""user""}"
2026-02-05T07:00:00,2026-02-05T08:00:00,0.0,ALL_PURPOSE,123456789,"{""run_as"": {""email"": ""user19@example.com""}, ""actor_type"": ""user""}"
2026-02-05T08:00:00,2026-02-05T09:00:00,0.102,ALL_PURPOSE,123456789,"{""run_as"": {""email"": ""user19@example.com""}, ""actor_type"": ""user""}"
2026-02-05T09:00:00,2026-02-05T10:00:00,0.3615,ALL_PURPOSE,123456789,"{""run_as"": {""email"": ""user19@example.com""}, ""actor_type"": ""user""}"
2026-02-05T10:00:00,2026-02-05T11:00:00,0.0333,ALL_PURPOSE,123456789,"{""run_as"": {""email"": ""user19@example.com""}, ""actor_type"": ""user""}"
2026-02-05T11:00:00,2026-02-05T12:00:00,0.1701,ALL_PURPOSE,123456789,"{""run_as"": {""email"": ""user19@example.com""}, ""actor_type"": ""user""}"
2026-02-05T12:00:00,2026-02-05T13:00:00,0.0,ALL_PURPOSE,123456789,"{""run_as"": {""email"": ""user19@example.com""}, ""actor_type"": ""user""}"
2026-02-05T13:00:00,2026-02-05T14:00:00,0.2931,ALL_PURPOSE,123456789,"{""run_as"": {""email"": ""user19@example.com""}, ""actor_type"": ""user""}"
2026-02-05T14:00:00,2026-02-05T15:00:00,0.2787,ALL_PURPOSE,123456789,"{""run_as"": {""email"": ""user19@example.com""}, ""actor_type"": ""user""}"
2026-02-05T15:00:00,2026-02-05T16:00:00,0.1489,ALL_PURPOSE,123456789,"{""run_as"": {""email"": ""user19@example.com""}, ""actor_type"": ""user""}"
2026-02-05T16:00:00,2026-02-05T17:00:00,0.3282,ALL_PURPOSE,123456789,"{""run_as"": {""email"": ""user19@example.com""}, ""actor_type"": ""user""}"
2026-02-05T17:00:00,2026-02-05T18:00:00,0.1679,ALL_PURPOSE,123456789,"{""run_as"": {""email"": ""user19@example.com""}, ""actor_type"": ""user""}"
2026-02-05T18:00:00,2026-02-05T19:00:00,0.397,ALL_PURPOSE,123456789,"{""run_as"": {""email"": ""user19@example.com""}, ""actor_type"": ""user""}"
2026-02-05T19:00:00,2026-02-05T20:00:00,0.0104,ALL_PURPOSE,123456789,"{""run_as"": {""email"": ""user19@example.com""}, ""actor_type"": ""user""}"
2026-02-05T20:00:00,2026-02-05T21:00:00,0.0,ALL_PURPOSE,123456789,"{""run_as"": {""email"": ""user19@example.com""}, ""actor_type"": ""user""}"
2026-02-05T21:00:00,2026-02-05T22:00:00,0.044,ALL_PURPOSE,123456789,"{""run_as"": {""email"": ""user19@example.com""}, ""actor_type"": ""user""}"
2026-02-05T22:00:00,2026-02-05T23:00:00,0.0264,ALL_PURPOSE,123456789,"{""run_as"": {""email"": ""user19@example.com""}, ""actor_type"": ""user""}"
2026-02-05T23:00:00,2026-02-06T00:00:00,0.8416,ALL_PURPOSE,123456789,"{""run_as"": {""email"": ""user19@example.com""}, ""actor_type"": ""user""}"
2026-02-06T00:00:00,2026-02-06T01:00:00,0.0039,ALL_PURPOSE,123456789,"{""run_as"": {""email"": ""user19@example.com""}, ""actor_type"": ""user""}"
2026-02-06T01:00:00,2026-02-06T02:00:00,0.8994,ALL_PURPOSE,123456789,"{""run_as"": {""email"": ""user19@example.com""}, ""actor_type"": ""user""}"
2026-02-06T02:00:00,2026-02-06T03:00:00,0.9663,ALL_PURPOSE,123456789,"{""run_as"": {""email"": ""user19@example.com""}, ""actor_type"": ""user""}"
2026-02-06T03:00:00,2026-02-06T04:00:00,0.2116,ALL_PURPOSE,123456789,"{""run_as"": {""email"": ""user19@example.com""}, ""actor_type"": ""user""}"
2026-02-06T04:00:00,2026-02-06T05:00:00,0.2206,ALL_PURPOSE,123456789,"{""run_as"": {""email"": ""user19@example.com""}, ""actor_type"": ""user""}"
2026-02-06T05:00:00,2026-02-06T06:00:00,0.0683,ALL_PURPOSE,123456789,"{""run_as"": {""email"": ""user19@example.com""}, ""actor_type"": ""user""}"
2026-02-06T06:00:00,2026-02-06T07:00:00,0.1381,ALL_PURPOSE,123456789,"{""run_as"": {""email"": ""user19@example.com""}, ""actor_type"": ""user""}"
2026-02-06T07:00:00,2026-02-06T08:00:00,0.3872,ALL_PURPOSE,123456789,"{""run_as"": {""email"": ""user19@example.com""}, ""actor_type"": ""user""}"
2026-02-06T08:00:00,2026-02-06T09:00:00,0.2378,ALL_PURPOSE,123456789,"{""run_as"": {""email"": ""user19@example.com""}, ""actor_type"": ""user""}"
2026-02-06T09:00:00,2026-02-06T10:00:00,0.0,ALL_PURPOSE,123456789,"{""run_as"": {""email"": ""user19@example.com""}, ""actor_type"": ""user""}"
2026-02-06T10:00:00,2026-02-06T11:00:00,0.0038,ALL_PURPOSE,123456789,"{""run_as"": {""email"": ""user19@example.com""}, ""actor_type"": ""user""}"
2026-02-06T11:00:00,2026-02-06T12:00:00,0.0,ALL_PURPOSE,123456789,"{""run_as"": {""email"": ""user19@example.com""}, ""actor_type"": ""user""}"
2026-02-06T12:00:00,2026-02-06T13:00:00,0.1515,ALL_PURPOSE,123456789,"{""run_as"": {""email"": ""user19@example.com""}, ""actor_type"": ""user""}"
2026-02-06T13:00:00,2026-02-06T14:00:00,0.0211,ALL_PURPOSE,123456789,"{""run_as"": {""email"": ""user19@example.com""}, ""actor_type"": ""user""}"
2026-02-06T14:00:00,2026-02-06T15:00:00,0.3898,ALL_PURPOSE,123456789,"{""run_as"": {""email"": ""user19@example.com""}, ""actor_type"": ""user""}"
2026-02-06T15:00:00,2026-02-06T16:00:00,0.0996,ALL_PURPOSE,123456789,"{""run_as"": {""email"": ""user19@example.com""}, ""actor_type"": ""user""}"
2026-02-06T16:00:00,2026-02-06T17:00:00,0.2827,ALL_PURPOSE,123456789,"{""run_as"": {""email"": ""user19@example.com""}, ""actor_type"": ""user""}"
2026-02-06T17:00:00,2026-02-06T18:00:00,0.3945,ALL_PURPOSE,123456789,"{""run_as"": {""email"": ""user19@example.com""}, ""actor_type"": ""user""}"
2026-02-06T18:00:00,2026-02-06T19:00:00,0.2009,ALL_PURPOSE,123456789,"{""run_as"": {""email"": ""user19@example.com""}, ""actor_type"": ""user""}"
2026-02-06T19:00:00,2026-02-06T20:00:00,0.1711,ALL_PURPOSE,123456789,"{""run_as"": {""email"": ""user19@example.com""}, ""actor_type"": ""user""}"
2026-02-06T20:00:00,2026-02-06T21:00:00,0.3526,ALL_PURPOSE,123456789,"{""run_as"": {""email"": ""user19@example.com""}, ""actor_type"": ""user""}"
2026-02-06T21:00:00,2026-02-06T22:00:00,0.1221,ALL_PURPOSE,123456789,"{""run_as"": {""email"": ""user19@example.com""}, ""actor_type"": ""user""}"
2026-02-06T22:00:00,2026-02-06T23:00:00,0.379,ALL_PURPOSE,123456789,"{""run_as"": {""email"": ""user19@example.com""}, ""actor_type"": ""user""}"
2026-02-06T23:00:00,2026-02-07T00:00:00,0.647,ALL_PURPOSE,123456789,"{""run_as"": {""email"": ""user19@example.com""}, ""actor_type"": ""user""}"
2026-02-07T00:00:00,2026-02-07T01:00:00,0.6864,ALL_PURPOSE,123456789,"{""run_as"": {""email"": ""user19@example.com""}, ""actor_type"": ""user""}"
2026-02-07T01:00:00,2026-02-07T02:00:00,0.1971,ALL_PURPOSE,123456789,"{""run_as"": {""email"": ""user19@example.com""}, ""actor_type"": ""user""}"
2026-02-07T02:00:00,2026-02-07T03:00:00,0.1696,ALL_PURPOSE,123456789,"{""run_as"": {""email"": ""user19@example.com""}, ""actor_type"": ""user""}"
2026-02-07T03:00:00,2026-02-07T04:00:00,0.1919,ALL_PURPOSE,123456789,"{""run_as"": {""email"": ""user19@example.com""}, ""actor_type"": ""user""}"
2026-02-07T04:00:00,2026-02-07T05:00:00,0.3552,ALL_PURPOSE,123456789,"{""run_as"": {""email"": ""user19@example.com""}, ""actor_type"": ""user""}"
2026-02-07T05:00:00,2026-02-07T06:00:00,0.2465,ALL_PURPOSE,123456789,"{""run_as"": {""email"": ""user19@example.com""}, ""actor_type"": ""user""}"
2026-02-07T06:00:00,2026-02-07T07:00:00,0.2857,ALL_PURPOSE,123456789,"{""run_as"": {""email"": ""user19@example.com""}, ""actor_type"": ""user""}"
2026-02-07T07:00:00,2026-02-07T08:00:00,0.2999,ALL_PURPOSE,123456789,"{""run_as"": {""email"": ""user19@example.com""}, ""actor_type"": ""user""}"
2026-02-07T08:00:00,2026-02-07T09:00:00,0.2956,ALL_PURPOSE,123456789,"{""run_as"": {""email"": ""user19@example.com""}, ""actor_type"": ""user""}"
2026-02-07T09:00:00,2026-02-07T10:00:00,0.3293,ALL_PURPOSE,123456789,"{""run_as"": {""email"": ""user19@example.com""}, ""actor_type"": ""user""}"
2026-02-07T10:00:00,2026-02-07T11:00:00,0.2112,ALL_PURPOSE,123456789,"{""run_as"": {""email"": ""user19@example.com""}, ""actor_type"": ""user""}"
2026-02-07T11:00:00,2026-02-07T12:00:00,0.2429,ALL_PURPOSE,123456789,"{""run_as"": {""email"": ""user19@example.com""}, ""actor_type"": ""user""}"
2026-02-07T12:00:00,2026-02-07T13:00:00,0.2698,ALL_PURPOSE,123456789,"{""run_as"": {""email"": ""user19@example.com""}, ""actor_type"": ""user""}"
2026-02-07T13:00:00,2026-02-07T14:00:00,0.2094,ALL_PURPOSE,123456789,"{""run_as"": {""email"": ""user19@example.com""}, ""actor_type"": ""user""}"
2026-02-07T14:00:00,2026-02-07T15:00:00,0.03,ALL_PURPOSE,123456789,"{""run_as"": {""email"": ""user19@example.com""}, ""actor_type"": ""user""}"
2026-02-07T15:00:00,2026-02-07T16:00:00,0.2055,ALL_PURPOSE,123456789,"{""run_as"": {""email"": ""user19@example.com""}, ""actor_type"": ""user""}"
2026-02-07T16:00:00,2026-02-07T17:00:00,0.1691,ALL_PURPOSE,123456789,"{""run_as"": {""email"": ""user19@example.com""}, ""actor_type"": ""user""}"
2026-02-07T17:00:00,2026-02-07T18:00:00,0.0,ALL_PURPOSE,123456789,"{""run_as"": {""email"": ""user19@example.com""}, ""actor_type"": ""user""}"
2026-02-07T18:00:00,2026-02-07T19:00:00,0.3656,ALL_PURPOSE,123456789,"{""run_as"": {""email"": ""user19@example.com""}, ""actor_type"": ""user""}"
2026-02-07T19:00:00,2026-02-07T20:00:00,0.2156,ALL_PURPOSE,123456789,"{""run_as"": {""email"": ""user19@example.com""}, ""actor_type"": ""user""}"
2026-02-07T20:00:00,2026-02-07T21:00:00,0.0471,ALL_PURPOSE,123456789,"{""run_as"": {""email"": ""user19@example.com""}, ""actor_type"": ""user""}"
2026-02-07T21:00:00,2026-02-07T22:00:00,0.1174,ALL_PURPOSE,123456789,"{""run_as"": {""email"": ""user19@example.com""}, ""actor_type"": ""user""}"
2026-02-07T22:00:00,2026-02-07T23:00:00,0.2952,ALL_PURPOSE,123456789,"{""run_as"": {""email"": ""user19@example.com""}, ""actor_type"": ""user""}"
2026-02-07T23:00:00,2026-02-08T00:00:00,0.1219,ALL_PURPOSE,123456789,"{""run_as"": {""email"": ""user19@example.com""}, ""actor_type"": ""user""}"
2026-02-08T00:00:00,2026-02-08T01:00:00,0.7544,ALL_PURPOSE,123456789,"{""run_as"": {""email"": ""user19@example.com""}, ""actor_type"": ""user""}"
2026-02-08T01:00:00,2026-02-08T02:00:00,0.1953,ALL_PURPOSE,123456789,"{""run_as"": {""email"": ""user19@example.com""}, ""actor_type"": ""user""}"
2026-02-08T02:00:00,2026-02-08T03:00:00,0.0,ALL_PURPOSE,123456789,"{""run_as"": {""email"": ""user19@example.com""}, ""actor_type"": ""user""}"
2026-02-08T03:00:00,2026-02-08T04:00:00,0.0,ALL_PURPOSE,123456789,"{""run_as"": {""email"": ""user19@example.com""}, ""actor_type"": ""user""}"
2026-02-08T04:00:00,2026-02-08T05:00:00,0.6568,ALL_PURPOSE,123456789,"{""run_as"": {""email"": ""user19@example.com""}, ""actor_type"": ""user""}"
2026-02-08T05:00:00,2026-02-08T06:00:00,0.0495,ALL_PURPOSE,123456789,"{""run_as"": {""email"": ""user19@example.com""}, ""actor_type"": ""user""}"
2026-02-08T06:00:00,2026-02-08T07:00:00,0.2627,ALL_PURPOSE,123456789,"{""run_as"": {""email"": ""user19@example.com""}, ""actor_type"": ""user""}"
2026-02-08T07:00:00,2026-02-08T08:00:00,0.1581,ALL_PURPOSE,123456789,"{""run_as"": {""email"": ""user19@example.com""}, ""actor_type"": ""user""}"
2026-02-08T08:00:00,2026-02-08T09:00:00,0.1713,ALL_PURPOSE,123456789,"{""run_as"": {""email"": ""user19@example.com""}, ""actor_type"": ""user""}"
2026-02-08T09:00:00,2026-02-08T10:00:00,0.0,ALL_PURPOSE,123456789,"{""run_as"": {""email"": ""user19@example.com""}, ""actor_type"": ""user""}"
2026-02-08T10:00:00,2026-02-08T11:00:00,0.1754,ALL_PURPOSE,123456789,"{""run_as"": {""email"": ""user19@example.com""}, ""actor_type"": ""user""}"
2026-02-08T11:00:00,2026-02-08T12:00:00,0.0647,ALL_PURPOSE,123456789,"{""run_as"": {""email"": ""user19@example.com""}, ""actor_type"": ""user""}"
2026-02-08T12:00:00,2026-02-08T13:00:00,0.1736,ALL_PURPOSE,123456789,"{""run_as"": {""email"": ""user19@example.com""}, ""actor_type"": ""user""}"
2026-02-08T13:00:00,2026-02-08T14:00:00,0.3482,ALL_PURPOSE,123456789,"{""run_as"": {""email"": ""user19@example.com""}, ""actor_type"": ""user""}"
2026-02-08T14:00:00,2026-02-08T15:00:00,0.0,ALL_PURPOSE,123456789,"{""run_as"": {""email"": ""user19@example.com""}, ""actor_type"": ""user""}"
2026-02-08T15:00:00,2026-02-08T16:00:00,0.1578,ALL_PURPOSE,123456789,"{""run_as"": {""email"": ""user19@example.com""}, ""actor_type"": ""user""}"
2026-02-08T16:00:00,2026-02-08T17:00:00,0.3604,ALL_PURPOSE,123456789,"{""run_as"": {""email"": ""user19@example.com""}, ""actor_type"": ""user""}"
2026-02-08T17:00:00,2026-02-08T18:00:00,0.0796,ALL_PURPOSE,123456789,"{""run_as"": {""email"": ""user19@example.com""}, ""actor_type"": ""user""}"
2026-02-08T18:00:00,2026-02-08T19:00:00,0.2661,ALL_PURPOSE,123456789,"{""run_as"": {""email"": ""user19@example.com""}, ""actor_type"": ""user""}"
2026-02-08T19:00:00,2026-02-08T20:00:00,0.1684,ALL_PURPOSE,123456789,"{""run_as"": {""email"": ""user19@example.com""}, ""actor_type"": ""user""}"
2026-02-08T20:00:00,2026-02-08T21:00:00,0.3199,ALL_PURPOSE,123456789,"{""run_as"": {""email"": ""user19@example.com""}, ""actor_type"": ""user""}"
2026-02-08T21:00:00,2026-02-08T22:00:00,0.13,ALL_PURPOSE,123456789,"{""run_as"": {""email"": ""user19@example.com""}, ""actor_type"": ""user""}"
2026-02-08T22:00:00,2026-02-08T23:00:00,0.3527,ALL_PURPOSE,123456789,"{""run_as"": {""email"": ""user19@example.com""}, ""actor_type"": ""user""}"
2026-02-08T23:00:00,2026-02-09T00:00:00,0.0,ALL_PURPOSE,123456789,"{""run_as"": {""email"": ""user19@example.com""}, ""actor_type"": ""user""}"
2026-02-09T00:00:00,2026-02-09T01:00:00,0.252,ALL_PURPOSE,123456789,"{""run_as"": {""email"": ""user19@example.com""}, ""actor_type"": ""user""}"
2026-02-09T01:00:00,2026-02-09T02:00:00,0.8818,ALL_PURPOSE,123456789,"{""run_as"": {""email"": ""user19@example.com""}, ""actor_type"": ""user""}"
2026-02-09T02:00:00,2026-02-09T03:00:00,0.3906,ALL_PURPOSE,123456789,"{""run_as"": {""email"": ""user19@example.com""}, ""actor_type"": ""user""}"
2026-02-09T03:00:00,2026-02-09T04:00:00,0.1158,ALL_PURPOSE,123456789,"{""run_as"": {""email"": ""user19@example.com""}, ""actor_type"": ""user""}"
2026-02-09T04:00:00,2026-02-09T05:00:00,0.557,ALL_PURPOSE,123456789,"{""run_as"": {""email"": ""user19@example.com""}, ""actor_type"": ""user""}"
2026-02-09T05:00:00,2026-02-09T06:00:00,0.3067,ALL_PURPOSE,123456789,"{""run_as"": {""email"": ""user19@example.com""}, ""actor_type"": ""user""}"
2026-02-09T06:00:00,2026-02-09T07:00:00,0.0989,ALL_PURPOSE,123456789,"{""run_as"": {""email"": ""user19@example.com""}, ""actor_type"": ""user""}"
2026-02-09T07:00:00,2026-02-09T08:00:00,0.0794,ALL_PURPOSE,123456789,"{""run_as"": {""email"": ""user19@example.com""}, ""actor_type"": ""user""}"
2026-02-09T08:00:00,2026-02-09T09:00:00,0.324,ALL_PURPOSE,123456789,"{""run_as"": {""email"": ""user19@example.com""}, ""actor_type"": ""user""}"
2026-02-09T09:00:00,2026-02-09T10:00:00,0.2009,ALL_PURPOSE,123456789,"{""run_as"": {""email"": ""user19@example.com""}, ""actor_type"": ""user""}"
2026-02-09T10:00:00,2026-02-09T11:00:00,0.397,ALL_PURPOSE,123456789,"{""run_as"": {""email"": ""user19@example.com""}, ""actor_type"": ""user""}"
2026-02-09T11:00:00,2026-02-09T12:00:00,0.2538,ALL_PURPOSE,123456789,"{""run_as"": {""email"": ""user19@example.com""}, ""actor_type"": ""user""}"
2026-02-09T12:00:00,2026-02-09T13:00:00,0.0,ALL_PURPOSE,123456789,"{""run_as"": {""email"": ""user19@example.com""}, ""actor_type"": ""user""}"
2026-02-09T13:00:00,2026-02-09T14:00:00,0.3962,ALL_PURPOSE,123456789,"{""run_as"": {""email"": ""user19@example.com""}, ""actor_type"": ""user""}"
2026-02-09T14:00:00,2026-02-09T15:00:00,0.1705,ALL_PURPOSE,123456789,"{""run_as"": {""email"": ""user19@example.com""}, ""actor_type"": ""user""}"
2026-02-09T15:00:00,2026-02-09T16:00:00,0.0,ALL_PURPOSE,123456789,"{""run_as"": {""email"": ""user19@example.com""}, ""actor_type"": ""user""}"
2026-02-09T16:00:00,2026-02-09T17:00:00,0.1629,ALL_PURPOSE,123456789,"{""run_as"": {""email"": ""user19@example.com""}, ""actor_type"": ""user""}"
2026-02-09T17:00:00,2026-02-09T18:00:00,0.2533,ALL_PURPOSE,123456789,"{""run_as"": {""email"": ""user19@example.com""}, ""actor_type"": ""user""}"
2026-02-09T18:00:00,2026-02-09T19:00:00,0.1345,ALL_PURPOSE,123456789,"{""run_as"": {""email"": ""user19@example.com""}, ""actor_type"": ""user""}"
2026-02-09T19:00:00,2026-02-09T20:00:00,0.2039,ALL_PURPOSE,123456789,"{""run_as"": {""email"": ""user19@example.com""}, ""actor_type"": ""user""}"
2026-02-09T20:00:00,2026-02-09T21:00:00,0.1217,ALL_PURPOSE,123456789,"{""run_as"": {""email"": ""user19@example.com""}, ""actor_type"": ""user""}"
